engine_id,cycle,rpm,cht,egt,rul
1,1,1400.6,641.82,1589.7,191.0
1,2,1403.14,642.15,1591.82,190.0
1,3,1404.2,642.35,1587.99,189.0
1,4,1401.87,642.35,1582.79,188.0
1,5,1406.22,642.37,1582.85,187.0
1,6,1398.37,642.1,1584.47,186.0
1,7,1397.77,642.48,1592.32,185.0
1,8,1400.97,642.56,1582.96,184.0
1,9,1394.8,642.12,1590.98,183.0
1,10,1400.46,641.71,1591.24,182.0
1,11,1400.64,642.28,1581.75,181.0
1,12,1400.15,642.06,1583.41,180.0
1,13,1400.83,643.07,1582.19,179.0
1,14,1399.16,642.35,1592.95,178.0
1,15,1402.13,642.43,1583.82,177.0
1,16,1404.5,642.13,1587.98,176.0
1,17,1399.95,642.58,1584.96,175.0
1,18,1396.12,642.62,1591.04,174.0
1,19,1400.35,641.79,1587.56,173.0
1,20,1405.23,643.04,1581.11,172.0
1,21,1398.13,642.37,1586.07,171.0
1,22,1400.57,642.77,1592.93,170.0
1,23,1394.75,642.14,1588.19,169.0
1,24,1398.81,642.38,1590.83,168.0
1,25,1399.39,642.77,1594.1,167.0
1,26,1396.07,642.16,1589.08,166.0
1,27,1401.84,642.44,1590.47,165.0
1,28,1399.13,642.35,1582.84,164.0
1,29,1400.99,641.91,1584.83,163.0
1,30,1396.08,642.2,1593.52,162.0
1,31,1396.9,642.02,1584.18,161.0
1,32,1400.36,642.33,1591.38,160.0
1,33,1402.43,642.71,1588.4,159.0
1,34,1400.48,642.54,1581.47,158.0
1,35,1403.0,642.44,1590.0,157.0
1,36,1405.54,642.54,1581.72,156.0
1,37,1398.9,641.99,1579.11,155.0
1,38,1399.5,641.93,1589.6,154.0
1,39,1400.69,642.01,1583.21,153.0
1,40,1401.77,642.24,1582.08,152.0
1,41,1403.21,642.4,1591.31,151.0
1,42,1401.38,642.12,1584.66,150.0
1,43,1406.05,642.24,1591.52,149.0
1,44,1401.2,641.93,1586.94,148.0
1,45,1399.16,642.53,1582.42,147.0
1,46,1401.27,642.43,1588.29,146.0
1,47,1402.89,642.21,1580.32,145.0
1,48,1399.16,641.89,1588.51,144.0
1,49,1397.76,642.23,1584.35,143.0
1,50,1403.62,642.77,1588.49,142.0
1,51,1400.42,642.81,1585.54,141.0
1,52,1395.57,642.76,1583.77,140.0
1,53,1402.26,642.61,1579.82,139.0
1,54,1401.2,642.42,1592.59,138.0
1,55,1401.58,642.41,1584.95,137.0
1,56,1400.76,642.49,1586.33,136.0
1,57,1402.79,642.13,1583.67,135.0
1,58,1397.99,641.9,1590.46,134.0
1,59,1403.51,642.33,1596.72,133.0
1,60,1403.07,642.34,1582.75,132.0
1,61,1405.52,642.1,1583.55,131.0
1,62,1399.54,642.17,1581.59,130.0
1,63,1395.38,642.6,1592.14,129.0
1,64,1400.11,642.23,1584.51,128.0
1,65,1403.24,642.28,1584.72,127.0
1,66,1399.52,642.5,1588.5,126.0
1,67,1403.02,642.33,1590.22,125.0
1,68,1404.42,642.51,1582.06,124.0
1,69,1401.24,642.44,1590.7,123.0
1,70,1402.78,642.22,1584.02,122.0
1,71,1403.09,642.21,1580.41,121.0
1,72,1406.81,642.41,1579.25,120.0
1,73,1397.93,642.29,1592.04,119.0
1,74,1401.48,642.96,1584.65,118.0
1,75,1394.82,641.96,1582.32,117.0
1,76,1398.94,642.21,1589.21,116.0
1,77,1400.97,642.55,1586.3,115.0
1,78,1404.1,641.99,1580.76,114.0
1,79,1403.93,642.12,1582.46,113.0
1,80,1393.58,641.94,1591.96,112.0
1,81,1402.04,642.73,1584.82,111.0
1,82,1399.17,642.04,1589.07,110.0
1,83,1406.38,642.66,1588.05,109.0
1,84,1406.6,642.64,1585.52,108.0
1,85,1405.96,642.28,1590.12,107.0
1,86,1403.56,641.84,1588.8,106.0
1,87,1413.1,642.33,1586.69,105.0
1,88,1406.09,641.96,1581.29,104.0
1,89,1402.22,642.24,1584.73,103.0
1,90,1412.93,642.67,1584.38,102.0
1,91,1404.76,641.98,1584.84,101.0
1,92,1400.77,642.89,1590.03,100.0
1,93,1408.48,642.85,1593.74,99.0
1,94,1404.94,642.45,1583.27,98.0
1,95,1410.1,642.86,1577.6,97.0
1,96,1395.16,642.19,1584.07,96.0
1,97,1407.81,642.07,1595.77,95.0
1,98,1404.56,642.0,1591.11,94.0
1,99,1406.13,642.46,1592.73,93.0
1,100,1411.35,642.22,1589.63,92.0
1,101,1403.41,642.75,1584.18,91.0
1,102,1403.42,642.85,1589.11,90.0
1,103,1403.21,642.21,1581.27,89.0
1,104,1406.25,642.29,1590.63,88.0
1,105,1403.22,642.01,1588.28,87.0
1,106,1404.45,642.68,1589.05,86.0
1,107,1407.73,642.53,1595.13,85.0
1,108,1399.47,643.49,1585.91,84.0
1,109,1409.1,642.49,1586.45,83.0
1,110,1401.27,642.55,1590.01,82.0
1,111,1408.11,642.67,1584.38,81.0
1,112,1401.84,642.66,1586.46,80.0
1,113,1406.59,642.68,1590.85,79.0
1,114,1402.97,642.31,1588.42,78.0
1,115,1406.6,642.66,1594.84,77.0
1,116,1401.99,642.64,1580.31,76.0
1,117,1409.35,642.38,1589.77,75.0
1,118,1409.34,642.34,1585.67,74.0
1,119,1404.46,642.67,1596.8,73.0
1,120,1407.68,642.81,1593.78,72.0
1,121,1411.9,642.63,1593.56,71.0
1,122,1413.97,643.3,1593.68,70.0
1,123,1403.04,643.39,1586.66,69.0
1,124,1402.28,642.48,1587.14,68.0
1,125,1406.42,642.96,1585.47,67.0
1,126,1418.5,642.49,1582.64,66.0
1,127,1399.49,642.99,1586.9,65.0
1,128,1407.06,642.47,1593.87,64.0
1,129,1408.42,642.41,1591.33,63.0
1,130,1412.25,642.7,1585.9,62.0
1,131,1413.25,643.01,1585.78,61.0
1,132,1405.76,643.19,1596.06,60.0
1,133,1410.11,642.45,1592.64,59.0
1,134,1402.67,642.85,1583.62,58.0
1,135,1406.83,642.45,1585.55,57.0
1,136,1404.39,642.84,1584.72,56.0
1,137,1405.15,642.43,1594.69,55.0
1,138,1413.34,642.79,1589.82,54.0
1,139,1412.6,643.11,1592.28,53.0
1,140,1408.36,643.05,1590.89,52.0
1,141,1415.25,642.39,1590.02,51.0
1,142,1413.42,642.51,1595.29,50.0
1,143,1404.21,642.77,1593.1,49.0
1,144,1405.76,643.09,1591.89,48.0
1,145,1409.63,642.95,1594.92,47.0
1,146,1408.82,642.72,1586.75,46.0
1,147,1409.96,642.25,1594.85,45.0
1,148,1411.89,643.02,1590.03,44.0
1,149,1410.7,642.9,1592.78,43.0
1,150,1409.22,643.06,1589.01,42.0
1,151,1411.94,642.82,1592.39,41.0
1,152,1420.83,642.67,1598.6,40.0
1,153,1414.56,642.99,1589.17,39.0
1,154,1416.07,642.81,1597.03,38.0
1,155,1414.89,642.83,1590.4,37.0
1,156,1421.23,643.04,1585.61,36.0
1,157,1412.47,642.2,1598.04,35.0
1,158,1410.09,642.88,1596.82,34.0
1,159,1420.37,642.89,1589.54,33.0
1,160,1418.08,643.45,1590.65,32.0
1,161,1417.31,643.0,1594.2,31.0
1,162,1423.48,643.15,1592.22,30.0
1,163,1421.09,642.85,1600.54,29.0
1,164,1416.76,643.17,1598.96,28.0
1,165,1408.09,642.76,1597.03,27.0
1,166,1422.37,643.34,1596.72,26.0
1,167,1414.72,643.02,1593.83,25.0
1,168,1415.7,642.68,1591.19,24.0
1,169,1418.05,643.2,1590.16,23.0
1,170,1417.41,642.92,1592.71,22.0
1,171,1414.99,643.26,1592.06,21.0
1,172,1413.73,643.33,1591.71,20.0
1,173,1425.27,642.97,1590.69,19.0
1,174,1422.58,642.64,1599.81,18.0
1,175,1422.52,643.61,1603.29,17.0
1,176,1422.73,642.86,1592.27,16.0
1,177,1423.99,643.79,1602.02,15.0
1,178,1424.65,643.38,1605.33,14.0
1,179,1429.45,642.86,1592.56,13.0
1,180,1417.14,643.58,1599.87,12.0
1,181,1420.64,643.44,1596.71,11.0
1,182,1426.62,644.21,1602.08,10.0
1,183,1419.03,643.24,1597.23,9.0
1,184,1432.52,644.07,1605.44,8.0
1,185,1424.4,643.8,1603.46,7.0
1,186,1426.3,643.51,1595.16,6.0
1,187,1427.27,643.32,1592.1,5.0
1,188,1422.78,643.75,1602.38,4.0
1,189,1428.01,644.18,1596.17,3.0
1,190,1425.95,643.64,1599.22,2.0
1,191,1425.77,643.34,1602.36,1.0
1,192,1427.2,643.54,1601.41,0.0
2,1,1391.28,641.89,1583.84,286.0
2,2,1393.13,641.82,1587.05,285.0
2,3,1398.96,641.55,1588.32,284.0
2,4,1396.08,641.68,1584.15,283.0
2,5,1402.52,641.73,1579.03,282.0
2,6,1396.76,641.3,1577.5,281.0
2,7,1400.65,642.03,1587.49,280.0
2,8,1395.39,642.55,1590.41,279.0
2,9,1395.01,641.98,1581.99,278.0
2,10,1394.86,641.99,1586.37,277.0
2,11,1401.29,642.26,1589.21,276.0
2,12,1401.9,641.64,1579.99,275.0
2,13,1401.53,641.78,1586.77,274.0
2,14,1395.46,641.66,1584.04,273.0
2,15,1402.11,642.21,1579.84,272.0
2,16,1393.46,641.81,1581.99,271.0
2,17,1390.27,642.43,1583.58,270.0
2,18,1400.25,641.95,1588.43,269.0
2,19,1401.77,641.75,1576.84,268.0
2,20,1394.38,642.34,1582.94,267.0
2,21,1392.28,642.05,1579.51,266.0
2,22,1397.67,642.16,1580.18,265.0
2,23,1387.5,642.37,1580.89,264.0
2,24,1398.67,641.99,1580.97,263.0
2,25,1396.62,641.81,1585.38,262.0
2,26,1392.3,641.87,1575.38,261.0
2,27,1402.31,642.12,1585.44,260.0
2,28,1397.45,642.04,1581.6,259.0
2,29,1398.08,642.08,1583.78,258.0
2,30,1395.07,641.78,1590.32,257.0
2,31,1390.94,641.97,1579.86,256.0
2,32,1391.11,641.58,1584.52,255.0
2,33,1396.15,641.79,1585.17,254.0
2,34,1394.24,642.12,1584.08,253.0
2,35,1392.55,641.37,1575.73,252.0
2,36,1397.13,641.27,1581.56,251.0
2,37,1396.29,642.1,1585.63,250.0
2,38,1397.75,642.22,1585.15,249.0
2,39,1391.49,642.0,1585.69,248.0
2,40,1398.38,642.02,1582.69,247.0
2,41,1398.74,642.41,1578.97,246.0
2,42,1392.13,642.27,1579.21,245.0
2,43,1391.6,642.02,1580.59,244.0
2,44,1398.69,642.01,1584.33,243.0
2,45,1397.6,642.05,1586.41,242.0
2,46,1392.6,642.15,1575.45,241.0
2,47,1396.46,642.4,1583.85,240.0
2,48,1397.95,642.09,1586.71,239.0
2,49,1396.5,642.85,1583.86,238.0
2,50,1399.78,642.02,1577.86,237.0
2,51,1393.06,642.03,1585.34,236.0
2,52,1401.66,641.52,1588.48,235.0
2,53,1397.09,642.0,1584.9,234.0
2,54,1405.33,641.58,1583.46,233.0
2,55,1387.16,642.33,1585.59,232.0
2,56,1388.97,641.84,1587.04,231.0
2,57,1389.62,642.5,1584.13,230.0
2,58,1389.91,642.3,1582.93,229.0
2,59,1397.95,642.48,1584.24,228.0
2,60,1396.84,642.09,1584.57,227.0
2,61,1399.71,642.41,1585.45,226.0
2,62,1401.66,641.81,1577.87,225.0
2,63,1395.05,641.91,1575.83,224.0
2,64,1401.46,641.66,1581.65,223.0
2,65,1395.4,641.7,1582.59,222.0
2,66,1394.01,642.26,1584.6,221.0
2,67,1395.44,642.17,1587.63,220.0
2,68,1399.27,642.5,1577.16,219.0
2,69,1399.73,642.73,1586.47,218.0
2,70,1397.3,641.76,1593.24,217.0
2,71,1403.09,642.39,1586.68,216.0
2,72,1393.85,642.48,1583.11,215.0
2,73,1400.98,641.73,1586.57,214.0
2,74,1396.13,642.39,1584.04,213.0
2,75,1390.64,641.64,1578.27,212.0
2,76,1399.66,642.01,1586.91,211.0
2,77,1395.38,641.97,1588.54,210.0
2,78,1394.24,642.44,1587.2,209.0
2,79,1398.51,641.62,1585.59,208.0
2,80,1394.0,641.37,1588.33,207.0
2,81,1390.12,641.72,1578.31,206.0
2,82,1402.78,641.86,1587.24,205.0
2,83,1398.81,641.73,1585.18,204.0
2,84,1402.26,642.41,1586.46,203.0
2,85,1398.33,641.73,1588.31,202.0
2,86,1399.12,641.85,1579.31,201.0
2,87,1399.51,642.36,1582.64,200.0
2,88,1398.17,642.23,1587.88,199.0
2,89,1394.07,641.95,1584.62,198.0
2,90,1405.34,642.06,1580.77,197.0
2,91,1399.47,642.09,1583.57,196.0
2,92,1399.17,642.36,1584.87,195.0
2,93,1392.48,642.21,1591.68,194.0
2,94,1395.39,642.1,1585.62,193.0
2,95,1402.79,642.56,1579.26,192.0
2,96,1399.59,642.42,1576.94,191.0
2,97,1400.5,642.04,1586.12,190.0
2,98,1401.08,641.73,1587.84,189.0
2,99,1400.97,642.04,1585.48,188.0
2,100,1402.72,642.04,1586.01,187.0
2,101,1397.81,641.96,1582.66,186.0
2,102,1407.05,642.44,1590.24,185.0
2,103,1392.16,642.05,1587.75,184.0
2,104,1397.31,642.41,1582.04,183.0
2,105,1397.45,641.94,1585.65,182.0
2,106,1402.62,641.87,1584.61,181.0
2,107,1402.93,642.52,1581.7,180.0
2,108,1396.25,642.24,1578.45,179.0
2,109,1392.9,642.12,1590.41,178.0
2,110,1398.47,642.29,1583.3,177.0
2,111,1393.76,642.24,1576.85,176.0
2,112,1397.2,642.49,1588.35,175.0
2,113,1404.74,641.95,1584.21,174.0
2,114,1397.05,642.13,1576.56,173.0
2,115,1401.33,642.16,1583.27,172.0
2,116,1398.39,642.38,1577.87,171.0
2,117,1395.4,641.97,1583.84,170.0
2,118,1400.99,641.95,1580.49,169.0
2,119,1401.87,642.67,1585.06,168.0
2,120,1394.39,642.01,1589.61,167.0
2,121,1391.52,642.04,1580.19,166.0
2,122,1405.27,642.08,1585.52,165.0
2,123,1403.23,642.11,1588.59,164.0
2,124,1399.26,642.37,1583.12,163.0
2,125,1397.94,642.71,1586.32,162.0
2,126,1403.41,642.07,1587.45,161.0
2,127,1400.81,642.26,1586.65,160.0
2,128,1397.34,641.54,1592.2,159.0
2,129,1400.25,641.66,1590.59,158.0
2,130,1409.98,642.06,1584.83,157.0
2,131,1394.26,641.96,1587.61,156.0
2,132,1398.78,642.01,1586.66,155.0
2,133,1393.87,642.84,1581.22,154.0
2,134,1406.2,642.76,1586.44,153.0
2,135,1404.56,642.02,1580.12,152.0
2,136,1402.67,642.06,1582.91,151.0
2,137,1406.79,642.46,1585.36,150.0
2,138,1398.95,642.34,1585.19,149.0
2,139,1400.87,642.63,1590.88,148.0
2,140,1403.14,642.29,1593.7,147.0
2,141,1403.25,642.07,1585.09,146.0
2,142,1401.27,641.91,1586.41,145.0
2,143,1400.49,642.31,1588.88,144.0
2,144,1401.21,642.02,1584.35,143.0
2,145,1403.53,642.01,1582.72,142.0
2,146,1405.09,642.52,1590.06,141.0
2,147,1394.58,642.27,1588.78,140.0
2,148,1398.3,642.65,1584.5,139.0
2,149,1404.41,642.03,1587.88,138.0
2,150,1393.74,642.62,1585.43,137.0
2,151,1398.31,642.54,1590.21,136.0
2,152,1400.9,642.38,1583.49,135.0
2,153,1397.52,641.96,1594.33,134.0
2,154,1413.28,642.34,1591.3,133.0
2,155,1397.45,642.17,1580.93,132.0
2,156,1399.13,642.15,1578.73,131.0
2,157,1400.63,642.04,1588.7,130.0
2,158,1404.68,641.99,1586.95,129.0
2,159,1399.71,641.81,1593.89,128.0
2,160,1409.72,642.53,1585.65,127.0
2,161,1396.32,642.08,1586.65,126.0
2,162,1401.23,641.71,1588.83,125.0
2,163,1396.2,642.88,1589.56,124.0
2,164,1405.5,642.82,1588.23,123.0
2,165,1402.96,642.17,1588.55,122.0
2,166,1394.26,641.79,1589.09,121.0
2,167,1395.35,642.25,1588.74,120.0
2,168,1404.01,642.55,1593.95,119.0
2,169,1406.06,642.26,1581.85,118.0
2,170,1405.93,642.14,1577.26,117.0
2,171,1410.34,642.21,1587.94,116.0
2,172,1398.26,642.07,1589.42,115.0
2,173,1403.22,642.66,1589.0,114.0
2,174,1403.24,642.34,1588.01,113.0
2,175,1398.37,642.46,1584.58,112.0
2,176,1405.47,642.32,1585.73,111.0
2,177,1400.31,642.35,1586.88,110.0
2,178,1404.39,642.43,1590.29,109.0
2,179,1399.3,642.33,1584.55,108.0
2,180,1402.27,642.5,1593.51,107.0
2,181,1399.24,642.01,1585.87,106.0
2,182,1406.61,642.39,1586.42,105.0
2,183,1406.15,642.6,1584.95,104.0
2,184,1408.13,642.43,1585.66,103.0
2,185,1407.11,642.66,1581.09,102.0
2,186,1404.35,642.8,1582.46,101.0
2,187,1407.54,642.69,1588.88,100.0
2,188,1402.72,642.64,1582.97,99.0
2,189,1403.09,642.81,1583.54,98.0
2,190,1405.73,642.48,1592.5,97.0
2,191,1407.64,642.23,1584.59,96.0
2,192,1404.07,642.18,1589.95,95.0
2,193,1399.59,642.13,1588.28,94.0
2,194,1404.64,643.1,1592.38,93.0
2,195,1410.18,643.24,1591.55,92.0
2,196,1408.59,642.64,1591.39,91.0
2,197,1403.29,642.55,1588.64,90.0
2,198,1402.91,643.21,1596.17,89.0
2,199,1409.39,642.44,1587.17,88.0
2,200,1406.28,642.74,1589.73,87.0
2,201,1400.92,642.31,1595.57,86.0
2,202,1408.72,642.56,1589.47,85.0
2,203,1410.33,641.95,1593.02,84.0
2,204,1404.01,642.46,1591.84,83.0
2,205,1409.11,642.65,1586.59,82.0
2,206,1411.14,642.51,1588.18,81.0
2,207,1402.94,642.73,1591.04,80.0
2,208,1407.93,642.6,1590.29,79.0
2,209,1409.2,642.27,1590.92,78.0
2,210,1396.99,642.88,1583.56,77.0
2,211,1409.23,642.8,1584.65,76.0
2,212,1406.43,642.54,1586.71,75.0
2,213,1407.38,642.39,1594.64,74.0
2,214,1402.21,642.39,1588.17,73.0
2,215,1411.63,642.97,1591.44,72.0
2,216,1408.68,642.46,1583.46,71.0
2,217,1407.97,643.3,1585.11,70.0
2,218,1412.7,642.91,1592.69,69.0
2,219,1412.91,642.88,1592.52,68.0
2,220,1406.68,642.87,1600.76,67.0
2,221,1408.21,643.09,1586.57,66.0
2,222,1411.66,643.16,1590.78,65.0
2,223,1406.28,643.06,1596.47,64.0
2,224,1414.63,642.86,1592.47,63.0
2,225,1409.87,642.68,1590.59,62.0
2,226,1408.9,643.23,1601.02,61.0
2,227,1410.4,642.8,1587.46,60.0
2,228,1406.88,642.67,1592.83,59.0
2,229,1407.69,642.32,1593.83,58.0
2,230,1412.71,642.68,1593.67,57.0
2,231,1404.68,642.99,1593.78,56.0
2,232,1411.66,642.98,1590.33,55.0
2,233,1413.34,642.96,1599.65,54.0
2,234,1412.07,643.49,1588.68,53.0
2,235,1406.42,642.63,1594.54,52.0
2,236,1410.66,643.01,1598.16,51.0
2,237,1419.76,643.14,1593.05,50.0
2,238,1413.73,643.13,1599.64,49.0
2,239,1417.49,642.73,1598.37,48.0
2,240,1406.54,642.61,1599.71,47.0
2,241,1418.33,643.14,1598.65,46.0
2,242,1408.71,643.77,1593.7,45.0
2,243,1411.41,643.04,1593.98,44.0
2,244,1413.04,642.88,1595.99,43.0
2,245,1418.05,642.7,1590.93,42.0
2,246,1420.2,642.85,1589.74,41.0
2,247,1413.56,642.88,1601.2,40.0
2,248,1417.22,643.06,1599.41,39.0
2,249,1419.19,643.79,1599.77,38.0
2,250,1415.35,643.15,1598.28,37.0
2,251,1418.61,642.47,1598.68,36.0
2,252,1422.69,642.83,1596.89,35.0
2,253,1416.12,643.01,1596.43,34.0
2,254,1423.55,643.31,1593.88,33.0
2,255,1412.73,643.48,1598.25,32.0
2,256,1421.46,642.92,1598.83,31.0
2,257,1426.94,643.06,1593.17,30.0
2,258,1421.07,642.93,1599.77,29.0
2,259,1416.63,642.78,1597.65,28.0
2,260,1419.41,642.94,1593.51,27.0
2,261,1419.92,643.69,1594.0,26.0
2,262,1418.2,643.05,1588.3,25.0
2,263,1422.82,643.16,1592.32,24.0
2,264,1424.48,643.47,1610.1,23.0
2,265,1420.27,643.03,1593.48,22.0
2,266,1422.54,643.14,1591.54,21.0
2,267,1422.12,642.96,1602.23,20.0
2,268,1419.61,643.1,1602.53,19.0
2,269,1419.23,643.11,1594.52,18.0
2,270,1424.27,643.12,1604.32,17.0
2,271,1425.06,643.87,1607.43,16.0
2,272,1426.7,643.27,1600.02,15.0
2,273,1418.55,643.71,1598.88,14.0
2,274,1427.83,643.18,1598.98,13.0
2,275,1421.8,643.67,1595.3,12.0
2,276,1429.66,643.82,1605.46,11.0
2,277,1424.78,643.91,1601.47,10.0
2,278,1423.67,643.44,1597.61,9.0
2,279,1426.95,643.64,1594.8,8.0
2,280,1422.89,643.63,1594.21,7.0
2,281,1424.36,643.6,1598.25,6.0
2,282,1426.87,643.94,1598.56,5.0
2,283,1429.67,643.78,1602.03,4.0
2,284,1430.04,643.91,1601.35,3.0
2,285,1431.17,643.67,1596.84,2.0
2,286,1429.57,643.44,1603.63,1.0
2,287,1430.84,643.85,1608.5,0.0
3,1,1398.13,642.04,1584.2,178.0
3,2,1398.62,642.66,1587.04,177.0
3,3,1401.1,642.07,1580.75,176.0
3,4,1395.76,642.5,1580.12,175.0
3,5,1394.05,641.97,1581.48,174.0
3,6,1397.98,642.65,1581.26,173.0
3,7,1405.76,642.62,1583.68,172.0
3,8,1401.86,642.23,1581.6,171.0
3,9,1398.3,642.6,1581.04,170.0
3,10,1400.07,642.72,1582.2,169.0
3,11,1400.59,641.94,1591.43,168.0
3,12,1404.93,642.61,1583.92,167.0
3,13,1403.52,642.63,1583.25,166.0
3,14,1396.35,642.16,1591.03,165.0
3,15,1398.77,641.83,1585.29,164.0
3,16,1392.15,642.65,1589.05,163.0
3,17,1395.76,642.78,1588.94,162.0
3,18,1402.3,642.26,1584.36,161.0
3,19,1402.82,642.05,1580.67,160.0
3,20,1394.57,642.25,1580.73,159.0
3,21,1398.83,642.18,1586.78,158.0
3,22,1405.28,642.34,1589.55,157.0
3,23,1395.59,642.07,1585.2,156.0
3,24,1395.73,642.24,1585.08,155.0
3,25,1390.93,642.24,1579.4,154.0
3,26,1401.63,641.61,1586.92,153.0
3,27,1400.85,642.36,1581.83,152.0
3,28,1400.68,641.48,1590.59,151.0
3,29,1396.05,642.01,1584.71,150.0
3,30,1398.1,642.21,1584.95,149.0
3,31,1393.95,642.33,1588.68,148.0
3,32,1400.58,642.55,1583.7,147.0
3,33,1403.93,641.82,1583.55,146.0
3,34,1397.47,642.83,1584.17,145.0
3,35,1396.92,642.08,1584.57,144.0
3,36,1399.12,642.06,1580.96,143.0
3,37,1396.65,641.68,1582.96,142.0
3,38,1401.83,641.72,1577.99,141.0
3,39,1400.8,641.94,1580.42,140.0
3,40,1403.24,641.97,1579.38,139.0
3,41,1394.92,642.79,1586.38,138.0
3,42,1404.49,642.61,1586.25,137.0
3,43,1401.51,642.58,1587.9,136.0
3,44,1395.48,642.21,1586.83,135.0
3,45,1398.33,642.15,1582.99,134.0
3,46,1401.55,642.42,1590.25,133.0
3,47,1395.3,642.26,1587.55,132.0
3,48,1392.94,642.01,1587.21,131.0
3,49,1396.11,642.16,1583.53,130.0
3,50,1402.64,642.51,1586.16,129.0
3,51,1401.05,642.39,1592.16,128.0
3,52,1404.99,642.29,1582.66,127.0
3,53,1399.78,642.02,1588.04,126.0
3,54,1407.04,642.03,1585.66,125.0
3,55,1399.08,642.41,1594.2,124.0
3,56,1403.97,642.73,1586.08,123.0
3,57,1398.55,642.56,1581.97,122.0
3,58,1403.99,642.52,1581.31,121.0
3,59,1397.56,642.31,1587.46,120.0
3,60,1405.66,641.8,1586.82,119.0
3,61,1392.35,642.5,1585.5,118.0
3,62,1403.57,642.18,1591.5,117.0
3,63,1398.98,642.1,1583.42,116.0
3,64,1404.68,642.53,1590.04,115.0
3,65,1400.69,641.69,1586.21,114.0
3,66,1397.9,642.25,1577.22,113.0
3,67,1403.87,642.0,1584.55,112.0
3,68,1400.37,642.94,1587.27,111.0
3,69,1404.2,642.05,1581.93,110.0
3,70,1397.09,642.54,1587.02,109.0
3,71,1401.19,642.9,1579.41,108.0
3,72,1389.86,642.25,1590.21,107.0
3,73,1400.06,642.42,1585.01,106.0
3,74,1405.76,642.75,1589.64,105.0
3,75,1406.98,642.25,1592.23,104.0
3,76,1405.34,642.52,1589.35,103.0
3,77,1405.99,642.98,1584.13,102.0
3,78,1400.53,642.43,1579.52,101.0
3,79,1403.49,642.31,1582.4,100.0
3,80,1405.37,641.74,1580.95,99.0
3,81,1402.65,642.55,1581.73,98.0
3,82,1400.4,642.24,1583.69,97.0
3,83,1398.73,642.27,1591.3,96.0
3,84,1400.62,642.18,1593.32,95.0
3,85,1414.11,641.95,1587.14,94.0
3,86,1401.01,642.69,1586.09,93.0
3,87,1402.17,642.32,1588.25,92.0
3,88,1400.09,642.27,1585.9,91.0
3,89,1404.14,642.33,1582.29,90.0
3,90,1406.26,642.36,1597.84,89.0
3,91,1399.5,641.99,1582.81,88.0
3,92,1400.27,642.29,1590.07,87.0
3,93,1409.21,642.1,1593.66,86.0
3,94,1401.08,642.58,1588.9,85.0
3,95,1406.13,642.37,1585.69,84.0
3,96,1400.62,642.89,1582.86,83.0
3,97,1408.05,642.94,1587.51,82.0
3,98,1403.62,642.4,1586.19,81.0
3,99,1398.72,642.67,1589.42,80.0
3,100,1404.16,642.29,1579.98,79.0
3,101,1405.55,642.24,1587.77,78.0
3,102,1408.84,642.63,1579.35,77.0
3,103,1395.4,642.28,1585.62,76.0
3,104,1403.37,642.46,1586.74,75.0
3,105,1397.73,641.85,1591.89,74.0
3,106,1405.62,642.51,1586.44,73.0
3,107,1410.67,642.36,1586.96,72.0
3,108,1405.94,642.98,1583.29,71.0
3,109,1402.77,642.48,1588.21,70.0
3,110,1403.14,642.92,1592.41,69.0
3,111,1401.73,642.25,1583.83,68.0
3,112,1400.61,642.65,1584.14,67.0
3,113,1408.52,642.5,1590.74,66.0
3,114,1407.81,642.46,1588.4,65.0
3,115,1400.56,642.22,1588.97,64.0
3,116,1407.84,642.62,1591.56,63.0
3,117,1402.28,642.76,1587.74,62.0
3,118,1408.53,642.26,1590.05,61.0
3,119,1398.22,642.0,1588.1,60.0
3,120,1408.79,642.6,1585.58,59.0
3,121,1413.79,642.27,1585.86,58.0
3,122,1406.06,642.72,1586.83,57.0
3,123,1408.04,642.49,1594.72,56.0
3,124,1405.29,642.0,1588.41,55.0
3,125,1405.04,642.82,1580.5,54.0
3,126,1409.96,642.76,1583.13,53.0
3,127,1395.95,642.67,1593.61,52.0
3,128,1409.32,642.22,1592.24,51.0
3,129,1405.91,643.1,1597.5,50.0
3,130,1410.11,642.57,1584.08,49.0
3,131,1406.13,642.5,1589.91,48.0
3,132,1408.51,642.35,1592.88,47.0
3,133,1409.48,642.62,1589.14,46.0
3,134,1406.61,642.45,1586.99,45.0
3,135,1407.5,642.52,1588.65,44.0
3,136,1405.41,642.6,1592.25,43.0
3,137,1409.77,642.75,1589.57,42.0
3,138,1407.3,642.3,1599.56,41.0
3,139,1415.14,643.08,1594.87,40.0
3,140,1414.46,642.87,1589.67,39.0
3,141,1412.02,643.08,1584.87,38.0
3,142,1413.05,643.03,1587.35,37.0
3,143,1402.45,642.48,1594.94,36.0
3,144,1416.18,642.48,1593.19,35.0
3,145,1403.51,642.65,1591.66,34.0
3,146,1413.64,643.71,1589.2,33.0
3,147,1411.55,643.07,1590.59,32.0
3,148,1421.05,642.69,1589.28,31.0
3,149,1414.51,643.26,1594.66,30.0
3,150,1407.58,643.08,1591.34,29.0
3,151,1420.87,643.04,1594.47,28.0
3,152,1411.65,643.34,1599.53,27.0
3,153,1416.95,642.89,1594.75,26.0
3,154,1414.53,643.15,1599.04,25.0
3,155,1413.92,642.83,1588.51,24.0
3,156,1411.91,643.52,1597.3,23.0
3,157,1414.01,642.84,1599.31,22.0
3,158,1421.83,643.19,1593.16,21.0
3,159,1415.2,642.71,1597.8,20.0
3,160,1415.88,642.48,1595.61,19.0
3,161,1416.4,643.6,1594.41,18.0
3,162,1420.33,643.11,1594.78,17.0
3,163,1422.22,643.0,1597.51,16.0
3,164,1416.56,643.09,1601.99,15.0
3,165,1416.31,642.96,1601.94,14.0
3,166,1419.27,642.9,1598.82,13.0
3,167,1415.96,643.38,1605.41,12.0
3,168,1422.59,643.46,1593.72,11.0
3,169,1424.39,643.55,1602.9,10.0
3,170,1428.52,643.35,1606.1,9.0
3,171,1419.33,643.36,1603.48,8.0
3,172,1426.38,643.62,1597.73,7.0
3,173,1417.29,643.64,1604.78,6.0
3,174,1424.79,643.46,1602.86,5.0
3,175,1424.17,643.15,1603.74,4.0
3,176,1438.51,643.93,1595.61,3.0
3,177,1423.5,643.68,1601.21,2.0
3,178,1430.55,643.66,1606.5,1.0
3,179,1428.23,643.51,1604.8,0.0
4,1,1402.85,642.6,1585.4,188.0
4,2,1410.36,642.45,1583.54,187.0
4,3,1398.65,642.16,1586.59,186.0
4,4,1400.32,642.73,1583.96,185.0
4,5,1399.42,642.11,1590.62,184.0
4,6,1407.78,642.46,1588.76,183.0
4,7,1404.44,642.26,1586.91,182.0
4,8,1406.22,641.97,1584.18,181.0
4,9,1403.51,642.59,1584.78,180.0
4,10,1400.12,642.78,1586.0,179.0
4,11,1395.79,642.21,1588.75,178.0
4,12,1403.67,642.63,1584.33,177.0
4,13,1395.23,642.24,1587.74,176.0
4,14,1407.62,642.62,1583.38,175.0
4,15,1401.13,642.47,1592.08,174.0
4,16,1409.84,642.17,1585.39,173.0
4,17,1406.43,642.06,1587.82,172.0
4,18,1403.75,642.36,1589.62,171.0
4,19,1406.34,643.02,1589.9,170.0
4,20,1401.19,642.53,1589.76,169.0
4,21,1398.49,642.49,1593.11,168.0
4,22,1405.05,642.68,1594.65,167.0
4,23,1401.8,642.41,1592.74,166.0
4,24,1400.24,642.51,1589.01,165.0
4,25,1399.14,642.05,1592.65,164.0
4,26,1399.54,642.35,1589.28,163.0
4,27,1402.27,642.08,1582.09,162.0
4,28,1400.85,642.59,1583.69,161.0
4,29,1401.61,642.34,1585.53,160.0
4,30,1403.21,642.7,1584.4,159.0
4,31,1400.49,642.42,1580.87,158.0
4,32,1406.42,642.1,1589.33,157.0
4,33,1405.72,642.79,1590.98,156.0
4,34,1396.73,642.29,1587.97,155.0
4,35,1398.89,642.42,1587.89,154.0
4,36,1406.77,642.08,1589.48,153.0
4,37,1411.83,642.62,1582.75,152.0
4,38,1400.63,642.69,1591.19,151.0
4,39,1406.06,642.14,1581.05,150.0
4,40,1407.38,642.77,1596.22,149.0
4,41,1403.4,642.44,1588.31,148.0
4,42,1401.08,642.62,1587.0,147.0
4,43,1407.47,642.12,1589.99,146.0
4,44,1403.08,641.81,1585.87,145.0
4,45,1403.12,642.58,1587.46,144.0
4,46,1415.57,642.99,1584.18,143.0
4,47,1409.99,642.15,1591.57,142.0
4,48,1405.17,642.33,1586.8,141.0
4,49,1408.42,642.82,1590.52,140.0
4,50,1403.54,642.05,1586.99,139.0
4,51,1407.61,642.3,1584.29,138.0
4,52,1407.67,642.82,1593.22,137.0
4,53,1407.4,642.41,1586.77,136.0
4,54,1405.04,642.54,1592.6,135.0
4,55,1406.46,642.02,1587.01,134.0
4,56,1403.34,642.8,1594.24,133.0
4,57,1404.0,642.3,1585.96,132.0
4,58,1405.24,642.66,1590.94,131.0
4,59,1398.12,642.32,1600.12,130.0
4,60,1404.66,642.31,1576.64,129.0
4,61,1407.15,642.56,1587.51,128.0
4,62,1407.72,642.69,1588.08,127.0
4,63,1410.95,642.45,1587.6,126.0
4,64,1403.8,642.68,1591.76,125.0
4,65,1407.01,642.8,1590.85,124.0
4,66,1402.56,642.9,1583.9,123.0
4,67,1395.74,642.21,1592.37,122.0
4,68,1408.43,642.44,1587.83,121.0
4,69,1409.93,642.74,1588.44,120.0
4,70,1403.68,642.42,1590.37,119.0
4,71,1410.7,642.63,1585.71,118.0
4,72,1408.21,642.69,1584.72,117.0
4,73,1409.32,642.35,1588.43,116.0
4,74,1407.74,642.6,1588.1,115.0
4,75,1400.47,642.42,1593.17,114.0
4,76,1405.44,641.86,1588.78,113.0
4,77,1398.16,642.77,1588.91,112.0
4,78,1408.49,642.66,1587.09,111.0
4,79,1407.47,642.14,1592.26,110.0
4,80,1405.22,642.98,1588.2,109.0
4,81,1408.32,642.26,1582.27,108.0
4,82,1404.73,642.66,1582.04,107.0
4,83,1406.59,642.13,1588.16,106.0
4,84,1403.9,642.91,1589.92,105.0
4,85,1399.07,642.29,1579.9,104.0
4,86,1407.58,642.21,1591.36,103.0
4,87,1406.05,642.7,1587.37,102.0
4,88,1398.74,642.68,1584.7,101.0
4,89,1394.77,641.97,1578.65,100.0
4,90,1408.45,643.32,1586.92,99.0
4,91,1404.18,642.79,1589.6,98.0
4,92,1403.99,642.41,1590.17,97.0
4,93,1398.67,642.24,1588.28,96.0
4,94,1406.69,642.5,1588.54,95.0
4,95,1398.8,642.48,1586.25,94.0
4,96,1406.96,642.18,1578.8,93.0
4,97,1411.12,642.95,1586.68,92.0
4,98,1403.34,643.06,1583.61,91.0
4,99,1405.64,642.79,1592.78,90.0
4,100,1406.26,642.67,1588.11,89.0
4,101,1412.21,642.29,1590.1,88.0
4,102,1400.79,642.5,1593.07,87.0
4,103,1400.74,642.83,1596.05,86.0
4,104,1403.56,642.27,1593.03,85.0
4,105,1406.58,642.48,1587.15,84.0
4,106,1402.75,642.24,1588.91,83.0
4,107,1400.45,642.55,1585.56,82.0
4,108,1412.75,642.13,1585.18,81.0
4,109,1407.61,642.89,1586.34,80.0
4,110,1401.8,642.47,1581.85,79.0
4,111,1405.22,642.16,1584.52,78.0
4,112,1400.11,642.15,1597.05,77.0
4,113,1416.04,642.41,1592.69,76.0
4,114,1404.61,642.5,1585.29,75.0
4,115,1399.39,643.11,1584.82,74.0
4,116,1409.77,642.57,1587.97,73.0
4,117,1409.2,642.97,1588.0,72.0
4,118,1404.31,642.45,1595.31,71.0
4,119,1411.87,642.81,1587.57,70.0
4,120,1405.88,642.13,1590.46,69.0
4,121,1403.36,642.58,1598.61,68.0
4,122,1405.56,643.12,1594.36,67.0
4,123,1411.81,642.56,1586.4,66.0
4,124,1400.87,642.64,1587.87,65.0
4,125,1404.02,642.59,1580.17,64.0
4,126,1405.07,642.56,1592.43,63.0
4,127,1410.29,641.87,1591.59,62.0
4,128,1417.91,642.77,1592.21,61.0
4,129,1403.6,642.3,1589.44,60.0
4,130,1406.21,642.28,1593.61,59.0
4,131,1399.75,642.81,1593.8,58.0
4,132,1409.15,642.41,1591.45,57.0
4,133,1412.36,642.95,1592.11,56.0
4,134,1413.59,642.82,1590.54,55.0
4,135,1406.54,642.8,1586.98,54.0
4,136,1410.65,642.88,1588.88,53.0
4,137,1408.59,642.35,1585.35,52.0
4,138,1403.15,642.62,1589.11,51.0
4,139,1411.62,642.51,1590.51,50.0
4,140,1410.55,642.43,1589.98,49.0
4,141,1408.52,642.78,1586.02,48.0
4,142,1409.14,642.15,1595.19,47.0
4,143,1406.34,642.74,1586.75,46.0
4,144,1411.01,642.6,1588.23,45.0
4,145,1405.43,643.07,1594.62,44.0
4,146,1417.08,642.72,1595.94,43.0
4,147,1411.57,642.82,1590.96,42.0
4,148,1418.28,643.09,1593.59,41.0
4,149,1414.42,642.58,1595.24,40.0
4,150,1407.68,642.46,1598.82,39.0
4,151,1410.11,643.25,1594.25,38.0
4,152,1415.81,642.68,1588.06,37.0
4,153,1410.75,643.02,1589.96,36.0
4,154,1407.58,642.87,1596.48,35.0
4,155,1406.1,643.05,1591.94,34.0
4,156,1414.19,642.54,1594.01,33.0
4,157,1413.68,642.8,1597.71,32.0
4,158,1420.79,643.0,1593.74,31.0
4,159,1417.62,642.82,1590.08,30.0
4,160,1412.93,643.24,1597.66,29.0
4,161,1413.51,643.02,1590.53,28.0
4,162,1419.09,642.91,1589.2,27.0
4,163,1417.32,643.32,1596.69,26.0
4,164,1411.81,643.2,1588.21,25.0
4,165,1413.9,643.38,1598.42,24.0
4,166,1410.18,642.83,1595.07,23.0
4,167,1410.22,642.97,1596.98,22.0
4,168,1416.01,642.86,1594.46,21.0
4,169,1419.62,643.25,1592.7,20.0
4,170,1412.94,643.6,1595.73,19.0
4,171,1416.71,643.69,1594.79,18.0
4,172,1417.89,643.28,1597.1,17.0
4,173,1422.56,642.87,1598.3,16.0
4,174,1423.58,643.09,1600.79,15.0
4,175,1419.52,643.17,1598.28,14.0
4,176,1427.72,643.36,1601.11,13.0
4,177,1424.69,643.15,1603.1,12.0
4,178,1431.78,643.38,1606.48,11.0
4,179,1424.1,643.6,1604.11,10.0
4,180,1425.23,643.58,1610.29,9.0
4,181,1413.99,643.34,1597.16,8.0
4,182,1429.48,643.42,1603.95,7.0
4,183,1426.55,644.5,1602.97,6.0
4,184,1426.27,643.44,1608.22,5.0
4,185,1429.22,643.27,1607.57,4.0
4,186,1427.17,643.45,1608.24,3.0
4,187,1422.74,643.69,1603.04,2.0
4,188,1434.12,643.48,1602.23,1.0
4,189,1432.55,644.53,1612.11,0.0
5,1,1395.26,641.77,1583.59,268.0
5,2,1394.88,642.42,1589.69,267.0
5,3,1396.29,642.07,1582.45,266.0
5,4,1397.94,642.08,1586.84,265.0
5,5,1394.28,642.03,1581.45,264.0
5,6,1390.56,642.32,1586.1,263.0
5,7,1399.1,642.78,1585.21,262.0
5,8,1393.41,642.49,1585.88,261.0
5,9,1394.2,641.69,1581.46,260.0
5,10,1390.3,642.18,1583.92,259.0
5,11,1393.09,641.9,1585.25,258.0
5,12,1394.07,641.97,1583.89,257.0
5,13,1402.31,641.9,1579.55,256.0
5,14,1396.28,641.93,1578.03,255.0
5,15,1394.11,641.88,1589.42,254.0
5,16,1390.29,641.56,1578.43,253.0
5,17,1400.59,642.0,1581.87,252.0
5,18,1391.09,642.05,1584.71,251.0
5,19,1397.43,642.36,1588.06,250.0
5,20,1393.07,642.27,1582.85,249.0
5,21,1397.41,642.05,1581.71,248.0
5,22,1399.59,642.38,1581.33,247.0
5,23,1399.12,641.57,1582.59,246.0
5,24,1400.89,642.13,1592.43,245.0
5,25,1397.33,642.05,1582.82,244.0
5,26,1398.19,641.61,1578.77,243.0
5,27,1394.22,642.22,1582.69,242.0
5,28,1402.43,641.97,1575.77,241.0
5,29,1392.82,642.48,1576.5,240.0
5,30,1397.69,642.66,1574.8,239.0
5,31,1402.33,642.06,1585.84,238.0
5,32,1397.12,642.41,1582.76,237.0
5,33,1402.42,641.76,1591.02,236.0
5,34,1392.22,641.68,1581.62,235.0
5,35,1395.31,642.16,1580.02,234.0
5,36,1394.4,641.3,1586.91,233.0
5,37,1394.71,642.04,1585.52,232.0
5,38,1396.82,642.38,1584.21,231.0
5,39,1396.39,641.82,1578.77,230.0
5,40,1402.27,642.76,1583.56,229.0
5,41,1399.13,642.82,1585.13,228.0
5,42,1394.97,641.92,1589.59,227.0
5,43,1394.26,641.78,1587.27,226.0
5,44,1395.7,641.77,1583.83,225.0
5,45,1399.71,642.32,1584.3,224.0
5,46,1400.55,642.24,1586.87,223.0
5,47,1397.44,641.95,1579.17,222.0
5,48,1395.62,641.38,1576.29,221.0
5,49,1394.48,642.11,1583.18,220.0
5,50,1403.06,642.2,1586.48,219.0
5,51,1393.67,642.32,1580.84,218.0
5,52,1403.88,641.86,1585.97,217.0
5,53,1393.24,642.2,1582.71,216.0
5,54,1399.58,642.14,1577.1,215.0
5,55,1394.57,641.98,1586.8,214.0
5,56,1397.74,642.12,1581.49,213.0
5,57,1394.93,641.95,1578.24,212.0
5,58,1399.9,642.61,1581.9,211.0
5,59,1400.43,642.05,1589.45,210.0
5,60,1396.08,642.0,1582.34,209.0
5,61,1396.92,642.36,1586.95,208.0
5,62,1406.63,641.94,1581.42,207.0
5,63,1392.17,642.18,1585.76,206.0
5,64,1396.45,642.4,1586.2,205.0
5,65,1389.19,641.96,1578.21,204.0
5,66,1402.35,642.16,1582.39,203.0
5,67,1396.82,641.67,1582.01,202.0
5,68,1395.59,642.0,1579.94,201.0
5,69,1390.32,641.9,1589.43,200.0
5,70,1389.87,641.86,1583.3,199.0
5,71,1401.7,642.35,1581.52,198.0
5,72,1399.84,641.76,1580.74,197.0
5,73,1396.49,642.28,1586.66,196.0
5,74,1403.57,642.05,1576.18,195.0
5,75,1395.05,642.34,1576.87,194.0
5,76,1402.8,642.29,1585.43,193.0
5,77,1400.14,642.99,1582.03,192.0
5,78,1407.48,642.15,1593.61,191.0
5,79,1401.35,642.16,1583.08,190.0
5,80,1396.24,642.18,1582.73,189.0
5,81,1400.48,642.38,1592.17,188.0
5,82,1400.08,642.5,1584.27,187.0
5,83,1395.2,642.19,1588.18,186.0
5,84,1396.86,642.59,1587.38,185.0
5,85,1403.16,642.42,1582.86,184.0
5,86,1402.72,642.21,1585.24,183.0
5,87,1399.65,642.39,1588.63,182.0
5,88,1400.56,642.38,1588.61,181.0
5,89,1399.09,642.54,1580.0,180.0
5,90,1398.29,641.75,1587.26,179.0
5,91,1397.86,642.4,1584.88,178.0
5,92,1397.48,641.96,1584.87,177.0
5,93,1407.84,642.14,1586.11,176.0
5,94,1402.46,642.44,1589.66,175.0
5,95,1394.89,642.27,1580.93,174.0
5,96,1403.38,642.62,1580.17,173.0
5,97,1403.69,641.94,1580.56,172.0
5,98,1395.22,641.62,1581.93,171.0
5,99,1391.43,642.17,1591.08,170.0
5,100,1397.44,641.92,1585.75,169.0
5,101,1397.41,642.7,1579.62,168.0
5,102,1393.14,642.63,1579.47,167.0
5,103,1397.75,641.39,1585.05,166.0
5,104,1405.5,642.13,1588.35,165.0
5,105,1399.72,642.52,1582.74,164.0
5,106,1399.66,642.42,1585.81,163.0
5,107,1403.27,642.12,1580.22,162.0
5,108,1406.74,642.61,1592.57,161.0
5,109,1391.38,642.03,1581.03,160.0
5,110,1400.61,641.57,1580.4,159.0
5,111,1399.03,642.12,1588.25,158.0
5,112,1398.63,642.18,1578.36,157.0
5,113,1397.04,642.47,1581.8,156.0
5,114,1399.95,642.12,1586.53,155.0
5,115,1402.61,642.77,1582.08,154.0
5,116,1397.36,641.54,1578.3,153.0
5,117,1406.58,642.57,1585.3,152.0
5,118,1394.96,642.04,1589.99,151.0
5,119,1391.47,642.25,1585.03,150.0
5,120,1405.61,641.96,1587.16,149.0
5,121,1402.45,642.57,1584.87,148.0
5,122,1396.67,641.78,1580.36,147.0
5,123,1401.27,641.65,1588.78,146.0
5,124,1397.74,642.63,1589.31,145.0
5,125,1406.98,641.73,1578.0,144.0
5,126,1410.79,641.86,1582.79,143.0
5,127,1408.51,642.43,1583.6,142.0
5,128,1404.39,642.35,1589.76,141.0
5,129,1397.11,642.68,1588.84,140.0
5,130,1408.21,643.07,1586.07,139.0
5,131,1397.93,642.21,1586.16,138.0
5,132,1399.12,642.43,1591.74,137.0
5,133,1404.86,642.28,1589.63,136.0
5,134,1399.74,641.32,1585.83,135.0
5,135,1402.53,641.98,1587.28,134.0
5,136,1402.29,641.52,1578.2,133.0
5,137,1401.1,642.24,1584.09,132.0
5,138,1399.78,641.67,1583.46,131.0
5,139,1401.56,642.33,1584.72,130.0
5,140,1401.41,642.83,1585.38,129.0
5,141,1399.09,641.74,1588.78,128.0
5,142,1402.08,642.36,1585.52,127.0
5,143,1397.69,642.4,1587.63,126.0
5,144,1398.33,642.35,1580.32,125.0
5,145,1402.0,642.31,1592.74,124.0
5,146,1407.3,642.77,1593.16,123.0
5,147,1400.0,642.01,1591.29,122.0
5,148,1397.13,642.24,1583.74,121.0
5,149,1401.78,642.53,1585.65,120.0
5,150,1410.38,641.86,1583.1,119.0
5,151,1406.3,642.03,1588.2,118.0
5,152,1395.92,641.87,1583.85,117.0
5,153,1406.59,642.62,1589.26,116.0
5,154,1394.88,642.24,1581.11,115.0
5,155,1399.99,642.32,1584.17,114.0
5,156,1401.26,642.24,1590.06,113.0
5,157,1404.11,642.13,1589.32,112.0
5,158,1400.2,641.88,1592.3,111.0
5,159,1410.83,642.42,1585.25,110.0
5,160,1407.02,642.28,1589.77,109.0
5,161,1408.28,642.04,1587.84,108.0
5,162,1401.45,642.07,1586.84,107.0
5,163,1403.54,642.63,1594.42,106.0
5,164,1397.82,642.56,1591.76,105.0
5,165,1405.58,642.53,1592.1,104.0
5,166,1398.78,642.7,1587.64,103.0
5,167,1398.88,642.54,1585.36,102.0
5,168,1406.51,642.22,1584.33,101.0
5,169,1404.83,642.61,1584.53,100.0
5,170,1406.09,642.8,1590.51,99.0
5,171,1405.3,642.41,1585.41,98.0
5,172,1409.15,642.05,1581.11,97.0
5,173,1399.72,642.61,1578.99,96.0
5,174,1405.4,642.28,1585.0,95.0
5,175,1407.55,642.07,1591.64,94.0
5,176,1406.02,642.25,1587.02,93.0
5,177,1404.8,642.32,1593.2,92.0
5,178,1400.44,642.19,1584.35,91.0
5,179,1404.91,642.66,1585.57,90.0
5,180,1401.28,642.93,1589.16,89.0
5,181,1406.41,642.13,1585.09,88.0
5,182,1410.72,641.97,1587.0,87.0
5,183,1414.51,642.35,1587.85,86.0
5,184,1405.85,642.56,1590.2,85.0
5,185,1409.3,642.49,1589.31,84.0
5,186,1403.46,641.84,1589.4,83.0
5,187,1401.97,642.99,1586.12,82.0
5,188,1406.65,642.91,1587.14,81.0
5,189,1411.05,643.18,1582.91,80.0
5,190,1405.86,641.95,1592.58,79.0
5,191,1401.97,642.4,1580.79,78.0
5,192,1408.25,643.06,1589.78,77.0
5,193,1414.49,642.55,1589.42,76.0
5,194,1405.27,642.47,1592.41,75.0
5,195,1421.88,642.4,1590.34,74.0
5,196,1412.29,642.36,1596.19,73.0
5,197,1403.3,642.43,1590.01,72.0
5,198,1409.6,642.75,1591.13,71.0
5,199,1399.32,642.77,1595.73,70.0
5,200,1404.94,642.45,1585.8,69.0
5,201,1407.48,642.26,1589.08,68.0
5,202,1418.05,642.63,1592.03,67.0
5,203,1406.81,643.22,1589.02,66.0
5,204,1414.63,642.67,1595.31,65.0
5,205,1402.8,642.58,1584.22,64.0
5,206,1412.15,642.6,1589.26,63.0
5,207,1418.64,642.59,1585.09,62.0
5,208,1410.31,643.29,1598.96,61.0
5,209,1407.83,642.75,1588.4,60.0
5,210,1414.9,643.25,1601.16,59.0
5,211,1410.44,642.81,1593.96,58.0
5,212,1407.63,643.46,1588.53,57.0
5,213,1411.76,642.61,1592.49,56.0
5,214,1415.59,642.41,1590.22,55.0
5,215,1414.35,643.25,1598.9,54.0
5,216,1419.51,642.33,1597.02,53.0
5,217,1411.58,642.69,1590.44,52.0
5,218,1412.19,643.14,1593.78,51.0
5,219,1410.72,642.85,1591.7,50.0
5,220,1412.16,642.63,1591.54,49.0
5,221,1411.56,642.84,1599.89,48.0
5,222,1413.57,642.6,1593.52,47.0
5,223,1414.61,642.33,1598.78,46.0
5,224,1409.75,642.94,1594.2,45.0
5,225,1420.41,642.92,1592.04,44.0
5,226,1410.58,642.71,1595.56,43.0
5,227,1409.96,642.72,1597.53,42.0
5,228,1416.9,642.73,1595.91,41.0
5,229,1410.49,643.36,1599.17,40.0
5,230,1422.13,643.4,1595.61,39.0
5,231,1418.89,642.73,1585.5,38.0
5,232,1412.06,642.72,1599.3,37.0
5,233,1410.89,643.7,1596.32,36.0
5,234,1414.62,642.34,1603.24,35.0
5,235,1414.36,643.17,1597.63,34.0
5,236,1413.45,643.25,1593.6,33.0
5,237,1416.89,643.68,1589.94,32.0
5,238,1420.25,643.14,1595.09,31.0
5,239,1418.73,643.05,1601.15,30.0
5,240,1420.74,643.41,1587.88,29.0
5,241,1428.4,642.99,1592.89,28.0
5,242,1416.36,643.07,1603.83,27.0
5,243,1418.14,643.25,1599.63,26.0
5,244,1422.41,642.95,1591.37,25.0
5,245,1421.8,643.13,1599.31,24.0
5,246,1422.59,643.49,1600.21,23.0
5,247,1416.75,643.4,1601.11,22.0
5,248,1422.62,643.45,1594.09,21.0
5,249,1423.94,643.56,1597.93,20.0
5,250,1425.52,643.14,1596.58,19.0
5,251,1423.26,643.59,1599.58,18.0
5,252,1419.15,643.71,1598.85,17.0
5,253,1423.22,643.59,1602.52,16.0
5,254,1424.36,643.3,1591.58,15.0
5,255,1428.03,643.46,1594.11,14.0
5,256,1431.89,643.66,1602.29,13.0
5,257,1424.27,643.22,1604.25,12.0
5,258,1427.69,643.44,1596.35,11.0
5,259,1420.14,643.78,1608.65,10.0
5,260,1425.28,643.25,1607.39,9.0
5,261,1421.13,643.27,1600.6,8.0
5,262,1424.81,643.56,1601.82,7.0
5,263,1421.15,643.95,1608.2,6.0
5,264,1425.39,643.77,1606.55,5.0
5,265,1424.57,643.8,1605.53,4.0
5,266,1434.4,643.38,1609.33,3.0
5,267,1430.25,643.73,1609.41,2.0
5,268,1434.59,644.02,1608.65,1.0
5,269,1430.74,643.46,1597.28,0.0
6,1,1412.34,642.73,1584.4,187.0
6,2,1401.1,642.07,1590.38,186.0
6,3,1405.86,642.57,1588.18,185.0
6,4,1401.21,641.97,1589.4,184.0
6,5,1409.67,642.62,1595.13,183.0
6,6,1408.46,642.33,1589.59,182.0
6,7,1403.63,642.44,1586.65,181.0
6,8,1404.99,642.33,1586.78,180.0
6,9,1407.48,643.36,1585.15,179.0
6,10,1414.99,642.81,1587.89,178.0
6,11,1401.78,642.5,1586.81,177.0
6,12,1404.65,642.28,1594.5,176.0
6,13,1409.91,642.37,1589.99,175.0
6,14,1406.48,642.91,1592.99,174.0
6,15,1410.62,642.55,1584.5,173.0
6,16,1411.03,643.02,1589.35,172.0
6,17,1411.59,643.11,1588.67,171.0
6,18,1410.2,642.68,1587.04,170.0
6,19,1408.93,642.19,1588.21,169.0
6,20,1405.84,642.63,1590.31,168.0
6,21,1411.2,642.41,1587.62,167.0
6,22,1412.36,642.75,1586.8,166.0
6,23,1405.78,642.65,1592.61,165.0
6,24,1408.88,642.64,1587.84,164.0
6,25,1404.17,642.6,1588.2,163.0
6,26,1409.38,643.19,1591.45,162.0
6,27,1408.41,642.91,1587.33,161.0
6,28,1407.17,642.68,1590.93,160.0
6,29,1411.63,642.02,1587.92,159.0
6,30,1409.32,642.1,1583.0,158.0
6,31,1402.06,642.36,1591.59,157.0
6,32,1407.94,643.03,1588.4,156.0
6,33,1400.61,642.59,1590.24,155.0
6,34,1412.46,642.41,1593.18,154.0
6,35,1406.36,642.81,1581.62,153.0
6,36,1410.89,642.88,1587.89,152.0
6,37,1409.57,642.47,1591.16,151.0
6,38,1407.91,642.47,1586.16,150.0
6,39,1410.96,642.68,1588.69,149.0
6,40,1414.82,642.67,1584.77,148.0
6,41,1409.15,643.18,1586.37,147.0
6,42,1409.75,641.82,1583.49,146.0
6,43,1403.0,642.98,1587.55,145.0
6,44,1406.01,642.42,1594.67,144.0
6,45,1409.32,642.41,1588.48,143.0
6,46,1403.16,642.94,1587.34,142.0
6,47,1405.63,642.06,1587.53,141.0
6,48,1405.29,642.64,1586.67,140.0
6,49,1412.66,642.85,1592.36,139.0
6,50,1401.18,642.55,1591.46,138.0
6,51,1411.46,643.18,1587.6,137.0
6,52,1407.97,642.81,1591.54,136.0
6,53,1411.47,642.72,1587.56,135.0
6,54,1408.17,643.0,1594.48,134.0
6,55,1410.73,642.62,1593.8,133.0
6,56,1411.17,642.53,1589.29,132.0
6,57,1409.82,642.4,1592.85,131.0
6,58,1414.39,642.83,1585.97,130.0
6,59,1410.16,642.99,1588.01,129.0
6,60,1406.9,642.75,1590.14,128.0
6,61,1413.96,643.24,1595.27,127.0
6,62,1404.16,642.59,1593.19,126.0
6,63,1412.65,642.55,1597.51,125.0
6,64,1407.19,643.19,1589.76,124.0
6,65,1411.47,642.56,1591.75,123.0
6,66,1408.8,642.7,1594.43,122.0
6,67,1412.54,642.87,1588.19,121.0
6,68,1413.13,642.66,1587.59,120.0
6,69,1406.96,642.48,1592.19,119.0
6,70,1409.21,643.06,1599.27,118.0
6,71,1412.36,642.89,1594.41,117.0
6,72,1415.8,642.92,1586.94,116.0
6,73,1410.2,643.07,1590.53,115.0
6,74,1409.58,642.53,1588.12,114.0
6,75,1410.5,642.69,1583.72,113.0
6,76,1412.11,642.28,1592.11,112.0
6,77,1416.71,643.32,1587.84,111.0
6,78,1411.31,643.26,1586.98,110.0
6,79,1414.85,643.12,1593.19,109.0
6,80,1409.06,642.86,1593.18,108.0
6,81,1411.1,642.38,1595.09,107.0
6,82,1410.57,642.48,1588.5,106.0
6,83,1415.45,642.74,1593.02,105.0
6,84,1409.65,643.14,1584.71,104.0
6,85,1405.68,642.75,1600.84,103.0
6,86,1416.17,642.72,1595.44,102.0
6,87,1409.65,642.6,1588.86,101.0
6,88,1404.54,642.92,1590.45,100.0
6,89,1417.55,643.03,1596.52,99.0
6,90,1413.78,642.61,1593.37,98.0
6,91,1406.95,643.24,1585.21,97.0
6,92,1407.76,642.8,1591.9,96.0
6,93,1414.44,642.76,1597.36,95.0
6,94,1409.07,642.65,1587.86,94.0
6,95,1412.55,643.05,1594.11,93.0
6,96,1415.55,642.87,1593.96,92.0
6,97,1408.62,642.89,1590.23,91.0
6,98,1416.6,642.82,1597.14,90.0
6,99,1412.9,643.16,1597.69,89.0
6,100,1406.43,642.73,1592.11,88.0
6,101,1419.53,642.49,1594.92,87.0
6,102,1412.98,642.84,1596.24,86.0
6,103,1414.95,642.46,1588.07,85.0
6,104,1415.34,642.87,1590.41,84.0
6,105,1411.0,641.96,1587.32,83.0
6,106,1405.57,643.18,1592.66,82.0
6,107,1409.77,642.85,1590.97,81.0
6,108,1410.71,643.17,1589.04,80.0
6,109,1411.74,642.92,1590.02,79.0
6,110,1409.73,642.61,1587.91,78.0
6,111,1415.82,642.8,1593.61,77.0
6,112,1415.13,642.52,1599.51,76.0
6,113,1415.38,643.26,1596.12,75.0
6,114,1411.76,643.31,1590.48,74.0
6,115,1408.65,643.01,1598.31,73.0
6,116,1413.04,642.85,1594.33,72.0
6,117,1411.06,643.36,1593.99,71.0
6,118,1420.65,642.68,1593.66,70.0
6,119,1417.57,643.15,1598.18,69.0
6,120,1411.38,642.88,1591.39,68.0
6,121,1411.89,642.64,1588.74,67.0
6,122,1415.47,642.8,1600.48,66.0
6,123,1411.83,642.93,1591.88,65.0
6,124,1412.33,642.77,1587.78,64.0
6,125,1410.66,643.0,1595.44,63.0
6,126,1413.47,643.38,1601.09,62.0
6,127,1413.29,643.4,1589.95,61.0
6,128,1412.09,642.91,1598.04,60.0
6,129,1410.4,643.04,1586.2,59.0
6,130,1421.59,642.85,1593.74,58.0
6,131,1420.65,643.31,1594.83,57.0
6,132,1406.78,642.87,1590.0,56.0
6,133,1415.54,642.92,1592.53,55.0
6,134,1419.29,643.28,1596.67,54.0
6,135,1417.4,643.1,1591.43,53.0
6,136,1413.17,643.32,1586.81,52.0
6,137,1411.43,643.11,1588.99,51.0
6,138,1416.62,643.02,1590.59,50.0
6,139,1418.23,643.28,1591.23,49.0
6,140,1414.25,643.86,1590.28,48.0
6,141,1418.38,642.88,1593.21,47.0
6,142,1422.25,642.64,1596.49,46.0
6,143,1415.86,643.22,1592.7,45.0
6,144,1415.58,643.15,1595.07,44.0
6,145,1415.82,643.09,1595.65,43.0
6,146,1417.09,642.69,1596.92,42.0
6,147,1416.96,642.99,1595.61,41.0
6,148,1418.66,642.95,1604.49,40.0
6,149,1421.19,643.28,1599.29,39.0
6,150,1420.07,643.0,1599.67,38.0
6,151,1423.27,643.16,1592.0,37.0
6,152,1424.84,643.34,1600.51,36.0
6,153,1420.74,643.05,1590.37,35.0
6,154,1419.33,643.4,1600.39,34.0
6,155,1419.23,642.67,1589.15,33.0
6,156,1417.31,643.45,1595.36,32.0
6,157,1419.84,642.35,1590.18,31.0
6,158,1422.25,643.66,1596.43,30.0
6,159,1417.03,642.93,1592.5,29.0
6,160,1423.05,643.61,1603.1,28.0
6,161,1422.93,643.77,1593.28,27.0
6,162,1420.87,643.25,1592.09,26.0
6,163,1423.01,643.29,1602.42,25.0
6,164,1423.29,643.45,1605.92,24.0
6,165,1423.5,644.03,1603.61,23.0
6,166,1422.7,644.05,1602.62,22.0
6,167,1425.97,643.48,1599.22,21.0
6,168,1425.2,642.87,1590.83,20.0
6,169,1426.68,644.12,1597.11,19.0
6,170,1425.87,643.91,1599.73,18.0
6,171,1423.31,643.82,1601.73,17.0
6,172,1432.3,643.18,1593.7,16.0
6,173,1423.89,643.45,1597.11,15.0
6,174,1426.34,643.21,1602.11,14.0
6,175,1427.35,643.84,1602.72,13.0
6,176,1423.22,643.71,1604.31,12.0
6,177,1421.52,643.5,1590.96,11.0
6,178,1424.84,643.78,1603.27,10.0
6,179,1424.83,643.58,1607.63,9.0
6,180,1426.72,643.76,1598.73,8.0
6,181,1430.56,643.44,1603.07,7.0
6,182,1423.81,644.0,1596.51,6.0
6,183,1430.47,644.01,1597.82,5.0
6,184,1432.22,643.52,1598.05,4.0
6,185,1434.09,643.78,1603.37,3.0
6,186,1430.37,644.01,1603.59,2.0
6,187,1423.45,643.76,1602.69,1.0
6,188,1434.92,643.47,1600.63,0.0
7,1,1395.48,642.38,1589.49,258.0
7,2,1395.97,642.57,1583.11,257.0
7,3,1397.74,642.25,1589.44,256.0
7,4,1397.85,642.31,1585.59,255.0
7,5,1402.54,642.25,1587.23,254.0
7,6,1403.1,642.49,1586.12,253.0
7,7,1391.19,642.45,1588.36,252.0
7,8,1401.42,642.41,1586.97,251.0
7,9,1401.77,642.22,1582.13,250.0
7,10,1393.25,642.29,1588.96,249.0
7,11,1393.96,642.74,1585.25,248.0
7,12,1397.36,642.08,1590.55,247.0
7,13,1392.15,642.47,1584.88,246.0
7,14,1390.48,641.76,1579.88,245.0
7,15,1398.41,642.29,1582.42,244.0
7,16,1405.02,642.3,1588.69,243.0
7,17,1397.63,642.08,1588.75,242.0
7,18,1394.65,642.47,1583.49,241.0
7,19,1397.51,642.01,1586.11,240.0
7,20,1395.92,641.99,1585.03,239.0
7,21,1404.33,641.77,1589.77,238.0
7,22,1394.58,641.44,1578.03,237.0
7,23,1398.09,641.76,1586.41,236.0
7,24,1398.75,642.44,1583.32,235.0
7,25,1397.07,641.79,1578.13,234.0
7,26,1401.19,641.87,1585.88,233.0
7,27,1397.39,642.68,1585.5,232.0
7,28,1405.38,642.68,1586.11,231.0
7,29,1396.71,641.9,1589.95,230.0
7,30,1396.49,642.18,1585.13,229.0
7,31,1402.76,641.99,1589.16,228.0
7,32,1397.4,642.15,1589.46,227.0
7,33,1399.12,642.19,1585.17,226.0
7,34,1402.93,642.09,1583.36,225.0
7,35,1409.12,642.67,1591.02,224.0
7,36,1393.49,642.54,1581.96,223.0
7,37,1400.55,642.4,1584.97,222.0
7,38,1393.57,642.41,1590.3,221.0
7,39,1403.52,642.39,1582.33,220.0
7,40,1393.32,642.14,1587.0,219.0
7,41,1406.12,642.39,1590.4,218.0
7,42,1398.14,642.7,1580.26,217.0
7,43,1397.5,642.32,1582.93,216.0
7,44,1398.15,642.64,1587.5,215.0
7,45,1399.97,642.25,1587.23,214.0
7,46,1405.02,642.37,1586.17,213.0
7,47,1401.47,641.94,1587.72,212.0
7,48,1398.81,641.94,1585.35,211.0
7,49,1396.88,642.43,1586.42,210.0
7,50,1400.31,642.41,1590.47,209.0
7,51,1397.42,642.17,1580.05,208.0
7,52,1402.13,641.91,1585.51,207.0
7,53,1395.45,642.38,1582.33,206.0
7,54,1400.98,641.8,1590.77,205.0
7,55,1399.74,642.19,1585.93,204.0
7,56,1395.08,642.53,1584.43,203.0
7,57,1398.43,643.02,1585.71,202.0
7,58,1400.97,642.09,1587.14,201.0
7,59,1397.92,642.29,1585.96,200.0
7,60,1396.21,642.19,1581.21,199.0
7,61,1402.82,642.08,1586.13,198.0
7,62,1390.39,642.15,1585.67,197.0
7,63,1400.55,642.36,1578.24,196.0
7,64,1399.36,642.54,1589.13,195.0
7,65,1396.6,642.31,1578.07,194.0
7,66,1399.23,642.54,1586.72,193.0
7,67,1402.68,642.61,1582.7,192.0
7,68,1395.57,641.8,1586.66,191.0
7,69,1403.5,642.22,1593.46,190.0
7,70,1399.04,642.09,1583.19,189.0
7,71,1398.9,641.53,1584.6,188.0
7,72,1406.47,641.78,1582.54,187.0
7,73,1401.72,642.12,1588.4,186.0
7,74,1407.77,642.1,1587.52,185.0
7,75,1402.11,642.29,1582.94,184.0
7,76,1407.16,642.11,1585.7,183.0
7,77,1400.6,642.36,1588.83,182.0
7,78,1399.64,642.14,1583.3,181.0
7,79,1404.99,642.48,1588.28,180.0
7,80,1402.29,642.07,1585.35,179.0
7,81,1408.11,641.57,1585.23,178.0
7,82,1398.88,642.13,1588.93,177.0
7,83,1406.01,641.94,1588.35,176.0
7,84,1400.85,642.9,1586.44,175.0
7,85,1402.17,642.75,1583.4,174.0
7,86,1397.76,641.85,1590.03,173.0
7,87,1404.01,642.23,1578.42,172.0
7,88,1402.65,642.9,1593.15,171.0
7,89,1397.17,642.34,1593.84,170.0
7,90,1402.41,641.88,1580.81,169.0
7,91,1396.28,641.75,1592.03,168.0
7,92,1397.32,642.45,1587.27,167.0
7,93,1402.29,642.7,1587.11,166.0
7,94,1401.99,642.43,1588.87,165.0
7,95,1400.37,642.19,1583.66,164.0
7,96,1392.46,641.78,1582.22,163.0
7,97,1401.32,641.91,1584.35,162.0
7,98,1400.02,642.46,1587.27,161.0
7,99,1402.16,642.55,1586.95,160.0
7,100,1402.89,642.15,1582.66,159.0
7,101,1400.18,642.05,1593.77,158.0
7,102,1395.88,642.78,1592.88,157.0
7,103,1405.56,642.7,1583.74,156.0
7,104,1394.15,642.23,1582.98,155.0
7,105,1401.92,642.35,1583.76,154.0
7,106,1409.0,642.63,1583.08,153.0
7,107,1402.69,642.16,1587.77,152.0
7,108,1401.06,642.39,1587.75,151.0
7,109,1395.74,642.71,1586.93,150.0
7,110,1414.46,642.65,1592.97,149.0
7,111,1402.57,642.1,1590.37,148.0
7,112,1399.47,642.28,1578.72,147.0
7,113,1402.84,642.56,1580.83,146.0
7,114,1405.78,642.44,1588.32,145.0
7,115,1405.25,642.14,1579.89,144.0
7,116,1400.08,642.18,1590.92,143.0
7,117,1396.29,642.51,1595.71,142.0
7,118,1396.89,642.33,1589.6,141.0
7,119,1400.87,641.84,1579.78,140.0
7,120,1397.46,642.02,1588.45,139.0
7,121,1408.25,642.21,1587.33,138.0
7,122,1403.24,642.58,1592.39,137.0
7,123,1400.06,642.56,1582.1,136.0
7,124,1408.2,642.25,1592.99,135.0
7,125,1402.5,642.62,1584.19,134.0
7,126,1397.52,642.37,1582.3,133.0
7,127,1402.39,642.6,1581.37,132.0
7,128,1396.92,642.51,1588.19,131.0
7,129,1400.77,642.42,1584.1,130.0
7,130,1406.97,642.08,1580.49,129.0
7,131,1403.05,642.88,1591.82,128.0
7,132,1408.8,642.89,1582.94,127.0
7,133,1398.76,642.69,1591.77,126.0
7,134,1406.99,642.76,1587.73,125.0
7,135,1405.56,642.28,1584.28,124.0
7,136,1405.32,642.34,1586.39,123.0
7,137,1399.57,642.02,1587.49,122.0
7,138,1410.62,642.54,1586.83,121.0
7,139,1407.34,642.07,1582.49,120.0
7,140,1397.47,641.71,1588.01,119.0
7,141,1405.95,642.56,1584.06,118.0
7,142,1408.17,642.22,1589.54,117.0
7,143,1411.66,642.17,1591.24,116.0
7,144,1401.53,642.63,1586.99,115.0
7,145,1398.66,642.17,1584.67,114.0
7,146,1404.55,642.78,1586.7,113.0
7,147,1408.84,642.68,1589.94,112.0
7,148,1405.2,642.4,1587.34,111.0
7,149,1406.22,642.77,1589.04,110.0
7,150,1408.45,642.53,1586.93,109.0
7,151,1399.54,642.46,1587.8,108.0
7,152,1397.99,642.56,1586.09,107.0
7,153,1402.57,642.4,1587.05,106.0
7,154,1415.0,642.29,1592.89,105.0
7,155,1405.93,642.76,1587.23,104.0
7,156,1401.34,642.48,1583.91,103.0
7,157,1404.74,642.3,1589.61,102.0
7,158,1403.17,642.44,1588.62,101.0
7,159,1405.59,642.88,1587.63,100.0
7,160,1408.8,642.12,1587.0,99.0
7,161,1407.45,642.2,1592.83,98.0
7,162,1416.62,642.17,1585.91,97.0
7,163,1410.41,642.44,1594.92,96.0
7,164,1413.34,642.3,1581.71,95.0
7,165,1408.63,642.48,1586.57,94.0
7,166,1408.71,643.11,1585.7,93.0
7,167,1401.69,642.65,1583.62,92.0
7,168,1406.7,642.23,1591.62,91.0
7,169,1405.6,642.73,1591.4,90.0
7,170,1410.37,642.52,1585.68,89.0
7,171,1405.96,642.58,1589.16,88.0
7,172,1406.01,642.92,1595.4,87.0
7,173,1414.03,643.01,1587.73,86.0
7,174,1397.74,642.49,1586.42,85.0
7,175,1412.11,642.68,1595.55,84.0
7,176,1415.24,642.28,1597.97,83.0
7,177,1410.93,642.84,1591.36,82.0
7,178,1411.27,642.67,1588.09,81.0
7,179,1400.94,643.0,1591.3,80.0
7,180,1405.0,642.74,1591.0,79.0
7,181,1412.01,642.36,1588.42,78.0
7,182,1408.38,642.8,1587.9,77.0
7,183,1410.52,642.8,1593.35,76.0
7,184,1411.6,642.51,1598.98,75.0
7,185,1404.86,642.78,1592.49,74.0
7,186,1403.32,642.48,1590.97,73.0
7,187,1411.99,642.86,1592.09,72.0
7,188,1412.29,642.9,1595.07,71.0
7,189,1412.55,642.8,1591.28,70.0
7,190,1415.28,642.69,1587.13,69.0
7,191,1411.57,642.46,1591.4,68.0
7,192,1410.83,642.86,1591.21,67.0
7,193,1409.17,642.13,1588.41,66.0
7,194,1405.47,642.53,1596.68,65.0
7,195,1412.3,642.42,1590.85,64.0
7,196,1414.59,642.89,1592.59,63.0
7,197,1411.61,642.72,1596.21,62.0
7,198,1407.03,642.67,1593.2,61.0
7,199,1406.95,642.5,1595.0,60.0
7,200,1415.32,642.33,1595.56,59.0
7,201,1410.91,642.44,1596.61,58.0
7,202,1417.06,642.91,1598.4,57.0
7,203,1411.74,642.88,1596.16,56.0
7,204,1417.15,642.8,1597.85,55.0
7,205,1415.44,642.78,1590.98,54.0
7,206,1403.14,643.48,1586.96,53.0
7,207,1413.89,642.98,1593.97,52.0
7,208,1407.37,642.81,1590.43,51.0
7,209,1418.83,642.67,1595.73,50.0
7,210,1418.31,643.04,1595.21,49.0
7,211,1419.64,642.97,1593.87,48.0
7,212,1411.21,642.93,1594.26,47.0
7,213,1414.91,642.51,1599.51,46.0
7,214,1415.25,642.87,1586.43,45.0
7,215,1417.42,642.23,1594.07,44.0
7,216,1418.23,642.94,1592.54,43.0
7,217,1418.59,643.26,1600.79,42.0
7,218,1418.41,642.93,1583.14,41.0
7,219,1417.93,642.92,1593.78,40.0
7,220,1416.42,642.89,1596.6,39.0
7,221,1416.66,643.21,1590.76,38.0
7,222,1416.17,643.44,1593.45,37.0
7,223,1411.45,642.46,1592.69,36.0
7,224,1423.7,643.34,1599.27,35.0
7,225,1404.63,643.1,1601.64,34.0
7,226,1417.37,642.85,1594.71,33.0
7,227,1416.6,643.3,1600.96,32.0
7,228,1423.21,643.59,1592.29,31.0
7,229,1418.82,643.53,1593.53,30.0
7,230,1418.61,643.66,1594.24,29.0
7,231,1415.67,643.03,1597.7,28.0
7,232,1412.12,643.48,1596.72,27.0
7,233,1420.78,642.87,1597.06,26.0
7,234,1424.95,643.51,1601.02,25.0
7,235,1419.33,643.06,1594.95,24.0
7,236,1417.66,643.14,1595.7,23.0
7,237,1414.51,643.45,1596.98,22.0
7,238,1419.91,643.21,1593.11,21.0
7,239,1427.17,643.13,1597.49,20.0
7,240,1432.67,643.32,1597.45,19.0
7,241,1431.51,643.14,1603.37,18.0
7,242,1420.94,643.45,1598.75,17.0
7,243,1417.37,643.5,1607.7,16.0
7,244,1428.04,643.11,1601.18,15.0
7,245,1426.25,644.0,1596.94,14.0
7,246,1433.13,643.41,1596.23,13.0
7,247,1424.71,643.47,1600.74,12.0
7,248,1427.14,643.87,1591.09,11.0
7,249,1422.5,643.13,1598.89,10.0
7,250,1421.79,643.94,1598.33,9.0
7,251,1427.83,643.83,1601.42,8.0
7,252,1436.55,643.91,1601.87,7.0
7,253,1421.13,643.53,1596.44,6.0
7,254,1423.7,643.56,1590.69,5.0
7,255,1422.76,643.45,1606.52,4.0
7,256,1428.37,643.35,1597.88,3.0
7,257,1421.92,644.27,1602.83,2.0
7,258,1425.91,643.56,1598.95,1.0
7,259,1435.04,644.15,1599.33,0.0
8,1,1409.75,643.18,1585.17,149.0
8,2,1410.81,642.92,1585.97,148.0
8,3,1403.29,642.74,1591.11,147.0
8,4,1406.11,642.76,1592.22,146.0
8,5,1409.34,643.13,1596.11,145.0
8,6,1418.06,642.55,1596.3,144.0
8,7,1404.52,642.86,1586.88,143.0
8,8,1407.11,642.75,1589.06,142.0
8,9,1413.87,643.01,1594.26,141.0
8,10,1406.7,642.57,1583.85,140.0
8,11,1419.87,642.3,1589.55,139.0
8,12,1406.39,643.02,1587.92,138.0
8,13,1407.31,642.46,1588.36,137.0
8,14,1413.77,642.44,1588.9,136.0
8,15,1411.97,642.61,1596.78,135.0
8,16,1410.4,641.82,1592.93,134.0
8,17,1403.1,642.61,1592.06,133.0
8,18,1409.63,642.2,1593.38,132.0
8,19,1406.79,642.32,1590.23,131.0
8,20,1405.38,643.33,1590.41,130.0
8,21,1400.16,642.74,1586.57,129.0
8,22,1412.59,642.68,1589.24,128.0
8,23,1415.98,643.08,1585.98,127.0
8,24,1406.58,642.92,1584.01,126.0
8,25,1410.56,642.85,1585.05,125.0
8,26,1405.69,642.23,1589.95,124.0
8,27,1413.37,642.83,1590.91,123.0
8,28,1411.85,642.14,1584.76,122.0
8,29,1407.7,642.89,1592.03,121.0
8,30,1400.07,643.08,1588.55,120.0
8,31,1410.45,642.63,1584.36,119.0
8,32,1413.85,642.87,1594.16,118.0
8,33,1416.52,642.11,1588.7,117.0
8,34,1406.27,642.38,1594.25,116.0
8,35,1411.73,642.79,1591.81,115.0
8,36,1414.51,643.05,1588.74,114.0
8,37,1409.9,642.86,1593.86,113.0
8,38,1403.91,642.91,1592.65,112.0
8,39,1409.08,642.67,1594.9,111.0
8,40,1409.73,642.33,1587.05,110.0
8,41,1415.03,643.64,1586.4,109.0
8,42,1413.96,642.45,1596.61,108.0
8,43,1404.92,642.12,1589.67,107.0
8,44,1412.23,642.83,1594.48,106.0
8,45,1406.87,642.7,1594.39,105.0
8,46,1407.98,642.66,1582.06,104.0
8,47,1409.66,643.19,1597.18,103.0
8,48,1410.66,643.16,1592.35,102.0
8,49,1408.45,642.47,1597.28,101.0
8,50,1418.47,642.46,1596.48,100.0
8,51,1408.48,642.3,1596.71,99.0
8,52,1411.15,642.91,1591.23,98.0
8,53,1408.73,642.44,1591.28,97.0
8,54,1408.64,642.8,1586.86,96.0
8,55,1409.0,642.55,1587.69,95.0
8,56,1412.93,642.79,1588.22,94.0
8,57,1405.68,642.51,1587.86,93.0
8,58,1415.49,642.54,1587.61,92.0
8,59,1403.96,642.73,1596.47,91.0
8,60,1413.38,642.89,1592.58,90.0
8,61,1410.45,642.36,1581.06,89.0
8,62,1406.65,642.93,1588.92,88.0
8,63,1411.87,642.38,1593.42,87.0
8,64,1403.83,643.04,1587.91,86.0
8,65,1411.72,642.33,1592.63,85.0
8,66,1410.23,642.65,1589.96,84.0
8,67,1416.24,643.01,1598.92,83.0
8,68,1409.46,642.59,1594.01,82.0
8,69,1411.5,643.06,1590.31,81.0
8,70,1409.85,643.09,1598.38,80.0
8,71,1411.2,642.27,1588.04,79.0
8,72,1412.92,642.79,1590.22,78.0
8,73,1412.9,642.76,1589.54,77.0
8,74,1406.93,643.27,1589.11,76.0
8,75,1413.75,642.42,1588.17,75.0
8,76,1411.06,642.69,1587.95,74.0
8,77,1415.54,642.83,1594.18,73.0
8,78,1412.77,643.06,1593.86,72.0
8,79,1408.65,643.18,1590.44,71.0
8,80,1421.86,643.09,1586.49,70.0
8,81,1418.07,642.44,1598.81,69.0
8,82,1406.94,643.11,1587.82,68.0
8,83,1406.93,642.79,1588.27,67.0
8,84,1416.91,642.91,1600.62,66.0
8,85,1419.03,643.53,1586.9,65.0
8,86,1411.11,643.57,1595.92,64.0
8,87,1419.41,643.13,1594.3,63.0
8,88,1413.99,643.0,1592.27,62.0
8,89,1414.77,642.89,1588.92,61.0
8,90,1419.66,643.04,1597.06,60.0
8,91,1418.09,642.85,1597.12,59.0
8,92,1406.32,643.22,1587.73,58.0
8,93,1412.99,642.64,1600.04,57.0
8,94,1413.58,642.83,1598.04,56.0
8,95,1414.15,643.23,1593.41,55.0
8,96,1410.75,642.87,1597.95,54.0
8,97,1414.96,643.24,1589.77,53.0
8,98,1414.43,642.84,1591.64,52.0
8,99,1416.42,642.14,1596.36,51.0
8,100,1418.78,642.33,1595.63,50.0
8,101,1421.21,643.11,1591.38,49.0
8,102,1413.48,643.14,1582.62,48.0
8,103,1411.03,642.76,1593.92,47.0
8,104,1418.79,642.77,1590.73,46.0
8,105,1411.94,642.64,1592.44,45.0
8,106,1412.29,642.74,1587.49,44.0
8,107,1420.11,642.93,1598.31,43.0
8,108,1422.19,642.82,1590.36,42.0
8,109,1412.1,642.9,1596.7,41.0
8,110,1413.93,643.46,1591.04,40.0
8,111,1416.05,643.11,1592.76,39.0
8,112,1415.73,642.9,1603.1,38.0
8,113,1410.46,643.23,1598.37,37.0
8,114,1415.05,642.96,1594.91,36.0
8,115,1415.49,642.73,1598.5,35.0
8,116,1419.78,643.29,1593.72,34.0
8,117,1419.89,643.14,1587.02,33.0
8,118,1411.35,642.94,1585.36,32.0
8,119,1416.89,643.38,1594.55,31.0
8,120,1417.09,643.44,1600.04,30.0
8,121,1417.41,642.98,1594.55,29.0
8,122,1422.75,643.37,1593.25,28.0
8,123,1419.95,643.81,1597.23,27.0
8,124,1419.7,643.09,1595.92,26.0
8,125,1424.0,643.84,1593.45,25.0
8,126,1420.01,643.15,1599.98,24.0
8,127,1416.81,643.53,1595.04,23.0
8,128,1427.67,643.34,1598.47,22.0
8,129,1418.54,642.87,1593.87,21.0
8,130,1414.35,642.95,1600.15,20.0
8,131,1425.47,643.48,1593.32,19.0
8,132,1419.07,643.55,1596.48,18.0
8,133,1416.24,643.8,1597.34,17.0
8,134,1425.3,644.02,1597.2,16.0
8,135,1422.09,643.22,1596.04,15.0
8,136,1418.93,643.55,1601.77,14.0
8,137,1424.6,643.38,1598.04,13.0
8,138,1429.13,643.68,1597.92,12.0
8,139,1424.37,642.78,1597.03,11.0
8,140,1419.01,643.53,1593.54,10.0
8,141,1422.62,643.46,1595.97,9.0
8,142,1427.03,643.23,1601.14,8.0
8,143,1426.08,643.44,1610.35,7.0
8,144,1422.82,643.95,1603.96,6.0
8,145,1427.14,643.6,1599.71,5.0
8,146,1421.14,643.49,1605.73,4.0
8,147,1429.5,643.32,1601.4,3.0
8,148,1421.3,643.43,1605.59,2.0
8,149,1428.29,643.87,1605.12,1.0
8,150,1432.31,643.87,1602.84,0.0
9,1,1396.22,642.18,1582.99,200.0
9,2,1394.7,641.91,1580.17,199.0
9,3,1396.79,642.5,1587.57,198.0
9,4,1406.4,642.04,1584.66,197.0
9,5,1400.12,642.06,1580.0,196.0
9,6,1401.32,641.84,1589.51,195.0
9,7,1400.27,641.66,1584.33,194.0
9,8,1392.49,641.46,1581.9,193.0
9,9,1394.58,641.99,1580.58,192.0
9,10,1391.62,641.77,1580.84,191.0
9,11,1400.58,642.33,1581.8,190.0
9,12,1402.16,641.63,1584.2,189.0
9,13,1399.58,641.97,1589.32,188.0
9,14,1398.28,642.44,1584.43,187.0
9,15,1394.71,641.89,1587.29,186.0
9,16,1400.74,642.18,1587.42,185.0
9,17,1395.4,641.63,1587.14,184.0
9,18,1396.41,641.7,1592.2,183.0
9,19,1398.7,641.73,1579.41,182.0
9,20,1389.2,642.11,1577.05,181.0
9,21,1394.42,642.03,1579.94,180.0
9,22,1399.51,642.25,1579.87,179.0
9,23,1402.96,641.41,1585.55,178.0
9,24,1394.39,642.04,1585.23,177.0
9,25,1397.22,642.2,1585.38,176.0
9,26,1396.74,642.72,1584.85,175.0
9,27,1395.38,642.55,1593.03,174.0
9,28,1396.46,641.88,1582.39,173.0
9,29,1398.25,642.17,1578.06,172.0
9,30,1396.4,641.96,1584.82,171.0
9,31,1393.67,642.33,1589.31,170.0
9,32,1390.48,641.89,1588.4,169.0
9,33,1395.64,642.02,1585.92,168.0
9,34,1405.48,642.09,1588.32,167.0
9,35,1400.73,642.02,1589.52,166.0
9,36,1396.31,641.85,1582.88,165.0
9,37,1397.08,642.35,1579.77,164.0
9,38,1393.55,641.74,1590.18,163.0
9,39,1400.47,642.51,1588.38,162.0
9,40,1393.79,642.38,1592.26,161.0
9,41,1392.08,642.23,1582.98,160.0
9,42,1397.76,642.19,1582.46,159.0
9,43,1395.74,642.21,1583.62,158.0
9,44,1397.21,642.03,1576.57,157.0
9,45,1395.2,641.91,1578.31,156.0
9,46,1403.72,642.02,1576.37,155.0
9,47,1401.14,642.14,1583.6,154.0
9,48,1394.15,642.36,1586.08,153.0
9,49,1393.84,642.42,1580.82,152.0
9,50,1396.96,641.95,1585.84,151.0
9,51,1394.64,641.85,1590.61,150.0
9,52,1390.75,641.79,1586.48,149.0
9,53,1394.15,641.9,1588.27,148.0
9,54,1389.74,642.36,1582.51,147.0
9,55,1400.69,642.27,1583.8,146.0
9,56,1397.74,642.01,1582.0,145.0
9,57,1398.72,642.44,1577.63,144.0
9,58,1402.6,642.62,1585.2,143.0
9,59,1401.5,642.14,1589.48,142.0
9,60,1398.98,642.54,1584.68,141.0
9,61,1389.95,642.27,1582.62,140.0
9,62,1396.13,642.3,1586.22,139.0
9,63,1393.77,642.62,1582.67,138.0
9,64,1398.39,641.99,1584.05,137.0
9,65,1400.38,642.64,1582.06,136.0
9,66,1394.61,642.2,1585.41,135.0
9,67,1403.17,641.9,1586.88,134.0
9,68,1399.61,642.07,1584.94,133.0
9,69,1392.73,642.04,1584.82,132.0
9,70,1398.8,641.94,1585.09,131.0
9,71,1407.83,641.82,1590.96,130.0
9,72,1406.79,641.85,1577.38,129.0
9,73,1399.71,641.8,1582.66,128.0
9,74,1400.1,642.33,1583.15,127.0
9,75,1406.51,642.81,1587.78,126.0
9,76,1400.42,642.01,1574.3,125.0
9,77,1404.25,642.03,1585.42,124.0
9,78,1406.3,641.81,1586.47,123.0
9,79,1392.83,642.22,1587.87,122.0
9,80,1400.68,641.88,1584.25,121.0
9,81,1399.24,642.16,1586.42,120.0
9,82,1402.04,642.17,1585.45,119.0
9,83,1397.5,641.76,1585.4,118.0
9,84,1398.43,642.1,1583.96,117.0
9,85,1400.9,641.95,1586.76,116.0
9,86,1403.43,641.67,1588.86,115.0
9,87,1392.08,642.34,1591.24,114.0
9,88,1398.54,641.71,1580.37,113.0
9,89,1399.66,642.21,1592.17,112.0
9,90,1401.57,642.44,1584.42,111.0
9,91,1405.67,642.05,1579.7,110.0
9,92,1399.92,642.02,1585.64,109.0
9,93,1405.21,642.08,1591.47,108.0
9,94,1401.46,642.05,1593.45,107.0
9,95,1395.08,642.38,1585.12,106.0
9,96,1397.68,642.41,1584.72,105.0
9,97,1404.15,642.41,1586.47,104.0
9,98,1400.38,642.75,1586.33,103.0
9,99,1400.32,642.39,1583.53,102.0
9,100,1394.51,642.24,1589.51,101.0
9,101,1401.94,642.47,1587.89,100.0
9,102,1396.58,642.33,1586.42,99.0
9,103,1403.32,641.93,1590.3,98.0
9,104,1403.04,642.35,1588.74,97.0
9,105,1399.4,641.81,1590.74,96.0
9,106,1401.0,642.68,1590.52,95.0
9,107,1405.78,641.9,1582.4,94.0
9,108,1396.02,642.46,1582.5,93.0
9,109,1406.15,642.18,1583.91,92.0
9,110,1394.19,642.03,1588.57,91.0
9,111,1398.69,642.9,1584.82,90.0
9,112,1403.69,642.69,1588.48,89.0
9,113,1401.6,642.0,1578.0,88.0
9,114,1399.35,642.03,1588.62,87.0
9,115,1400.65,642.6,1584.83,86.0
9,116,1386.43,642.53,1584.24,85.0
9,117,1402.37,641.76,1588.65,84.0
9,118,1412.17,642.31,1588.73,83.0
9,119,1397.87,642.37,1586.73,82.0
9,120,1394.99,642.01,1580.71,81.0
9,121,1398.53,642.21,1587.72,80.0
9,122,1404.44,642.55,1596.55,79.0
9,123,1398.36,642.56,1597.71,78.0
9,124,1396.84,642.42,1588.05,77.0
9,125,1402.64,642.74,1586.93,76.0
9,126,1398.03,642.68,1583.34,75.0
9,127,1403.56,642.36,1588.29,74.0
9,128,1406.91,642.43,1589.84,73.0
9,129,1399.03,642.77,1588.02,72.0
9,130,1399.16,642.6,1589.58,71.0
9,131,1395.46,642.25,1589.06,70.0
9,132,1397.84,642.15,1593.99,69.0
9,133,1406.84,642.73,1587.86,68.0
9,134,1408.87,642.61,1593.65,67.0
9,135,1397.92,642.26,1594.48,66.0
9,136,1405.17,642.57,1588.21,65.0
9,137,1404.57,642.63,1594.85,64.0
9,138,1401.97,642.6,1590.0,63.0
9,139,1405.55,642.67,1593.77,62.0
9,140,1399.53,642.9,1595.5,61.0
9,141,1402.76,642.57,1589.27,60.0
9,142,1403.63,642.15,1582.78,59.0
9,143,1405.24,642.16,1591.78,58.0
9,144,1405.62,642.58,1593.66,57.0
9,145,1399.45,642.16,1591.9,56.0
9,146,1405.57,642.96,1582.97,55.0
9,147,1404.5,642.18,1588.5,54.0
9,148,1400.75,641.94,1591.11,53.0
9,149,1401.45,642.6,1589.07,52.0
9,150,1406.44,642.32,1594.79,51.0
9,151,1407.19,641.94,1583.76,50.0
9,152,1419.46,642.65,1586.94,49.0
9,153,1410.85,642.2,1589.11,48.0
9,154,1405.96,642.66,1593.14,47.0
9,155,1411.51,642.86,1588.68,46.0
9,156,1404.54,642.68,1585.05,45.0
9,157,1401.39,642.82,1591.95,44.0
9,158,1399.17,642.61,1594.78,43.0
9,159,1401.96,642.67,1585.67,42.0
9,160,1407.75,642.47,1588.7,41.0
9,161,1412.27,642.96,1584.58,40.0
9,162,1411.12,642.76,1592.35,39.0
9,163,1411.84,642.64,1589.33,38.0
9,164,1402.53,643.05,1596.45,37.0
9,165,1411.15,642.56,1595.52,36.0
9,166,1411.1,642.96,1592.6,35.0
9,167,1403.24,642.81,1589.01,34.0
9,168,1411.1,642.77,1590.97,33.0
9,169,1404.33,642.83,1594.76,32.0
9,170,1410.55,642.61,1588.33,31.0
9,171,1418.0,642.34,1587.08,30.0
9,172,1410.93,643.07,1593.98,29.0
9,173,1403.42,642.57,1589.82,28.0
9,174,1417.95,642.57,1595.3,27.0
9,175,1412.09,642.89,1595.01,26.0
9,176,1408.48,643.16,1591.56,25.0
9,177,1408.22,642.83,1595.84,24.0
9,178,1407.18,643.3,1594.77,23.0
9,179,1412.2,643.01,1600.05,22.0
9,180,1406.19,643.05,1594.96,21.0
9,181,1417.63,643.23,1602.99,20.0
9,182,1416.51,643.01,1596.98,19.0
9,183,1410.37,643.07,1590.68,18.0
9,184,1415.55,643.55,1602.59,17.0
9,185,1420.83,643.2,1601.8,16.0
9,186,1415.44,643.16,1593.59,15.0
9,187,1421.69,643.55,1607.04,14.0
9,188,1417.4,642.83,1601.88,13.0
9,189,1418.62,642.84,1596.03,12.0
9,190,1417.78,643.73,1595.56,11.0
9,191,1423.1,643.38,1602.92,10.0
9,192,1420.21,643.23,1598.22,9.0
9,193,1427.4,643.32,1602.15,8.0
9,194,1418.42,643.13,1599.34,7.0
9,195,1431.01,642.7,1602.99,6.0
9,196,1424.02,643.24,1597.81,5.0
9,197,1417.01,643.42,1596.7,4.0
9,198,1433.83,643.46,1599.45,3.0
9,199,1429.19,643.69,1603.7,2.0
9,200,1431.95,643.4,1602.89,1.0
9,201,1428.43,644.04,1595.36,0.0
10,1,1392.2,641.92,1587.93,221.0
10,2,1392.03,642.22,1586.81,220.0
10,3,1395.51,642.16,1581.06,219.0
10,4,1388.15,642.14,1590.17,218.0
10,5,1396.37,642.13,1581.09,217.0
10,6,1394.91,641.99,1585.13,216.0
10,7,1394.26,642.44,1582.96,215.0
10,8,1392.39,641.61,1584.53,214.0
10,9,1401.27,641.78,1580.52,213.0
10,10,1398.55,642.02,1581.9,212.0
10,11,1400.69,642.48,1585.62,211.0
10,12,1396.26,642.2,1591.59,210.0
10,13,1395.18,641.98,1578.1,209.0
10,14,1400.37,642.03,1583.94,208.0
10,15,1393.99,642.3,1586.21,207.0
10,16,1397.33,641.87,1589.94,206.0
10,17,1400.99,641.79,1585.44,205.0
10,18,1395.47,641.87,1580.13,204.0
10,19,1396.14,642.29,1589.25,203.0
10,20,1397.1,641.88,1583.88,202.0
10,21,1399.2,642.14,1580.79,201.0
10,22,1397.3,642.28,1588.92,200.0
10,23,1395.85,642.36,1589.48,199.0
10,24,1393.75,642.0,1583.85,198.0
10,25,1406.96,642.76,1581.08,197.0
10,26,1392.6,642.48,1590.13,196.0
10,27,1396.89,642.17,1582.59,195.0
10,28,1392.56,641.74,1585.77,194.0
10,29,1396.87,641.47,1583.06,193.0
10,30,1402.48,641.9,1587.36,192.0
10,31,1398.36,642.2,1586.25,191.0
10,32,1392.5,641.84,1586.55,190.0
10,33,1396.54,642.55,1582.9,189.0
10,34,1397.64,642.52,1582.14,188.0
10,35,1399.6,642.0,1585.28,187.0
10,36,1396.29,641.46,1580.69,186.0
10,37,1398.36,641.97,1575.6,185.0
10,38,1397.83,642.2,1589.84,184.0
10,39,1390.9,642.78,1586.67,183.0
10,40,1393.76,642.12,1583.04,182.0
10,41,1393.32,641.64,1589.84,181.0
10,42,1398.05,641.48,1579.48,180.0
10,43,1401.83,642.67,1571.04,179.0
10,44,1399.42,642.14,1580.44,178.0
10,45,1398.18,642.03,1580.26,177.0
10,46,1398.27,642.03,1587.64,176.0
10,47,1393.94,642.08,1577.61,175.0
10,48,1402.0,641.97,1583.8,174.0
10,49,1398.39,642.24,1580.77,173.0
10,50,1400.5,641.87,1585.37,172.0
10,51,1395.73,642.2,1581.49,171.0
10,52,1401.12,641.76,1588.52,170.0
10,53,1397.38,641.76,1590.49,169.0
10,54,1402.76,641.84,1584.1,168.0
10,55,1398.77,641.76,1577.97,167.0
10,56,1396.86,642.21,1586.45,166.0
10,57,1400.77,641.82,1586.01,165.0
10,58,1398.42,642.15,1582.48,164.0
10,59,1401.01,642.3,1592.5,163.0
10,60,1402.06,642.04,1584.0,162.0
10,61,1393.03,642.28,1581.82,161.0
10,62,1400.1,642.52,1584.46,160.0
10,63,1397.06,641.54,1584.86,159.0
10,64,1398.52,642.17,1588.3,158.0
10,65,1400.65,642.34,1583.08,157.0
10,66,1399.24,641.95,1588.58,156.0
10,67,1407.4,642.04,1589.24,155.0
10,68,1404.08,641.8,1589.24,154.0
10,69,1393.64,642.21,1580.5,153.0
10,70,1395.29,642.01,1581.0,152.0
10,71,1394.25,641.76,1583.8,151.0
10,72,1404.12,642.18,1589.95,150.0
10,73,1401.15,641.96,1587.22,149.0
10,74,1399.61,642.17,1588.49,148.0
10,75,1394.16,642.01,1583.19,147.0
10,76,1397.09,641.99,1584.28,146.0
10,77,1405.17,642.4,1582.58,145.0
10,78,1398.63,642.24,1581.58,144.0
10,79,1400.71,642.02,1580.75,143.0
10,80,1398.55,642.1,1582.28,142.0
10,81,1398.36,641.88,1586.24,141.0
10,82,1397.04,642.19,1585.16,140.0
10,83,1406.27,641.98,1589.84,139.0
10,84,1397.59,642.27,1585.49,138.0
10,85,1391.74,642.01,1590.1,137.0
10,86,1404.97,641.96,1583.55,136.0
10,87,1403.75,642.37,1586.85,135.0
10,88,1400.55,642.71,1585.21,134.0
10,89,1390.62,641.38,1590.93,133.0
10,90,1397.14,641.95,1592.95,132.0
10,91,1400.69,642.52,1586.78,131.0
10,92,1399.88,641.98,1577.63,130.0
10,93,1397.2,641.98,1584.79,129.0
10,94,1393.72,642.06,1582.08,128.0
10,95,1403.99,642.2,1584.36,127.0
10,96,1411.03,642.09,1585.58,126.0
10,97,1401.74,641.85,1577.04,125.0
10,98,1396.65,642.17,1584.95,124.0
10,99,1396.87,641.76,1591.08,123.0
10,100,1400.67,641.88,1584.72,122.0
10,101,1400.21,641.86,1589.45,121.0
10,102,1394.62,642.25,1583.63,120.0
10,103,1396.52,642.16,1582.72,119.0
10,104,1404.78,642.3,1580.41,118.0
10,105,1401.84,642.75,1586.26,117.0
10,106,1402.81,642.16,1590.2,116.0
10,107,1397.62,642.02,1581.22,115.0
10,108,1401.12,642.3,1583.84,114.0
10,109,1394.11,642.28,1587.71,113.0
10,110,1391.63,642.12,1579.01,112.0
10,111,1401.29,642.72,1587.53,111.0
10,112,1395.02,642.31,1584.42,110.0
10,113,1405.91,642.25,1583.11,109.0
10,114,1404.12,642.21,1584.86,108.0
10,115,1398.42,642.38,1581.62,107.0
10,116,1395.43,641.97,1590.32,106.0
10,117,1400.54,642.24,1582.51,105.0
10,118,1398.75,642.43,1592.63,104.0
10,119,1407.73,641.95,1582.24,103.0
10,120,1407.15,641.49,1587.93,102.0
10,121,1400.88,642.33,1585.48,101.0
10,122,1401.57,642.23,1589.03,100.0
10,123,1398.32,642.45,1585.48,99.0
10,124,1398.1,642.8,1586.84,98.0
10,125,1403.73,642.14,1583.06,97.0
10,126,1403.2,642.36,1590.39,96.0
10,127,1407.6,642.5,1586.52,95.0
10,128,1406.54,642.54,1590.45,94.0
10,129,1409.07,642.4,1588.18,93.0
10,130,1402.57,642.68,1593.28,92.0
10,131,1406.11,642.33,1587.08,91.0
10,132,1399.05,642.24,1592.85,90.0
10,133,1401.1,642.29,1587.36,89.0
10,134,1405.37,642.39,1579.75,88.0
10,135,1404.34,643.1,1592.83,87.0
10,136,1406.33,642.33,1582.1,86.0
10,137,1401.27,641.63,1586.88,85.0
10,138,1398.91,642.49,1592.4,84.0
10,139,1398.62,642.13,1588.71,83.0
10,140,1404.24,642.77,1587.24,82.0
10,141,1403.74,642.71,1581.51,81.0
10,142,1409.85,642.73,1585.04,80.0
10,143,1396.72,642.7,1589.44,79.0
10,144,1408.86,642.06,1588.22,78.0
10,145,1405.49,641.86,1594.02,77.0
10,146,1402.77,642.52,1590.73,76.0
10,147,1406.56,642.2,1587.83,75.0
10,148,1405.34,642.71,1589.59,74.0
10,149,1412.16,642.25,1583.78,73.0
10,150,1404.69,642.04,1585.1,72.0
10,151,1404.88,642.24,1585.86,71.0
10,152,1405.32,643.25,1588.78,70.0
10,153,1405.5,641.89,1582.1,69.0
10,154,1402.71,642.02,1581.45,68.0
10,155,1408.72,642.79,1583.61,67.0
10,156,1407.74,642.78,1595.17,66.0
10,157,1416.64,642.53,1589.43,65.0
10,158,1408.22,643.13,1588.54,64.0
10,159,1402.67,642.89,1583.15,63.0
10,160,1413.52,642.65,1590.58,62.0
10,161,1407.85,642.56,1589.92,61.0
10,162,1402.84,642.9,1592.33,60.0
10,163,1408.02,642.9,1588.41,59.0
10,164,1410.26,643.22,1590.27,58.0
10,165,1404.07,642.72,1577.39,57.0
10,166,1414.65,643.41,1589.38,56.0
10,167,1407.49,642.85,1593.63,55.0
10,168,1405.85,642.85,1593.11,54.0
10,169,1414.28,642.54,1600.91,53.0
10,170,1415.82,642.53,1592.71,52.0
10,171,1413.44,642.5,1597.58,51.0
10,172,1414.09,642.9,1592.19,50.0
10,173,1414.52,642.74,1583.96,49.0
10,174,1409.5,642.68,1586.97,48.0
10,175,1412.11,642.78,1593.26,47.0
10,176,1406.76,643.27,1596.38,46.0
10,177,1414.12,642.98,1586.66,45.0
10,178,1415.57,642.93,1581.95,44.0
10,179,1409.71,643.05,1589.76,43.0
10,180,1407.59,643.12,1583.34,42.0
10,181,1416.42,642.46,1594.21,41.0
10,182,1402.63,642.52,1590.76,40.0
10,183,1413.84,642.42,1594.6,39.0
10,184,1411.88,643.28,1590.97,38.0
10,185,1409.21,643.29,1588.29,37.0
10,186,1418.86,642.89,1591.9,36.0
10,187,1411.57,643.45,1596.16,35.0
10,188,1415.61,642.95,1590.16,34.0
10,189,1409.61,643.62,1587.92,33.0
10,190,1422.12,643.61,1589.45,32.0
10,191,1413.63,642.89,1584.8,31.0
10,192,1413.05,642.54,1598.01,30.0
10,193,1416.85,643.83,1597.95,29.0
10,194,1415.76,643.56,1601.8,28.0
10,195,1418.29,642.87,1591.89,27.0
10,196,1415.41,643.37,1595.69,26.0
10,197,1416.91,642.87,1598.65,25.0
10,198,1413.88,642.91,1597.97,24.0
10,199,1418.63,642.94,1592.83,23.0
10,200,1424.28,642.72,1600.86,22.0
10,201,1417.62,643.42,1593.06,21.0
10,202,1419.0,643.03,1597.33,20.0
10,203,1422.41,643.63,1599.49,19.0
10,204,1420.54,643.35,1590.73,18.0
10,205,1421.8,643.31,1594.27,17.0
10,206,1417.02,643.71,1594.82,16.0
10,207,1422.45,643.78,1594.05,15.0
10,208,1418.13,643.28,1593.1,14.0
10,209,1413.32,643.61,1597.31,13.0
10,210,1415.11,643.65,1595.0,12.0
10,211,1419.52,643.47,1597.16,11.0
10,212,1417.97,643.39,1601.69,10.0
10,213,1422.53,643.87,1613.62,9.0
10,214,1427.82,643.4,1599.62,8.0
10,215,1429.1,643.01,1600.31,7.0
10,216,1424.69,643.36,1602.14,6.0
10,217,1423.45,644.35,1603.77,5.0
10,218,1426.21,643.7,1598.64,4.0
10,219,1424.54,643.46,1603.54,3.0
10,220,1422.76,643.46,1604.91,2.0
10,221,1432.13,644.09,1604.4,1.0
10,222,1436.29,643.66,1599.18,0.0
11,1,1395.39,642.2,1585.65,239.0
11,2,1389.78,641.81,1585.63,238.0
11,3,1392.21,642.05,1587.83,237.0
11,4,1394.48,642.19,1577.4,236.0
11,5,1398.36,642.32,1578.17,235.0
11,6,1398.81,641.88,1587.32,234.0
11,7,1400.55,642.43,1586.23,233.0
11,8,1400.84,642.21,1586.81,232.0
11,9,1400.39,641.85,1587.66,231.0
11,10,1399.96,641.71,1580.18,230.0
11,11,1403.4,642.69,1589.05,229.0
11,12,1398.4,642.24,1581.53,228.0
11,13,1400.43,642.53,1582.63,227.0
11,14,1391.25,642.27,1589.27,226.0
11,15,1406.64,642.61,1582.4,225.0
11,16,1400.99,642.51,1591.74,224.0
11,17,1397.7,641.61,1586.2,223.0
11,18,1394.4,641.92,1587.52,222.0
11,19,1395.37,642.79,1582.29,221.0
11,20,1398.75,642.35,1593.36,220.0
11,21,1391.13,642.44,1583.42,219.0
11,22,1402.4,642.08,1581.85,218.0
11,23,1399.86,642.25,1580.18,217.0
11,24,1400.31,642.15,1583.63,216.0
11,25,1403.54,641.73,1580.23,215.0
11,26,1396.14,642.09,1579.34,214.0
11,27,1400.06,642.13,1588.96,213.0
11,28,1402.92,642.22,1576.29,212.0
11,29,1397.34,642.1,1582.76,211.0
11,30,1400.58,642.01,1582.15,210.0
11,31,1390.69,642.22,1591.95,209.0
11,32,1401.48,641.69,1580.75,208.0
11,33,1394.85,641.98,1584.74,207.0
11,34,1396.78,642.91,1588.67,206.0
11,35,1402.56,642.19,1587.71,205.0
11,36,1397.55,641.99,1586.4,204.0
11,37,1392.64,642.18,1582.02,203.0
11,38,1395.71,642.18,1584.35,202.0
11,39,1398.09,642.73,1581.9,201.0
11,40,1400.42,642.26,1584.31,200.0
11,41,1397.41,641.62,1584.46,199.0
11,42,1400.52,641.41,1588.62,198.0
11,43,1399.23,642.38,1582.06,197.0
11,44,1405.46,642.22,1581.61,196.0
11,45,1391.03,642.13,1576.17,195.0
11,46,1398.47,641.7,1581.5,194.0
11,47,1397.92,642.39,1587.17,193.0
11,48,1400.98,642.43,1589.74,192.0
11,49,1399.38,641.96,1575.0,191.0
11,50,1403.6,642.27,1571.84,190.0
11,51,1398.17,642.34,1584.54,189.0
11,52,1403.83,642.46,1583.06,188.0
11,53,1392.95,642.49,1583.43,187.0
11,54,1394.84,642.36,1589.87,186.0
11,55,1391.51,642.11,1587.89,185.0
11,56,1400.18,642.7,1584.42,184.0
11,57,1402.39,642.08,1584.82,183.0
11,58,1405.3,641.79,1581.77,182.0
11,59,1405.2,642.45,1585.68,181.0
11,60,1398.27,642.11,1585.22,180.0
11,61,1399.97,642.06,1595.45,179.0
11,62,1398.58,642.0,1586.58,178.0
11,63,1393.16,641.98,1585.86,177.0
11,64,1398.68,641.97,1584.22,176.0
11,65,1398.46,642.43,1588.24,175.0
11,66,1397.4,642.72,1588.41,174.0
11,67,1394.41,642.3,1585.26,173.0
11,68,1403.57,642.23,1583.28,172.0
11,69,1400.55,642.24,1586.27,171.0
11,70,1401.56,642.34,1580.13,170.0
11,71,1394.86,642.57,1586.2,169.0
11,72,1400.38,642.32,1591.12,168.0
11,73,1397.97,642.07,1584.11,167.0
11,74,1395.96,642.27,1585.03,166.0
11,75,1391.07,641.95,1580.27,165.0
11,76,1403.1,642.07,1584.39,164.0
11,77,1399.83,642.42,1589.24,163.0
11,78,1396.85,642.0,1588.75,162.0
11,79,1396.23,642.36,1582.83,161.0
11,80,1403.0,641.96,1590.13,160.0
11,81,1401.14,642.54,1583.78,159.0
11,82,1394.27,642.37,1590.35,158.0
11,83,1402.02,642.49,1590.06,157.0
11,84,1396.88,641.99,1590.02,156.0
11,85,1396.96,642.63,1586.68,155.0
11,86,1402.28,642.62,1583.63,154.0
11,87,1393.42,642.3,1579.51,153.0
11,88,1402.89,642.14,1589.38,152.0
11,89,1402.26,642.28,1585.72,151.0
11,90,1399.76,642.14,1591.91,150.0
11,91,1402.13,642.6,1591.09,149.0
11,92,1397.51,642.64,1586.27,148.0
11,93,1403.52,641.9,1591.55,147.0
11,94,1407.02,642.3,1588.6,146.0
11,95,1395.26,642.67,1587.52,145.0
11,96,1395.03,642.02,1581.98,144.0
11,97,1406.27,641.98,1588.9,143.0
11,98,1397.71,642.31,1584.87,142.0
11,99,1394.92,642.13,1581.23,141.0
11,100,1402.81,642.32,1587.87,140.0
11,101,1399.46,642.28,1584.59,139.0
11,102,1394.53,642.21,1587.73,138.0
11,103,1406.52,642.5,1579.9,137.0
11,104,1392.54,642.28,1586.62,136.0
11,105,1401.55,642.49,1590.06,135.0
11,106,1399.65,642.0,1590.45,134.0
11,107,1399.41,642.27,1580.91,133.0
11,108,1396.72,642.27,1590.02,132.0
11,109,1396.62,642.57,1585.26,131.0
11,110,1399.72,642.18,1592.33,130.0
11,111,1391.22,642.17,1590.1,129.0
11,112,1391.29,642.63,1582.95,128.0
11,113,1399.14,642.54,1584.52,127.0
11,114,1401.8,642.22,1589.45,126.0
11,115,1397.09,642.08,1577.94,125.0
11,116,1400.27,642.03,1582.25,124.0
11,117,1399.08,642.29,1588.99,123.0
11,118,1410.69,642.15,1582.3,122.0
11,119,1402.35,642.35,1582.34,121.0
11,120,1398.02,641.68,1592.75,120.0
11,121,1402.7,642.76,1582.4,119.0
11,122,1405.57,642.83,1584.81,118.0
11,123,1397.49,642.5,1586.47,117.0
11,124,1404.35,642.33,1591.74,116.0
11,125,1403.9,642.07,1596.07,115.0
11,126,1403.67,641.9,1587.99,114.0
11,127,1405.37,641.8,1587.67,113.0
11,128,1408.11,642.21,1583.75,112.0
11,129,1401.0,642.8,1582.18,111.0
11,130,1399.84,642.17,1586.67,110.0
11,131,1398.91,642.24,1588.51,109.0
11,132,1398.47,642.11,1583.51,108.0
11,133,1399.55,642.29,1581.62,107.0
11,134,1411.41,642.46,1579.85,106.0
11,135,1403.08,642.63,1589.76,105.0
11,136,1399.82,642.03,1585.65,104.0
11,137,1403.68,641.71,1584.31,103.0
11,138,1404.53,642.78,1578.23,102.0
11,139,1405.9,641.96,1583.02,101.0
11,140,1401.7,642.52,1588.37,100.0
11,141,1402.05,642.05,1587.16,99.0
11,142,1406.78,642.96,1583.17,98.0
11,143,1399.7,642.21,1589.4,97.0
11,144,1401.62,642.61,1584.22,96.0
11,145,1409.25,642.48,1587.0,95.0
11,146,1403.74,642.13,1587.19,94.0
11,147,1407.81,642.56,1585.41,93.0
11,148,1410.15,642.62,1593.51,92.0
11,149,1411.83,642.98,1592.98,91.0
11,150,1402.72,642.06,1584.02,90.0
11,151,1405.47,642.89,1589.2,89.0
11,152,1401.33,642.53,1591.83,88.0
11,153,1405.94,642.46,1592.3,87.0
11,154,1400.91,642.83,1589.3,86.0
11,155,1403.41,642.23,1587.73,85.0
11,156,1402.44,642.29,1583.59,84.0
11,157,1402.6,642.61,1590.78,83.0
11,158,1400.72,642.47,1590.39,82.0
11,159,1412.72,642.04,1593.59,81.0
11,160,1405.19,642.82,1587.98,80.0
11,161,1401.88,642.28,1585.28,79.0
11,162,1402.67,642.42,1593.8,78.0
11,163,1398.22,641.95,1590.62,77.0
11,164,1400.01,642.71,1590.29,76.0
11,165,1411.62,642.55,1596.82,75.0
11,166,1402.71,642.68,1587.0,74.0
11,167,1406.61,642.3,1592.45,73.0
11,168,1405.65,643.18,1581.81,72.0
11,169,1408.07,642.46,1580.78,71.0
11,170,1399.02,641.97,1588.75,70.0
11,171,1412.85,643.01,1590.91,69.0
11,172,1401.46,642.45,1586.91,68.0
11,173,1404.02,642.22,1591.75,67.0
11,174,1411.04,642.52,1592.14,66.0
11,175,1403.34,642.9,1587.68,65.0
11,176,1411.16,642.37,1590.8,64.0
11,177,1404.25,642.82,1589.03,63.0
11,178,1405.88,642.77,1595.91,62.0
11,179,1412.68,642.85,1590.33,61.0
11,180,1407.66,642.91,1587.71,60.0
11,181,1406.71,642.57,1590.02,59.0
11,182,1402.03,642.59,1588.41,58.0
11,183,1404.72,642.78,1587.06,57.0
11,184,1419.01,642.91,1595.5,56.0
11,185,1414.52,642.85,1587.53,55.0
11,186,1409.5,642.6,1589.21,54.0
11,187,1417.17,642.32,1587.31,53.0
11,188,1412.07,643.19,1602.38,52.0
11,189,1404.31,642.45,1596.93,51.0
11,190,1404.18,642.74,1599.98,50.0
11,191,1414.78,642.44,1590.57,49.0
11,192,1415.89,642.25,1587.95,48.0
11,193,1414.9,642.62,1594.23,47.0
11,194,1417.31,643.09,1591.38,46.0
11,195,1416.86,643.38,1591.11,45.0
11,196,1416.39,643.24,1593.96,44.0
11,197,1407.81,642.82,1596.08,43.0
11,198,1412.42,643.22,1597.7,42.0
11,199,1407.33,642.75,1594.39,41.0
11,200,1419.89,642.82,1593.09,40.0
11,201,1409.84,642.74,1594.0,39.0
11,202,1416.12,642.82,1595.43,38.0
11,203,1415.68,643.27,1594.42,37.0
11,204,1413.66,643.01,1600.78,36.0
11,205,1407.48,643.32,1599.68,35.0
11,206,1416.59,643.06,1592.38,34.0
11,207,1408.91,642.53,1592.09,33.0
11,208,1410.5,643.42,1597.0,32.0
11,209,1418.53,642.79,1592.08,31.0
11,210,1417.71,644.09,1595.84,30.0
11,211,1411.15,642.86,1589.33,29.0
11,212,1416.11,643.31,1601.93,28.0
11,213,1417.44,642.97,1600.91,27.0
11,214,1408.39,643.24,1598.2,26.0
11,215,1421.25,643.24,1592.43,25.0
11,216,1419.4,643.1,1595.6,24.0
11,217,1413.99,642.94,1595.48,23.0
11,218,1415.34,643.43,1605.0,22.0
11,219,1419.38,642.91,1603.37,21.0
11,220,1418.16,643.18,1599.36,20.0
11,221,1422.01,643.39,1596.2,19.0
11,222,1419.71,643.38,1596.23,18.0
11,223,1413.78,643.27,1594.78,17.0
11,224,1424.28,643.19,1598.12,16.0
11,225,1415.65,643.28,1604.2,15.0
11,226,1418.47,643.26,1601.06,14.0
11,227,1431.26,643.04,1605.96,13.0
11,228,1418.52,643.24,1605.75,12.0
11,229,1418.75,643.57,1594.52,11.0
11,230,1421.19,643.45,1600.48,10.0
11,231,1416.66,643.77,1605.96,9.0
11,232,1415.05,643.57,1608.8,8.0
11,233,1423.14,643.4,1605.43,7.0
11,234,1420.0,643.65,1592.79,6.0
11,235,1426.16,643.22,1597.07,5.0
11,236,1420.43,643.6,1609.02,4.0
11,237,1429.22,643.5,1601.64,3.0
11,238,1426.44,643.27,1607.24,2.0
11,239,1424.85,643.68,1608.34,1.0
11,240,1432.38,643.52,1598.71,0.0
12,1,1402.11,642.39,1586.1,169.0
12,2,1406.54,642.43,1592.56,168.0
12,3,1403.33,642.35,1587.14,167.0
12,4,1409.25,642.5,1594.4,166.0
12,5,1410.35,642.81,1584.77,165.0
12,6,1409.04,642.64,1586.47,164.0
12,7,1411.32,642.54,1585.61,163.0
12,8,1410.7,642.37,1590.47,162.0
12,9,1399.4,641.95,1585.75,161.0
12,10,1402.29,642.37,1592.2,160.0
12,11,1412.44,642.47,1592.71,159.0
12,12,1407.38,643.0,1581.29,158.0
12,13,1405.14,643.31,1592.33,157.0
12,14,1408.12,642.94,1589.91,156.0
12,15,1404.86,642.22,1592.95,155.0
12,16,1403.71,642.41,1585.13,154.0
12,17,1409.69,642.62,1590.64,153.0
12,18,1412.6,642.27,1588.16,152.0
12,19,1408.97,642.68,1596.79,151.0
12,20,1407.65,642.89,1586.86,150.0
12,21,1404.49,642.86,1594.72,149.0
12,22,1409.01,642.81,1588.36,148.0
12,23,1403.92,642.64,1593.21,147.0
12,24,1407.22,642.74,1588.51,146.0
12,25,1409.74,642.37,1589.24,145.0
12,26,1410.57,642.76,1581.49,144.0
12,27,1410.61,642.41,1582.28,143.0
12,28,1409.23,642.12,1590.92,142.0
12,29,1409.43,642.79,1583.54,141.0
12,30,1400.58,642.86,1594.49,140.0
12,31,1404.71,642.62,1585.54,139.0
12,32,1408.2,642.79,1596.75,138.0
12,33,1406.3,642.41,1589.35,137.0
12,34,1409.24,642.57,1591.88,136.0
12,35,1407.2,642.79,1588.11,135.0
12,36,1400.78,642.91,1592.47,134.0
12,37,1410.24,642.41,1592.1,133.0
12,38,1405.1,642.73,1595.43,132.0
12,39,1412.85,642.3,1590.38,131.0
12,40,1411.14,642.16,1587.52,130.0
12,41,1412.07,642.17,1588.32,129.0
12,42,1407.56,642.97,1594.0,128.0
12,43,1412.04,642.35,1590.12,127.0
12,44,1405.39,642.5,1591.36,126.0
12,45,1409.85,642.76,1598.73,125.0
12,46,1407.58,642.39,1595.76,124.0
12,47,1406.25,642.27,1588.92,123.0
12,48,1412.42,642.47,1588.91,122.0
12,49,1400.39,642.84,1587.07,121.0
12,50,1409.02,642.19,1591.98,120.0
12,51,1413.22,643.1,1587.83,119.0
12,52,1408.59,642.6,1583.57,118.0
12,53,1404.21,642.66,1592.1,117.0
12,54,1411.94,642.59,1588.31,116.0
12,55,1414.35,642.8,1594.84,115.0
12,56,1408.46,642.47,1588.91,114.0
12,57,1407.61,643.42,1596.13,113.0
12,58,1406.46,642.18,1592.85,112.0
12,59,1402.56,643.05,1595.21,111.0
12,60,1413.02,642.25,1596.61,110.0
12,61,1406.41,642.85,1589.81,109.0
12,62,1409.63,642.21,1590.03,108.0
12,63,1409.09,642.57,1592.3,107.0
12,64,1411.9,642.72,1592.81,106.0
12,65,1414.56,642.97,1596.75,105.0
12,66,1406.22,642.61,1589.21,104.0
12,67,1406.37,642.81,1586.58,103.0
12,68,1411.87,642.62,1590.13,102.0
12,69,1420.36,642.78,1588.31,101.0
12,70,1406.66,642.93,1588.41,100.0
12,71,1405.68,642.3,1587.35,99.0
12,72,1414.47,642.41,1590.65,98.0
12,73,1405.42,642.62,1591.9,97.0
12,74,1406.39,642.62,1584.62,96.0
12,75,1406.82,642.64,1588.03,95.0
12,76,1405.95,642.56,1588.67,94.0
12,77,1406.28,643.27,1591.27,93.0
12,78,1413.68,643.25,1591.94,92.0
12,79,1408.29,642.64,1590.61,91.0
12,80,1415.59,643.14,1586.51,90.0
12,81,1412.22,643.02,1584.68,89.0
12,82,1404.4,643.25,1589.34,88.0
12,83,1408.9,642.02,1594.89,87.0
12,84,1407.82,642.47,1594.14,86.0
12,85,1413.71,642.6,1585.73,85.0
12,86,1415.28,642.37,1591.1,84.0
12,87,1403.94,642.98,1586.54,83.0
12,88,1407.16,642.96,1592.5,82.0
12,89,1414.97,642.46,1590.54,81.0
12,90,1410.93,642.65,1591.09,80.0
12,91,1412.95,643.09,1591.52,79.0
12,92,1405.97,643.14,1593.57,78.0
12,93,1414.14,643.15,1587.64,77.0
12,94,1409.75,642.48,1596.66,76.0
12,95,1408.66,642.9,1590.23,75.0
12,96,1412.03,642.54,1584.94,74.0
12,97,1409.96,643.01,1592.11,73.0
12,98,1407.46,642.89,1590.63,72.0
12,99,1414.0,642.65,1592.47,71.0
12,100,1409.98,642.93,1592.94,70.0
12,101,1405.95,641.86,1592.94,69.0
12,102,1416.0,643.08,1596.33,68.0
12,103,1413.83,642.77,1597.71,67.0
12,104,1411.71,642.7,1588.44,66.0
12,105,1412.6,642.89,1597.38,65.0
12,106,1409.57,643.09,1597.25,64.0
12,107,1417.46,642.94,1594.02,63.0
12,108,1408.39,642.91,1594.45,62.0
12,109,1419.38,642.94,1595.94,61.0
12,110,1412.7,642.84,1592.11,60.0
12,111,1411.45,643.07,1589.65,59.0
12,112,1409.29,642.74,1595.7,58.0
12,113,1409.84,642.79,1595.31,57.0
12,114,1419.34,642.86,1598.13,56.0
12,115,1416.2,642.75,1588.68,55.0
12,116,1417.6,643.05,1594.69,54.0
12,117,1413.56,643.16,1592.66,53.0
12,118,1415.05,643.7,1585.24,52.0
12,119,1410.41,643.28,1594.82,51.0
12,120,1412.59,643.18,1587.28,50.0
12,121,1414.21,642.84,1586.95,49.0
12,122,1416.51,643.26,1590.54,48.0
12,123,1412.84,642.76,1593.18,47.0
12,124,1420.25,643.11,1602.74,46.0
12,125,1414.66,643.59,1606.24,45.0
12,126,1418.62,642.94,1591.82,44.0
12,127,1413.99,643.41,1598.83,43.0
12,128,1417.31,642.93,1592.17,42.0
12,129,1426.19,643.16,1587.1,41.0
12,130,1427.28,642.42,1590.42,40.0
12,131,1428.96,643.21,1591.13,39.0
12,132,1418.45,643.34,1591.07,38.0
12,133,1414.33,642.99,1588.98,37.0
12,134,1419.05,642.76,1593.3,36.0
12,135,1421.42,643.15,1606.69,35.0
12,136,1413.03,643.09,1591.89,34.0
12,137,1419.0,642.65,1589.72,33.0
12,138,1417.2,643.39,1604.19,32.0
12,139,1427.64,642.87,1597.67,31.0
12,140,1418.94,643.04,1589.71,30.0
12,141,1425.51,643.39,1592.31,29.0
12,142,1422.42,643.6,1596.32,28.0
12,143,1421.68,642.82,1600.64,27.0
12,144,1421.96,643.65,1590.16,26.0
12,145,1416.98,642.82,1601.68,25.0
12,146,1422.97,642.99,1591.97,24.0
12,147,1419.6,643.06,1596.79,23.0
12,148,1422.2,643.13,1602.11,22.0
12,149,1419.79,643.54,1595.79,21.0
12,150,1426.32,643.34,1597.62,20.0
12,151,1418.09,643.61,1594.38,19.0
12,152,1422.8,643.03,1600.52,18.0
12,153,1425.5,643.06,1593.88,17.0
12,154,1424.54,643.42,1594.76,16.0
12,155,1426.68,643.75,1598.19,15.0
12,156,1420.52,643.3,1596.61,14.0
12,157,1428.13,642.86,1597.39,13.0
12,158,1424.96,643.62,1607.1,12.0
12,159,1430.89,643.63,1598.16,11.0
12,160,1429.75,643.64,1592.61,10.0
12,161,1428.39,643.1,1595.35,9.0
12,162,1414.13,643.45,1602.88,8.0
12,163,1434.05,643.59,1593.01,7.0
12,164,1419.55,642.95,1598.33,6.0
12,165,1425.13,643.76,1597.89,5.0
12,166,1427.48,643.91,1604.39,4.0
12,167,1426.11,643.78,1600.52,3.0
12,168,1429.19,643.59,1596.25,2.0
12,169,1429.09,643.34,1597.46,1.0
12,170,1434.94,643.31,1601.76,0.0
13,1,1405.5,641.94,1594.32,162.0
13,2,1406.78,642.61,1592.31,161.0
13,3,1410.36,642.23,1589.66,160.0
13,4,1408.66,642.67,1593.12,159.0
13,5,1408.31,642.77,1589.93,158.0
13,6,1406.72,642.83,1589.25,157.0
13,7,1402.15,642.69,1591.14,156.0
13,8,1399.39,642.41,1590.39,155.0
13,9,1416.61,642.76,1589.31,154.0
13,10,1410.1,642.31,1594.02,153.0
13,11,1403.72,642.81,1590.74,152.0
13,12,1407.15,641.91,1585.92,151.0
13,13,1409.62,643.25,1599.99,150.0
13,14,1409.34,642.22,1591.18,149.0
13,15,1406.2,642.79,1594.09,148.0
13,16,1409.0,642.59,1595.91,147.0
13,17,1404.03,643.01,1593.27,146.0
13,18,1405.87,642.08,1589.14,145.0
13,19,1408.11,642.47,1584.56,144.0
13,20,1407.4,642.77,1595.46,143.0
13,21,1407.08,642.25,1581.62,142.0
13,22,1407.41,643.02,1586.2,141.0
13,23,1405.63,642.6,1586.29,140.0
13,24,1406.29,642.95,1587.31,139.0
13,25,1407.62,642.1,1594.3,138.0
13,26,1402.94,642.19,1586.42,137.0
13,27,1407.03,643.01,1590.15,136.0
13,28,1406.48,642.56,1590.55,135.0
13,29,1408.82,642.89,1588.97,134.0
13,30,1409.6,642.7,1588.36,133.0
13,31,1404.89,642.3,1590.98,132.0
13,32,1405.37,642.75,1589.12,131.0
13,33,1406.37,642.48,1588.69,130.0
13,34,1409.85,642.35,1590.06,129.0
13,35,1401.64,642.61,1589.91,128.0
13,36,1403.92,642.58,1586.23,127.0
13,37,1412.44,642.68,1582.58,126.0
13,38,1406.92,642.69,1593.33,125.0
13,39,1403.8,642.63,1581.24,124.0
13,40,1411.86,641.99,1585.55,123.0
13,41,1403.07,642.23,1588.43,122.0
13,42,1407.81,642.86,1588.03,121.0
13,43,1407.9,642.66,1590.78,120.0
13,44,1412.61,642.45,1590.56,119.0
13,45,1410.44,642.77,1588.23,118.0
13,46,1409.85,642.86,1584.07,117.0
13,47,1402.37,642.14,1594.3,116.0
13,48,1406.57,642.85,1594.55,115.0
13,49,1409.84,642.91,1584.16,114.0
13,50,1409.34,642.89,1592.76,113.0
13,51,1405.96,641.96,1590.8,112.0
13,52,1411.13,642.56,1594.44,111.0
13,53,1405.82,642.62,1587.86,110.0
13,54,1410.93,642.37,1590.53,109.0
13,55,1406.72,642.92,1594.46,108.0
13,56,1404.01,642.21,1592.74,107.0
13,57,1403.8,642.78,1594.82,106.0
13,58,1413.32,642.37,1594.12,105.0
13,59,1413.87,642.61,1584.02,104.0
13,60,1404.27,642.51,1589.07,103.0
13,61,1411.08,642.63,1585.86,102.0
13,62,1406.18,642.23,1596.03,101.0
13,63,1399.34,642.61,1582.69,100.0
13,64,1402.07,642.8,1592.07,99.0
13,65,1410.38,642.6,1594.17,98.0
13,66,1403.29,642.68,1586.39,97.0
13,67,1411.71,642.85,1587.87,96.0
13,68,1410.46,643.05,1593.84,95.0
13,69,1408.67,642.94,1590.66,94.0
13,70,1406.78,642.22,1591.39,93.0
13,71,1414.31,642.73,1591.12,92.0
13,72,1409.41,642.54,1591.82,91.0
13,73,1411.79,642.93,1589.96,90.0
13,74,1415.71,642.87,1586.46,89.0
13,75,1410.41,642.72,1584.67,88.0
13,76,1409.33,642.76,1588.78,87.0
13,77,1407.09,642.98,1592.44,86.0
13,78,1407.96,643.34,1588.31,85.0
13,79,1406.53,642.88,1589.69,84.0
13,80,1412.63,642.75,1590.85,83.0
13,81,1412.8,642.13,1588.28,82.0
13,82,1402.78,642.9,1593.79,81.0
13,83,1406.15,642.47,1587.71,80.0
13,84,1407.51,642.74,1586.75,79.0
13,85,1408.95,642.53,1588.86,78.0
13,86,1411.47,642.95,1597.2,77.0
13,87,1412.87,642.93,1590.9,76.0
13,88,1410.14,643.2,1584.99,75.0
13,89,1406.3,642.78,1582.6,74.0
13,90,1404.97,643.21,1590.21,73.0
13,91,1408.55,642.84,1584.29,72.0
13,92,1414.03,643.05,1598.85,71.0
13,93,1418.25,642.79,1590.43,70.0
13,94,1410.23,642.95,1587.61,69.0
13,95,1416.13,642.58,1593.74,68.0
13,96,1410.02,642.51,1590.91,67.0
13,97,1412.34,642.98,1588.13,66.0
13,98,1412.78,642.89,1584.86,65.0
13,99,1408.46,642.56,1593.29,64.0
13,100,1412.04,642.78,1593.39,63.0
13,101,1414.86,642.98,1597.42,62.0
13,102,1417.22,642.65,1591.57,61.0
13,103,1412.81,643.52,1592.63,60.0
13,104,1407.82,642.36,1583.37,59.0
13,105,1409.09,642.59,1595.5,58.0
13,106,1413.69,643.32,1593.4,57.0
13,107,1413.53,642.95,1587.55,56.0
13,108,1415.34,643.21,1589.74,55.0
13,109,1408.09,642.57,1593.72,54.0
13,110,1410.86,643.13,1594.1,53.0
13,111,1414.54,643.28,1590.26,52.0
13,112,1412.15,642.9,1590.16,51.0
13,113,1414.53,642.92,1593.22,50.0
13,114,1408.0,642.88,1582.94,49.0
13,115,1418.32,642.78,1598.39,48.0
13,116,1414.51,643.39,1589.76,47.0
13,117,1416.63,643.12,1589.98,46.0
13,118,1411.57,642.19,1592.49,45.0
13,119,1409.92,643.25,1592.73,44.0
13,120,1415.4,642.4,1590.66,43.0
13,121,1420.97,643.06,1594.49,42.0
13,122,1411.48,643.01,1596.44,41.0
13,123,1414.96,643.12,1595.22,40.0
13,124,1418.67,642.76,1595.96,39.0
13,125,1408.57,643.03,1585.89,38.0
13,126,1414.3,643.67,1592.31,37.0
13,127,1412.94,642.71,1601.18,36.0
13,128,1418.92,643.27,1597.19,35.0
13,129,1413.21,642.59,1595.24,34.0
13,130,1414.59,643.05,1587.82,33.0
13,131,1418.82,643.07,1597.57,32.0
13,132,1419.52,642.95,1592.71,31.0
13,133,1421.87,643.17,1595.73,30.0
13,134,1418.5,643.69,1595.99,29.0
13,135,1417.78,642.98,1590.64,28.0
13,136,1417.34,643.24,1599.02,27.0
13,137,1422.49,643.11,1592.77,26.0
13,138,1420.71,642.93,1593.15,25.0
13,139,1420.01,643.14,1598.42,24.0
13,140,1426.52,643.28,1598.29,23.0
13,141,1413.6,643.07,1594.69,22.0
13,142,1424.19,643.32,1595.55,21.0
13,143,1422.59,642.84,1598.36,20.0
13,144,1423.84,642.88,1595.65,19.0
13,145,1419.82,643.0,1594.56,18.0
13,146,1424.19,643.71,1603.7,17.0
13,147,1417.04,643.23,1599.5,16.0
13,148,1423.23,643.21,1596.17,15.0
13,149,1421.16,643.46,1602.85,14.0
13,150,1421.84,643.39,1600.67,13.0
13,151,1428.92,643.6,1609.06,12.0
13,152,1421.46,643.54,1597.82,11.0
13,153,1421.08,643.73,1598.38,10.0
13,154,1418.94,643.23,1602.57,9.0
13,155,1426.46,643.08,1600.58,8.0
13,156,1419.52,643.71,1599.54,7.0
13,157,1432.39,643.43,1604.86,6.0
13,158,1427.79,643.17,1610.57,5.0
13,159,1418.86,643.53,1612.88,4.0
13,160,1429.73,643.77,1597.42,3.0
13,161,1432.17,643.5,1602.21,2.0
13,162,1431.55,643.87,1605.83,1.0
13,163,1430.32,644.26,1610.89,0.0
14,1,1403.23,642.88,1587.54,179.0
14,2,1411.67,642.88,1590.81,178.0
14,3,1407.39,642.57,1589.04,177.0
14,4,1408.2,643.18,1593.24,176.0
14,5,1407.83,642.38,1590.53,175.0
14,6,1406.54,642.42,1588.53,174.0
14,7,1404.6,642.47,1591.83,173.0
14,8,1403.33,642.26,1595.78,172.0
14,9,1408.97,642.62,1586.54,171.0
14,10,1413.81,642.64,1586.29,170.0
14,11,1402.62,642.64,1592.1,169.0
14,12,1407.39,642.3,1592.85,168.0
14,13,1409.72,642.75,1589.15,167.0
14,14,1406.46,642.4,1589.03,166.0
14,15,1407.27,642.84,1586.6,165.0
14,16,1405.92,642.43,1584.07,164.0
14,17,1396.55,642.56,1593.7,163.0
14,18,1406.41,642.66,1587.51,162.0
14,19,1406.7,642.54,1591.13,161.0
14,20,1407.12,642.65,1589.79,160.0
14,21,1417.39,642.31,1585.18,159.0
14,22,1405.64,642.03,1589.16,158.0
14,23,1409.33,642.93,1595.08,157.0
14,24,1412.8,642.63,1589.49,156.0
14,25,1409.97,642.26,1588.91,155.0
14,26,1407.04,642.74,1590.78,154.0
14,27,1406.8,642.61,1583.36,153.0
14,28,1409.04,643.21,1591.82,152.0
14,29,1406.08,642.92,1583.32,151.0
14,30,1413.34,643.11,1589.3,150.0
14,31,1391.4,642.83,1593.13,149.0
14,32,1409.75,642.35,1589.81,148.0
14,33,1413.07,642.49,1585.59,147.0
14,34,1407.9,642.62,1592.83,146.0
14,35,1408.93,642.9,1599.38,145.0
14,36,1403.36,642.84,1592.8,144.0
14,37,1403.89,642.66,1588.87,143.0
14,38,1408.78,642.61,1588.61,142.0
14,39,1414.24,642.82,1590.87,141.0
14,40,1406.36,642.8,1588.46,140.0
14,41,1407.09,642.73,1587.33,139.0
14,42,1403.68,642.46,1593.53,138.0
14,43,1405.54,642.68,1587.17,137.0
14,44,1406.23,642.94,1589.81,136.0
14,45,1405.8,643.14,1587.64,135.0
14,46,1402.73,642.91,1589.98,134.0
14,47,1407.12,642.36,1587.09,133.0
14,48,1407.11,643.12,1589.57,132.0
14,49,1411.61,642.84,1590.48,131.0
14,50,1403.85,642.69,1583.55,130.0
14,51,1408.66,642.83,1600.11,129.0
14,52,1406.8,642.87,1588.13,128.0
14,53,1405.97,643.15,1591.46,127.0
14,54,1408.64,642.84,1586.02,126.0
14,55,1409.07,642.56,1590.42,125.0
14,56,1409.08,642.75,1584.69,124.0
14,57,1408.79,643.07,1597.34,123.0
14,58,1407.02,643.24,1589.98,122.0
14,59,1404.47,642.87,1594.25,121.0
14,60,1403.56,642.76,1585.73,120.0
14,61,1406.7,642.28,1587.19,119.0
14,62,1405.63,642.94,1597.78,118.0
14,63,1402.13,642.71,1589.35,117.0
14,64,1406.31,642.99,1595.03,116.0
14,65,1406.3,643.05,1591.85,115.0
14,66,1409.77,642.48,1585.86,114.0
14,67,1407.51,642.63,1585.68,113.0
14,68,1405.71,642.73,1583.88,112.0
14,69,1404.91,642.87,1584.61,111.0
14,70,1410.48,642.07,1587.44,110.0
14,71,1403.71,642.73,1591.61,109.0
14,72,1409.45,643.33,1589.96,108.0
14,73,1409.65,642.66,1593.84,107.0
14,74,1413.14,642.46,1593.13,106.0
14,75,1407.3,642.64,1586.57,105.0
14,76,1411.22,642.98,1589.21,104.0
14,77,1420.7,643.2,1594.12,103.0
14,78,1408.23,642.94,1595.38,102.0
14,79,1407.2,643.05,1591.64,101.0
14,80,1407.36,642.4,1590.48,100.0
14,81,1411.53,643.22,1590.64,99.0
14,82,1409.27,642.63,1592.95,98.0
14,83,1408.38,642.64,1589.08,97.0
14,84,1405.96,642.63,1588.05,96.0
14,85,1411.16,643.0,1588.63,95.0
14,86,1412.86,642.98,1594.45,94.0
14,87,1419.83,642.7,1589.13,93.0
14,88,1411.76,642.7,1595.19,92.0
14,89,1407.39,642.56,1592.14,91.0
14,90,1415.12,642.11,1591.59,90.0
14,91,1402.66,642.6,1606.1,89.0
14,92,1415.0,642.74,1589.94,88.0
14,93,1409.82,642.78,1597.28,87.0
14,94,1411.14,642.98,1590.11,86.0
14,95,1412.44,643.02,1590.55,85.0
14,96,1410.33,642.25,1580.94,84.0
14,97,1407.95,642.86,1590.18,83.0
14,98,1413.11,642.28,1597.08,82.0
14,99,1414.6,642.7,1589.19,81.0
14,100,1412.56,643.16,1590.31,80.0
14,101,1412.2,642.55,1596.69,79.0
14,102,1413.68,642.83,1602.17,78.0
14,103,1403.08,643.22,1591.38,77.0
14,104,1409.33,643.21,1591.02,76.0
14,105,1408.82,643.06,1587.49,75.0
14,106,1413.43,642.99,1597.13,74.0
14,107,1413.06,643.38,1590.2,73.0
14,108,1418.26,642.29,1594.81,72.0
14,109,1413.12,643.3,1591.68,71.0
14,110,1414.21,642.43,1593.31,70.0
14,111,1412.63,642.82,1590.37,69.0
14,112,1408.24,643.26,1593.52,68.0
14,113,1416.74,642.84,1591.69,67.0
14,114,1413.37,643.11,1594.82,66.0
14,115,1408.83,642.82,1595.68,65.0
14,116,1415.84,642.93,1594.53,64.0
14,117,1407.56,642.65,1590.58,63.0
14,118,1412.3,642.38,1603.21,62.0
14,119,1415.3,642.9,1590.38,61.0
14,120,1417.63,642.89,1594.24,60.0
14,121,1418.98,642.61,1595.8,59.0
14,122,1420.11,642.82,1591.56,58.0
14,123,1424.36,642.88,1592.77,57.0
14,124,1409.88,643.51,1590.83,56.0
14,125,1410.52,643.34,1593.59,55.0
14,126,1419.71,643.05,1600.1,54.0
14,127,1412.92,642.99,1601.22,53.0
14,128,1418.95,642.6,1594.12,52.0
14,129,1413.84,643.47,1591.73,51.0
14,130,1409.68,643.15,1600.91,50.0
14,131,1411.42,642.62,1592.02,49.0
14,132,1416.13,643.04,1597.59,48.0
14,133,1414.47,643.11,1588.88,47.0
14,134,1419.82,642.62,1595.28,46.0
14,135,1420.67,642.9,1596.5,45.0
14,136,1417.65,642.9,1596.7,44.0
14,137,1418.4,643.14,1592.94,43.0
14,138,1413.75,642.71,1597.39,42.0
14,139,1416.19,642.49,1597.56,41.0
14,140,1418.96,643.0,1594.04,40.0
14,141,1416.07,642.73,1591.56,39.0
14,142,1419.46,643.17,1596.65,38.0
14,143,1424.5,643.83,1602.38,37.0
14,144,1418.51,642.94,1598.1,36.0
14,145,1417.8,642.95,1595.13,35.0
14,146,1412.14,643.29,1600.49,34.0
14,147,1418.83,642.48,1595.06,33.0
14,148,1416.34,642.7,1602.88,32.0
14,149,1415.99,642.75,1596.64,31.0
14,150,1425.59,642.93,1599.37,30.0
14,151,1415.01,642.76,1597.42,29.0
14,152,1425.5,643.21,1597.04,28.0
14,153,1422.09,643.44,1597.84,27.0
14,154,1421.06,643.65,1593.88,26.0
14,155,1427.29,643.41,1599.68,25.0
14,156,1430.86,643.08,1597.24,24.0
14,157,1424.63,642.88,1600.49,23.0
14,158,1410.81,643.04,1592.95,22.0
14,159,1415.71,642.66,1598.57,21.0
14,160,1424.61,643.08,1601.66,20.0
14,161,1419.35,643.24,1599.97,19.0
14,162,1422.23,643.06,1602.62,18.0
14,163,1419.39,643.08,1592.53,17.0
14,164,1428.09,642.88,1603.43,16.0
14,165,1426.66,643.2,1601.09,15.0
14,166,1420.87,643.24,1600.42,14.0
14,167,1425.5,643.57,1605.27,13.0
14,168,1428.22,643.79,1600.93,12.0
14,169,1425.41,643.14,1602.39,11.0
14,170,1428.7,643.1,1608.89,10.0
14,171,1424.48,643.45,1608.22,9.0
14,172,1420.19,643.84,1605.57,8.0
14,173,1423.9,644.09,1603.45,7.0
14,174,1425.54,643.85,1605.95,6.0
14,175,1425.67,643.5,1604.22,5.0
14,176,1427.06,643.49,1599.4,4.0
14,177,1424.67,644.17,1599.2,3.0
14,178,1432.46,643.31,1603.1,2.0
14,179,1425.93,643.7,1609.93,1.0
14,180,1427.6,643.49,1597.94,0.0
15,1,1394.77,642.0,1576.75,206.0
15,2,1394.27,642.14,1588.84,205.0
15,3,1395.53,642.05,1581.96,204.0
15,4,1393.24,641.97,1587.35,203.0
15,5,1392.44,642.33,1584.7,202.0
15,6,1395.7,641.81,1586.84,201.0
15,7,1393.78,642.41,1582.35,200.0
15,8,1395.75,642.41,1582.04,199.0
15,9,1397.41,642.0,1580.24,198.0
15,10,1396.7,642.26,1584.19,197.0
15,11,1390.35,641.9,1585.36,196.0
15,12,1402.78,642.11,1582.54,195.0
15,13,1395.44,642.21,1581.36,194.0
15,14,1400.45,641.66,1581.98,193.0
15,15,1401.33,642.01,1585.44,192.0
15,16,1406.45,641.71,1579.91,191.0
15,17,1392.92,641.81,1581.88,190.0
15,18,1390.03,641.86,1579.26,189.0
15,19,1391.23,642.2,1590.89,188.0
15,20,1392.71,641.73,1583.08,187.0
15,21,1395.29,642.51,1576.58,186.0
15,22,1396.75,641.84,1578.51,185.0
15,23,1395.0,641.96,1577.75,184.0
15,24,1397.04,642.45,1589.29,183.0
15,25,1398.65,642.4,1587.75,182.0
15,26,1397.76,642.17,1582.05,181.0
15,27,1406.57,642.07,1588.41,180.0
15,28,1392.82,641.91,1589.8,179.0
15,29,1389.69,641.79,1582.38,178.0
15,30,1396.49,642.24,1574.15,177.0
15,31,1402.78,641.99,1580.38,176.0
15,32,1396.39,642.14,1584.56,175.0
15,33,1397.69,642.11,1584.96,174.0
15,34,1392.99,641.85,1590.39,173.0
15,35,1402.65,642.41,1583.28,172.0
15,36,1396.09,642.56,1591.33,171.0
15,37,1394.87,641.95,1589.69,170.0
15,38,1397.0,641.98,1580.82,169.0
15,39,1393.64,642.01,1587.69,168.0
15,40,1398.07,642.5,1584.58,167.0
15,41,1393.26,641.96,1583.84,166.0
15,42,1393.0,642.57,1584.18,165.0
15,43,1395.43,642.51,1585.4,164.0
15,44,1393.57,642.18,1581.48,163.0
15,45,1395.59,642.26,1580.47,162.0
15,46,1407.34,642.15,1580.58,161.0
15,47,1396.56,641.74,1593.18,160.0
15,48,1395.42,642.23,1581.61,159.0
15,49,1395.15,641.74,1584.85,158.0
15,50,1403.78,642.26,1583.47,157.0
15,51,1397.29,641.74,1584.66,156.0
15,52,1399.54,642.26,1587.69,155.0
15,53,1394.35,641.76,1584.18,154.0
15,54,1398.56,642.05,1581.83,153.0
15,55,1393.88,642.57,1582.97,152.0
15,56,1399.54,642.66,1584.24,151.0
15,57,1393.48,642.11,1587.81,150.0
15,58,1397.73,641.89,1584.11,149.0
15,59,1399.53,641.81,1577.52,148.0
15,60,1400.34,642.0,1578.56,147.0
15,61,1389.96,642.29,1588.69,146.0
15,62,1398.03,642.21,1578.29,145.0
15,63,1399.61,642.53,1581.64,144.0
15,64,1402.52,642.4,1584.95,143.0
15,65,1397.08,642.44,1591.69,142.0
15,66,1398.34,643.13,1586.26,141.0
15,67,1399.6,642.86,1582.86,140.0
15,68,1399.59,642.01,1591.15,139.0
15,69,1389.68,642.63,1584.83,138.0
15,70,1398.83,642.18,1590.23,137.0
15,71,1396.53,642.6,1586.84,136.0
15,72,1403.24,642.24,1583.64,135.0
15,73,1404.62,641.75,1586.52,134.0
15,74,1403.28,642.33,1587.38,133.0
15,75,1390.22,641.85,1585.44,132.0
15,76,1397.85,642.21,1595.24,131.0
15,77,1393.14,642.36,1584.32,130.0
15,78,1399.83,642.51,1586.82,129.0
15,79,1396.19,641.82,1587.74,128.0
15,80,1399.08,641.95,1590.36,127.0
15,81,1393.56,642.24,1583.1,126.0
15,82,1403.43,641.96,1583.45,125.0
15,83,1397.4,642.28,1583.51,124.0
15,84,1396.87,642.17,1585.11,123.0
15,85,1394.12,642.12,1578.89,122.0
15,86,1406.17,641.94,1581.75,121.0
15,87,1399.81,641.92,1589.06,120.0
15,88,1401.08,642.06,1587.41,119.0
15,89,1402.98,642.02,1585.47,118.0
15,90,1402.51,642.35,1592.35,117.0
15,91,1405.34,642.46,1581.34,116.0
15,92,1406.95,641.62,1588.91,115.0
15,93,1398.49,641.89,1583.71,114.0
15,94,1402.22,642.33,1585.91,113.0
15,95,1402.67,642.57,1582.79,112.0
15,96,1393.12,642.3,1587.8,111.0
15,97,1396.41,642.0,1594.93,110.0
15,98,1405.04,641.97,1586.38,109.0
15,99,1402.19,642.8,1589.94,108.0
15,100,1396.26,642.08,1588.67,107.0
15,101,1396.3,642.38,1578.98,106.0
15,102,1402.09,641.9,1581.1,105.0
15,103,1403.11,642.57,1586.84,104.0
15,104,1401.92,642.43,1587.78,103.0
15,105,1398.2,642.18,1588.27,102.0
15,106,1400.98,642.68,1589.72,101.0
15,107,1395.01,642.74,1591.35,100.0
15,108,1399.22,642.06,1583.94,99.0
15,109,1395.3,642.51,1589.15,98.0
15,110,1393.1,642.22,1589.73,97.0
15,111,1400.61,642.39,1581.07,96.0
15,112,1405.7,641.71,1582.81,95.0
15,113,1402.68,642.05,1579.46,94.0
15,114,1404.17,642.37,1591.91,93.0
15,115,1404.83,642.63,1589.26,92.0
15,116,1402.16,642.49,1588.93,91.0
15,117,1399.93,642.44,1588.01,90.0
15,118,1402.87,641.45,1590.8,89.0
15,119,1395.59,642.26,1580.44,88.0
15,120,1398.3,641.7,1587.63,87.0
15,121,1394.78,643.1,1594.17,86.0
15,122,1398.55,642.11,1584.97,85.0
15,123,1408.4,642.17,1582.85,84.0
15,124,1405.57,642.5,1588.45,83.0
15,125,1404.73,642.84,1588.86,82.0
15,126,1401.22,641.95,1593.68,81.0
15,127,1397.59,642.1,1589.3,80.0
15,128,1410.27,642.66,1587.07,79.0
15,129,1404.57,641.54,1583.6,78.0
15,130,1402.03,642.34,1589.19,77.0
15,131,1404.06,642.26,1585.34,76.0
15,132,1406.23,642.74,1579.91,75.0
15,133,1405.78,642.19,1577.58,74.0
15,134,1405.44,642.69,1592.02,73.0
15,135,1408.15,642.18,1588.62,72.0
15,136,1403.22,642.59,1581.14,71.0
15,137,1398.79,642.82,1585.75,70.0
15,138,1406.24,642.05,1585.88,69.0
15,139,1410.66,642.45,1592.16,68.0
15,140,1404.6,642.96,1589.89,67.0
15,141,1403.51,642.37,1592.65,66.0
15,142,1403.8,642.49,1588.19,65.0
15,143,1406.21,642.32,1582.47,64.0
15,144,1401.59,643.21,1588.64,63.0
15,145,1398.81,642.44,1586.94,62.0
15,146,1405.95,643.2,1590.01,61.0
15,147,1411.7,642.52,1589.85,60.0
15,148,1405.24,642.89,1585.94,59.0
15,149,1401.05,642.43,1586.98,58.0
15,150,1410.5,642.44,1586.08,57.0
15,151,1409.6,642.47,1588.62,56.0
15,152,1408.89,642.21,1595.25,55.0
15,153,1405.44,642.81,1590.55,54.0
15,154,1410.34,642.9,1584.03,53.0
15,155,1409.17,642.36,1583.3,52.0
15,156,1407.82,643.24,1590.1,51.0
15,157,1406.36,642.82,1593.53,50.0
15,158,1407.61,642.93,1592.39,49.0
15,159,1414.99,642.72,1588.38,48.0
15,160,1401.76,642.71,1585.84,47.0
15,161,1409.9,642.93,1591.03,46.0
15,162,1409.35,642.85,1593.57,45.0
15,163,1411.16,643.4,1587.45,44.0
15,164,1408.98,643.12,1589.35,43.0
15,165,1413.07,643.15,1592.59,42.0
15,166,1415.43,642.77,1590.17,41.0
15,167,1406.28,643.03,1589.24,40.0
15,168,1404.76,642.56,1589.81,39.0
15,169,1409.42,642.8,1592.88,38.0
15,170,1411.39,642.76,1601.76,37.0
15,171,1416.74,643.06,1595.83,36.0
15,172,1410.23,642.88,1595.04,35.0
15,173,1419.42,643.35,1589.53,34.0
15,174,1407.39,643.38,1593.92,33.0
15,175,1415.76,643.07,1603.56,32.0
15,176,1418.25,642.57,1592.48,31.0
15,177,1411.65,642.68,1592.29,30.0
15,178,1414.35,643.29,1589.52,29.0
15,179,1417.69,643.14,1595.76,28.0
15,180,1411.81,643.68,1589.14,27.0
15,181,1415.11,642.86,1596.76,26.0
15,182,1411.34,643.18,1598.66,25.0
15,183,1416.83,643.12,1599.11,24.0
15,184,1423.28,643.18,1590.86,23.0
15,185,1418.4,643.66,1594.37,22.0
15,186,1421.59,642.89,1593.82,21.0
15,187,1419.27,642.59,1596.53,20.0
15,188,1425.28,643.64,1595.04,19.0
15,189,1421.73,643.48,1593.45,18.0
15,190,1417.33,643.25,1598.19,17.0
15,191,1426.05,642.88,1597.57,16.0
15,192,1414.34,643.57,1596.63,15.0
15,193,1422.12,643.67,1602.89,14.0
15,194,1425.55,643.24,1606.09,13.0
15,195,1417.88,643.3,1599.35,12.0
15,196,1427.19,643.75,1602.92,11.0
15,197,1425.4,643.48,1595.69,10.0
15,198,1426.08,643.57,1595.22,9.0
15,199,1418.77,643.68,1597.76,8.0
15,200,1419.29,643.74,1594.8,7.0
15,201,1418.86,643.54,1603.41,6.0
15,202,1428.07,643.6,1602.94,5.0
15,203,1433.98,643.93,1604.48,4.0
15,204,1435.38,643.38,1604.93,3.0
15,205,1425.96,643.46,1599.75,2.0
15,206,1429.5,643.84,1608.43,1.0
15,207,1433.72,643.65,1599.27,0.0
16,1,1411.32,642.9,1583.42,208.0
16,2,1399.44,642.43,1593.21,207.0
16,3,1411.88,642.57,1592.17,206.0
16,4,1407.9,642.83,1583.86,205.0
16,5,1415.65,642.83,1590.75,204.0
16,6,1401.3,642.9,1594.93,203.0
16,7,1416.51,643.6,1595.16,202.0
16,8,1403.58,642.68,1593.88,201.0
16,9,1407.39,642.6,1595.17,200.0
16,10,1407.4,643.01,1585.19,199.0
16,11,1412.89,642.96,1597.12,198.0
16,12,1412.87,642.84,1596.1,197.0
16,13,1415.69,642.3,1580.59,196.0
16,14,1412.3,642.56,1593.9,195.0
16,15,1407.76,642.81,1583.74,194.0
16,16,1408.44,642.92,1597.45,193.0
16,17,1413.17,642.3,1592.55,192.0
16,18,1415.16,642.74,1588.24,191.0
16,19,1406.94,643.25,1589.64,190.0
16,20,1409.82,642.82,1586.98,189.0
16,21,1407.12,643.06,1590.99,188.0
16,22,1403.39,642.3,1593.29,187.0
16,23,1406.08,642.5,1593.21,186.0
16,24,1406.95,643.0,1589.47,185.0
16,25,1404.33,642.86,1585.77,184.0
16,26,1406.58,642.59,1588.57,183.0
16,27,1412.82,642.36,1588.9,182.0
16,28,1404.36,642.9,1594.26,181.0
16,29,1409.8,642.83,1593.36,180.0
16,30,1406.71,642.57,1587.58,179.0
16,31,1414.7,642.79,1593.29,178.0
16,32,1413.42,643.11,1594.51,177.0
16,33,1406.42,643.07,1592.58,176.0
16,34,1409.91,642.77,1581.93,175.0
16,35,1412.25,642.68,1589.19,174.0
16,36,1401.84,642.58,1586.21,173.0
16,37,1407.45,642.43,1588.54,172.0
16,38,1410.52,642.33,1590.72,171.0
16,39,1412.23,642.7,1593.41,170.0
16,40,1411.15,642.7,1593.39,169.0
16,41,1415.71,642.46,1595.11,168.0
16,42,1408.39,642.88,1593.16,167.0
16,43,1421.17,642.4,1589.08,166.0
16,44,1409.48,642.38,1593.16,165.0
16,45,1409.55,642.7,1585.66,164.0
16,46,1420.29,643.02,1588.24,163.0
16,47,1411.15,642.62,1598.58,162.0
16,48,1412.69,642.81,1585.74,161.0
16,49,1408.92,643.45,1595.47,160.0
16,50,1413.15,643.28,1589.08,159.0
16,51,1413.93,642.97,1591.0,158.0
16,52,1412.73,642.61,1588.21,157.0
16,53,1410.74,642.97,1593.84,156.0
16,54,1406.44,642.92,1593.78,155.0
16,55,1412.91,642.54,1594.83,154.0
16,56,1411.32,642.41,1594.51,153.0
16,57,1413.91,642.56,1599.43,152.0
16,58,1409.17,642.95,1593.98,151.0
16,59,1413.43,643.24,1588.15,150.0
16,60,1405.9,642.92,1593.79,149.0
16,61,1413.95,642.57,1590.32,148.0
16,62,1405.39,642.98,1590.73,147.0
16,63,1409.86,643.44,1591.58,146.0
16,64,1406.18,642.8,1588.99,145.0
16,65,1410.34,642.87,1583.82,144.0
16,66,1407.18,642.45,1591.03,143.0
16,67,1408.07,642.45,1596.45,142.0
16,68,1409.1,642.52,1588.58,141.0
16,69,1412.95,642.38,1592.82,140.0
16,70,1406.13,643.23,1596.7,139.0
16,71,1416.64,643.26,1585.02,138.0
16,72,1415.99,642.33,1593.48,137.0
16,73,1408.34,642.8,1600.42,136.0
16,74,1411.47,643.01,1597.17,135.0
16,75,1419.33,642.9,1589.31,134.0
16,76,1408.91,642.65,1581.23,133.0
16,77,1414.18,642.8,1585.48,132.0
16,78,1408.81,642.67,1597.02,131.0
16,79,1406.98,643.05,1586.18,130.0
16,80,1411.3,642.98,1591.03,129.0
16,81,1415.33,642.94,1593.73,128.0
16,82,1411.06,642.93,1596.55,127.0
16,83,1405.56,643.31,1584.59,126.0
16,84,1415.67,643.29,1583.45,125.0
16,85,1414.65,643.08,1591.41,124.0
16,86,1412.29,641.92,1593.65,123.0
16,87,1411.5,643.21,1587.6,122.0
16,88,1410.67,642.59,1594.85,121.0
16,89,1408.2,642.89,1599.98,120.0
16,90,1412.83,642.59,1587.37,119.0
16,91,1414.17,643.52,1593.09,118.0
16,92,1414.23,642.96,1587.5,117.0
16,93,1418.45,642.82,1592.23,116.0
16,94,1419.74,642.41,1592.92,115.0
16,95,1407.14,643.0,1592.48,114.0
16,96,1410.54,643.05,1593.1,113.0
16,97,1418.57,642.71,1599.12,112.0
16,98,1414.69,642.93,1592.37,111.0
16,99,1415.57,643.25,1591.29,110.0
16,100,1410.57,642.65,1590.7,109.0
16,101,1418.99,642.89,1591.8,108.0
16,102,1412.94,643.45,1589.85,107.0
16,103,1412.21,642.55,1584.1,106.0
16,104,1417.67,643.35,1589.07,105.0
16,105,1421.16,642.76,1582.45,104.0
16,106,1411.36,642.84,1595.24,103.0
16,107,1420.14,643.18,1590.92,102.0
16,108,1407.4,642.63,1584.85,101.0
16,109,1414.67,642.96,1585.75,100.0
16,110,1417.56,642.44,1586.72,99.0
16,111,1405.98,642.65,1597.52,98.0
16,112,1415.87,643.48,1588.27,97.0
16,113,1409.14,643.11,1591.08,96.0
16,114,1416.38,643.27,1590.16,95.0
16,115,1410.58,642.73,1581.93,94.0
16,116,1409.98,643.41,1590.38,93.0
16,117,1415.27,643.36,1594.09,92.0
16,118,1419.59,642.67,1590.93,91.0
16,119,1410.05,642.54,1596.43,90.0
16,120,1409.54,642.97,1591.26,89.0
16,121,1418.02,643.25,1595.08,88.0
16,122,1418.2,643.45,1597.02,87.0
16,123,1412.0,643.01,1590.1,86.0
16,124,1420.38,643.44,1589.6,85.0
16,125,1415.76,643.28,1592.44,84.0
16,126,1416.83,642.91,1592.84,83.0
16,127,1411.71,643.0,1584.07,82.0
16,128,1415.95,643.4,1595.63,81.0
16,129,1417.44,643.52,1592.05,80.0
16,130,1417.16,642.94,1599.63,79.0
16,131,1416.08,642.7,1589.22,78.0
16,132,1418.77,643.02,1598.03,77.0
16,133,1420.01,643.15,1594.41,76.0
16,134,1416.75,642.84,1599.78,75.0
16,135,1409.0,642.72,1583.72,74.0
16,136,1418.89,642.89,1597.35,73.0
16,137,1417.33,643.26,1592.81,72.0
16,138,1409.83,642.84,1596.23,71.0
16,139,1417.93,643.47,1591.84,70.0
16,140,1409.19,643.41,1598.06,69.0
16,141,1411.63,643.02,1598.25,68.0
16,142,1419.96,643.07,1601.02,67.0
16,143,1415.38,643.09,1602.86,66.0
16,144,1421.52,642.85,1594.73,65.0
16,145,1414.55,643.2,1598.17,64.0
16,146,1418.12,643.26,1593.02,63.0
16,147,1420.49,643.4,1588.66,62.0
16,148,1415.16,642.6,1600.22,61.0
16,149,1413.59,643.24,1595.36,60.0
16,150,1416.16,643.62,1596.08,59.0
16,151,1422.85,642.96,1595.32,58.0
16,152,1408.97,642.75,1593.67,57.0
16,153,1416.37,642.97,1589.41,56.0
16,154,1414.51,642.83,1593.63,55.0
16,155,1417.87,643.31,1589.79,54.0
16,156,1416.88,643.06,1587.11,53.0
16,157,1411.02,643.4,1591.78,52.0
16,158,1413.62,643.07,1595.38,51.0
16,159,1410.04,643.07,1600.76,50.0
16,160,1419.9,643.24,1592.09,49.0
16,161,1420.55,643.13,1597.31,48.0
16,162,1417.47,642.75,1593.25,47.0
16,163,1421.62,642.78,1592.48,46.0
16,164,1416.46,642.88,1583.97,45.0
16,165,1406.3,642.97,1594.52,44.0
16,166,1416.63,643.59,1605.55,43.0
16,167,1415.55,643.05,1599.2,42.0
16,168,1419.24,643.64,1595.22,41.0
16,169,1422.83,642.66,1588.48,40.0
16,170,1423.57,643.08,1601.22,39.0
16,171,1425.53,643.49,1593.14,38.0
16,172,1420.7,643.23,1593.09,37.0
16,173,1418.31,643.2,1597.34,36.0
16,174,1416.51,643.59,1604.53,35.0
16,175,1426.64,643.33,1598.74,34.0
16,176,1421.84,643.16,1597.14,33.0
16,177,1419.99,643.3,1597.68,32.0
16,178,1417.45,643.56,1594.89,31.0
16,179,1417.4,643.6,1599.17,30.0
16,180,1424.52,643.52,1593.85,29.0
16,181,1428.06,642.78,1596.41,28.0
16,182,1421.49,643.4,1592.7,27.0
16,183,1419.12,643.51,1606.45,26.0
16,184,1417.83,643.15,1598.35,25.0
16,185,1423.93,643.5,1592.92,24.0
16,186,1427.07,643.73,1594.87,23.0
16,187,1423.67,642.9,1595.84,22.0
16,188,1425.79,643.18,1600.43,21.0
16,189,1418.5,643.69,1599.54,20.0
16,190,1422.67,643.79,1603.14,19.0
16,191,1426.81,643.75,1597.74,18.0
16,192,1430.31,643.38,1597.73,17.0
16,193,1426.24,643.1,1599.46,16.0
16,194,1425.86,643.74,1602.99,15.0
16,195,1428.85,643.47,1608.02,14.0
16,196,1423.16,643.36,1594.72,13.0
16,197,1428.81,643.76,1595.45,12.0
16,198,1429.68,643.5,1600.59,11.0
16,199,1424.25,643.67,1601.82,10.0
16,200,1425.06,644.27,1597.45,9.0
16,201,1429.67,643.45,1597.43,8.0
16,202,1426.59,643.2,1600.99,7.0
16,203,1423.13,644.18,1607.21,6.0
16,204,1427.74,643.86,1598.86,5.0
16,205,1426.2,643.88,1608.26,4.0
16,206,1419.63,643.6,1601.98,3.0
16,207,1434.58,643.86,1605.94,2.0
16,208,1437.53,644.47,1595.68,1.0
16,209,1429.68,643.61,1601.47,0.0
17,1,1401.29,641.45,1587.52,275.0
17,2,1399.55,642.13,1589.83,274.0
17,3,1400.98,642.1,1587.43,273.0
17,4,1394.42,642.07,1586.55,272.0
17,5,1400.71,642.09,1582.86,271.0
17,6,1400.36,642.57,1585.26,270.0
17,7,1398.68,641.54,1585.86,269.0
17,8,1399.79,642.27,1587.62,268.0
17,9,1393.24,642.07,1579.05,267.0
17,10,1391.98,642.33,1583.05,266.0
17,11,1397.93,642.3,1577.49,265.0
17,12,1390.53,641.65,1584.84,264.0
17,13,1398.84,641.73,1581.36,263.0
17,14,1402.96,641.53,1585.51,262.0
17,15,1399.15,641.78,1590.12,261.0
17,16,1394.02,641.79,1582.26,260.0
17,17,1402.41,642.2,1583.35,259.0
17,18,1398.16,641.9,1585.5,258.0
17,19,1402.27,642.13,1584.27,257.0
17,20,1395.63,641.99,1578.99,256.0
17,21,1394.39,641.87,1591.0,255.0
17,22,1402.13,642.21,1585.58,254.0
17,23,1395.52,642.58,1579.93,253.0
17,24,1398.13,642.0,1589.65,252.0
17,25,1399.79,641.91,1585.22,251.0
17,26,1394.01,642.09,1583.42,250.0
17,27,1394.29,642.36,1588.08,249.0
17,28,1395.77,642.43,1582.26,248.0
17,29,1394.51,642.29,1586.41,247.0
17,30,1393.77,642.05,1583.19,246.0
17,31,1400.16,642.21,1577.4,245.0
17,32,1398.55,641.92,1582.34,244.0
17,33,1402.83,641.87,1586.14,243.0
17,34,1396.34,642.07,1587.67,242.0
17,35,1395.86,642.34,1587.09,241.0
17,36,1401.3,642.18,1581.6,240.0
17,37,1397.82,642.26,1580.95,239.0
17,38,1400.44,642.24,1586.55,238.0
17,39,1397.22,642.44,1584.93,237.0
17,40,1396.39,642.05,1586.67,236.0
17,41,1397.63,642.18,1587.24,235.0
17,42,1397.41,642.74,1579.57,234.0
17,43,1390.87,642.28,1589.9,233.0
17,44,1397.69,641.83,1583.24,232.0
17,45,1403.54,642.45,1593.52,231.0
17,46,1391.13,642.06,1585.63,230.0
17,47,1403.53,642.46,1585.86,229.0
17,48,1396.55,642.36,1584.05,228.0
17,49,1396.28,641.74,1584.73,227.0
17,50,1399.94,642.03,1582.81,226.0
17,51,1395.27,642.22,1578.52,225.0
17,52,1400.73,642.07,1589.05,224.0
17,53,1390.76,642.93,1585.91,223.0
17,54,1400.51,642.52,1585.11,222.0
17,55,1393.34,642.08,1583.19,221.0
17,56,1393.85,642.28,1586.86,220.0
17,57,1397.35,641.78,1587.02,219.0
17,58,1405.33,642.28,1581.59,218.0
17,59,1402.36,642.0,1589.37,217.0
17,60,1401.54,642.31,1581.75,216.0
17,61,1401.51,642.39,1586.61,215.0
17,62,1390.41,642.16,1581.58,214.0
17,63,1399.59,642.31,1576.29,213.0
17,64,1402.7,642.04,1580.18,212.0
17,65,1407.64,642.46,1587.59,211.0
17,66,1400.35,641.86,1582.9,210.0
17,67,1405.95,642.32,1588.14,209.0
17,68,1399.78,642.72,1590.12,208.0
17,69,1402.03,642.28,1588.27,207.0
17,70,1401.11,642.09,1586.68,206.0
17,71,1403.57,642.79,1584.29,205.0
17,72,1398.68,641.89,1584.47,204.0
17,73,1395.65,642.1,1585.12,203.0
17,74,1401.35,641.78,1583.54,202.0
17,75,1399.29,642.53,1584.97,201.0
17,76,1404.19,642.13,1585.73,200.0
17,77,1398.07,641.96,1578.85,199.0
17,78,1400.24,642.54,1575.15,198.0
17,79,1401.89,642.3,1584.01,197.0
17,80,1401.12,642.47,1587.84,196.0
17,81,1402.76,642.18,1580.49,195.0
17,82,1402.51,642.09,1587.4,194.0
17,83,1399.05,641.73,1585.25,193.0
17,84,1397.57,642.83,1582.09,192.0
17,85,1402.77,642.04,1581.68,191.0
17,86,1400.35,642.23,1577.94,190.0
17,87,1395.99,642.22,1589.28,189.0
17,88,1398.02,642.56,1588.99,188.0
17,89,1408.61,641.9,1583.74,187.0
17,90,1397.48,642.5,1588.75,186.0
17,91,1402.28,642.96,1585.37,185.0
17,92,1401.28,642.25,1583.37,184.0
17,93,1406.35,641.97,1586.86,183.0
17,94,1400.73,642.37,1593.89,182.0
17,95,1398.86,642.49,1592.66,181.0
17,96,1400.12,642.9,1581.1,180.0
17,97,1399.53,642.15,1586.44,179.0
17,98,1402.17,642.46,1582.67,178.0
17,99,1401.3,642.23,1584.16,177.0
17,100,1396.71,642.31,1581.27,176.0
17,101,1406.0,641.89,1587.61,175.0
17,102,1400.65,642.33,1588.31,174.0
17,103,1398.34,642.41,1579.63,173.0
17,104,1404.87,642.04,1588.67,172.0
17,105,1396.6,641.93,1583.07,171.0
17,106,1401.6,642.25,1593.42,170.0
17,107,1401.31,642.71,1585.66,169.0
17,108,1393.71,642.24,1583.9,168.0
17,109,1404.94,642.14,1591.46,167.0
17,110,1402.47,642.38,1585.52,166.0
17,111,1398.1,642.16,1586.32,165.0
17,112,1401.7,642.66,1588.81,164.0
17,113,1397.51,642.88,1590.27,163.0
17,114,1401.17,642.23,1584.92,162.0
17,115,1399.02,642.37,1578.31,161.0
17,116,1398.49,642.08,1590.34,160.0
17,117,1399.59,642.27,1582.66,159.0
17,118,1412.29,641.56,1584.12,158.0
17,119,1394.35,642.4,1583.74,157.0
17,120,1398.24,642.22,1583.24,156.0
17,121,1403.91,641.63,1590.48,155.0
17,122,1403.5,642.21,1589.17,154.0
17,123,1404.06,642.36,1593.47,153.0
17,124,1398.38,642.95,1591.07,152.0
17,125,1401.62,641.78,1587.36,151.0
17,126,1410.91,642.46,1586.97,150.0
17,127,1405.74,642.23,1587.57,149.0
17,128,1403.27,642.33,1586.88,148.0
17,129,1395.24,641.78,1590.87,147.0
17,130,1403.14,642.61,1590.93,146.0
17,131,1406.9,641.92,1587.58,145.0
17,132,1405.16,642.88,1584.73,144.0
17,133,1395.69,642.54,1582.3,143.0
17,134,1401.67,642.85,1582.79,142.0
17,135,1399.83,642.39,1581.13,141.0
17,136,1399.88,642.6,1594.1,140.0
17,137,1403.29,642.6,1585.5,139.0
17,138,1404.48,642.62,1585.66,138.0
17,139,1394.7,642.54,1594.99,137.0
17,140,1398.0,642.12,1593.98,136.0
17,141,1402.17,642.22,1586.76,135.0
17,142,1394.96,642.46,1590.23,134.0
17,143,1403.49,642.54,1586.74,133.0
17,144,1407.06,641.94,1583.07,132.0
17,145,1397.85,642.3,1584.65,131.0
17,146,1405.31,642.42,1583.59,130.0
17,147,1405.51,641.61,1590.75,129.0
17,148,1404.35,642.86,1588.66,128.0
17,149,1399.87,642.68,1586.63,127.0
17,150,1400.46,641.98,1588.37,126.0
17,151,1401.98,642.49,1585.53,125.0
17,152,1403.46,642.04,1593.13,124.0
17,153,1395.23,642.96,1586.26,123.0
17,154,1403.02,643.0,1580.31,122.0
17,155,1398.62,642.25,1580.98,121.0
17,156,1395.35,642.53,1585.24,120.0
17,157,1402.5,642.93,1587.96,119.0
17,158,1408.6,642.34,1586.11,118.0
17,159,1393.73,642.72,1586.39,117.0
17,160,1394.92,642.58,1589.31,116.0
17,161,1401.72,642.7,1595.22,115.0
17,162,1403.67,641.97,1587.8,114.0
17,163,1406.47,642.07,1593.86,113.0
17,164,1412.84,642.22,1583.89,112.0
17,165,1400.95,642.2,1589.27,111.0
17,166,1395.52,642.56,1580.45,110.0
17,167,1402.52,642.36,1582.58,109.0
17,168,1395.11,641.98,1591.18,108.0
17,169,1410.3,642.67,1584.04,107.0
17,170,1397.9,642.84,1593.08,106.0
17,171,1403.43,642.58,1586.53,105.0
17,172,1402.83,642.72,1593.31,104.0
17,173,1407.84,642.84,1584.9,103.0
17,174,1397.64,643.04,1585.99,102.0
17,175,1404.96,642.45,1594.12,101.0
17,176,1399.89,642.18,1586.34,100.0
17,177,1407.83,642.36,1585.89,99.0
17,178,1403.37,642.62,1587.15,98.0
17,179,1401.41,642.97,1589.44,97.0
17,180,1412.6,642.11,1586.0,96.0
17,181,1409.66,642.46,1583.92,95.0
17,182,1408.71,642.63,1588.34,94.0
17,183,1405.2,643.0,1598.21,93.0
17,184,1401.65,642.61,1590.64,92.0
17,185,1402.19,642.56,1590.84,91.0
17,186,1397.07,642.6,1584.49,90.0
17,187,1406.55,642.83,1598.42,89.0
17,188,1406.95,642.57,1588.56,88.0
17,189,1401.76,642.43,1585.39,87.0
17,190,1410.8,642.25,1596.9,86.0
17,191,1400.26,642.63,1591.59,85.0
17,192,1409.87,642.55,1586.71,84.0
17,193,1408.77,642.46,1596.63,83.0
17,194,1410.3,643.07,1587.51,82.0
17,195,1405.3,642.85,1584.21,81.0
17,196,1404.79,642.98,1588.67,80.0
17,197,1411.75,642.46,1589.8,79.0
17,198,1407.94,642.35,1587.84,78.0
17,199,1404.1,642.05,1584.36,77.0
17,200,1402.29,642.49,1583.5,76.0
17,201,1406.68,642.54,1598.26,75.0
17,202,1404.18,642.11,1587.1,74.0
17,203,1408.23,642.86,1583.16,73.0
17,204,1406.92,642.87,1589.72,72.0
17,205,1408.9,642.53,1591.21,71.0
17,206,1400.9,642.75,1584.7,70.0
17,207,1409.62,642.67,1586.55,69.0
17,208,1408.41,642.2,1589.75,68.0
17,209,1399.69,642.85,1586.79,67.0
17,210,1406.89,642.58,1597.16,66.0
17,211,1412.93,642.52,1589.79,65.0
17,212,1413.36,642.56,1589.47,64.0
17,213,1407.88,642.47,1587.09,63.0
17,214,1414.55,643.01,1595.01,62.0
17,215,1410.19,642.74,1590.37,61.0
17,216,1417.78,642.73,1592.56,60.0
17,217,1409.4,642.81,1591.34,59.0
17,218,1409.23,642.69,1593.94,58.0
17,219,1409.23,642.67,1588.2,57.0
17,220,1410.74,642.43,1593.96,56.0
17,221,1406.92,642.68,1589.89,55.0
17,222,1406.96,643.3,1600.94,54.0
17,223,1409.63,642.79,1585.32,53.0
17,224,1410.57,643.04,1594.78,52.0
17,225,1409.17,643.68,1594.64,51.0
17,226,1413.49,643.19,1587.67,50.0
17,227,1410.2,642.66,1591.11,49.0
17,228,1411.02,643.11,1588.27,48.0
17,229,1413.03,642.91,1591.13,47.0
17,230,1411.74,643.1,1590.1,46.0
17,231,1418.15,642.78,1597.89,45.0
17,232,1415.25,643.1,1591.59,44.0
17,233,1409.53,643.03,1595.48,43.0
17,234,1417.87,642.82,1590.95,42.0
17,235,1407.83,643.22,1595.63,41.0
17,236,1417.09,642.95,1600.4,40.0
17,237,1408.25,642.46,1592.09,39.0
17,238,1418.85,643.0,1593.94,38.0
17,239,1422.99,642.56,1600.14,37.0
17,240,1418.71,643.17,1597.82,36.0
17,241,1415.02,642.96,1595.09,35.0
17,242,1419.3,643.41,1596.72,34.0
17,243,1414.03,643.47,1595.79,33.0
17,244,1422.37,643.05,1595.27,32.0
17,245,1411.52,643.37,1595.23,31.0
17,246,1419.6,642.62,1597.58,30.0
17,247,1416.46,643.13,1597.55,29.0
17,248,1412.8,642.72,1601.33,28.0
17,249,1421.61,643.05,1586.19,27.0
17,250,1415.21,643.21,1595.47,26.0
17,251,1415.08,643.13,1592.38,25.0
17,252,1414.83,642.91,1594.24,24.0
17,253,1418.95,643.22,1595.99,23.0
17,254,1421.67,643.01,1596.56,22.0
17,255,1421.43,643.06,1593.97,21.0
17,256,1421.93,643.2,1605.95,20.0
17,257,1419.53,644.09,1594.72,19.0
17,258,1415.0,643.68,1602.79,18.0
17,259,1428.3,643.27,1595.62,17.0
17,260,1428.94,643.17,1599.31,16.0
17,261,1421.2,643.87,1596.92,15.0
17,262,1418.06,643.28,1597.94,14.0
17,263,1416.22,643.65,1601.45,13.0
17,264,1427.41,643.62,1599.98,12.0
17,265,1429.2,643.64,1593.34,11.0
17,266,1427.81,643.81,1601.24,10.0
17,267,1421.63,643.51,1608.86,9.0
17,268,1430.58,643.17,1603.62,8.0
17,269,1430.87,643.73,1602.28,7.0
17,270,1424.06,643.33,1602.5,6.0
17,271,1433.02,643.55,1608.55,5.0
17,272,1422.78,643.13,1605.43,4.0
17,273,1422.72,643.71,1602.12,3.0
17,274,1420.47,643.58,1599.44,2.0
17,275,1430.48,644.0,1601.52,1.0
17,276,1432.46,643.97,1599.82,0.0
18,1,1401.6,642.49,1582.95,194.0
18,2,1397.98,642.21,1589.39,193.0
18,3,1399.79,642.4,1590.51,192.0
18,4,1393.92,642.28,1577.34,191.0
18,5,1398.89,641.48,1585.59,190.0
18,6,1403.8,641.86,1579.69,189.0
18,7,1389.32,641.58,1584.09,188.0
18,8,1396.59,642.2,1580.01,187.0
18,9,1401.73,641.96,1588.77,186.0
18,10,1399.28,642.23,1584.24,185.0
18,11,1401.23,642.42,1579.74,184.0
18,12,1397.06,642.28,1583.42,183.0
18,13,1399.01,642.49,1590.54,182.0
18,14,1395.77,641.74,1582.73,181.0
18,15,1393.54,642.25,1579.36,180.0
18,16,1402.19,641.9,1581.77,179.0
18,17,1405.99,641.87,1578.41,178.0
18,18,1397.2,642.14,1583.75,177.0
18,19,1394.13,641.89,1579.43,176.0
18,20,1400.58,642.12,1587.86,175.0
18,21,1400.02,642.08,1580.09,174.0
18,22,1398.5,641.98,1586.02,173.0
18,23,1405.06,642.73,1583.22,172.0
18,24,1397.51,642.08,1580.53,171.0
18,25,1398.44,642.23,1589.57,170.0
18,26,1394.98,642.57,1585.89,169.0
18,27,1400.33,642.25,1594.33,168.0
18,28,1399.53,642.16,1580.08,167.0
18,29,1394.96,642.41,1585.02,166.0
18,30,1395.56,642.0,1588.57,165.0
18,31,1404.1,642.1,1592.26,164.0
18,32,1394.26,641.98,1580.23,163.0
18,33,1401.18,642.31,1580.6,162.0
18,34,1399.97,642.33,1583.0,161.0
18,35,1394.36,642.47,1584.89,160.0
18,36,1399.61,642.06,1590.71,159.0
18,37,1392.82,642.28,1587.03,158.0
18,38,1407.5,642.4,1584.49,157.0
18,39,1404.8,642.73,1586.56,156.0
18,40,1402.17,642.39,1586.54,155.0
18,41,1403.69,642.56,1582.41,154.0
18,42,1391.59,642.02,1580.17,153.0
18,43,1396.26,641.34,1584.5,152.0
18,44,1399.81,642.36,1589.34,151.0
18,45,1397.54,642.12,1581.15,150.0
18,46,1404.38,642.28,1582.73,149.0
18,47,1395.33,642.38,1586.87,148.0
18,48,1406.53,642.44,1587.51,147.0
18,49,1406.51,642.13,1582.46,146.0
18,50,1389.54,642.01,1586.29,145.0
18,51,1394.35,642.62,1579.97,144.0
18,52,1395.27,641.76,1585.96,143.0
18,53,1397.47,642.21,1584.77,142.0
18,54,1395.13,642.22,1585.77,141.0
18,55,1397.52,642.29,1576.47,140.0
18,56,1400.68,642.01,1581.79,139.0
18,57,1402.57,642.32,1583.13,138.0
18,58,1398.06,641.86,1584.65,137.0
18,59,1399.84,641.95,1583.05,136.0
18,60,1394.72,642.7,1584.03,135.0
18,61,1403.36,641.99,1592.63,134.0
18,62,1396.77,642.52,1584.72,133.0
18,63,1397.66,641.91,1581.59,132.0
18,64,1406.35,642.2,1588.24,131.0
18,65,1400.88,641.92,1592.11,130.0
18,66,1399.45,641.96,1586.68,129.0
18,67,1401.89,642.16,1588.45,128.0
18,68,1400.97,642.05,1589.56,127.0
18,69,1400.12,641.91,1581.06,126.0
18,70,1403.54,641.9,1588.15,125.0
18,71,1400.82,642.1,1584.7,124.0
18,72,1391.78,642.24,1584.34,123.0
18,73,1391.66,641.97,1577.0,122.0
18,74,1395.07,642.1,1584.06,121.0
18,75,1398.36,642.43,1576.32,120.0
18,76,1397.41,641.89,1586.03,119.0
18,77,1393.92,642.5,1583.75,118.0
18,78,1400.5,642.12,1584.6,117.0
18,79,1399.94,642.17,1579.53,116.0
18,80,1410.9,642.66,1593.04,115.0
18,81,1402.79,642.67,1582.84,114.0
18,82,1399.22,642.07,1587.74,113.0
18,83,1403.44,642.34,1592.64,112.0
18,84,1397.41,642.09,1589.33,111.0
18,85,1401.56,642.09,1583.27,110.0
18,86,1403.07,642.25,1591.3,109.0
18,87,1394.99,642.06,1582.49,108.0
18,88,1401.22,641.84,1589.77,107.0
18,89,1400.59,642.38,1588.14,106.0
18,90,1392.63,642.74,1586.97,105.0
18,91,1400.36,642.48,1592.27,104.0
18,92,1401.38,642.55,1591.31,103.0
18,93,1398.8,642.67,1584.95,102.0
18,94,1393.97,641.73,1582.79,101.0
18,95,1398.09,642.19,1580.1,100.0
18,96,1399.31,642.0,1587.19,99.0
18,97,1400.55,642.18,1579.99,98.0
18,98,1399.2,642.54,1588.03,97.0
18,99,1400.65,642.51,1588.5,96.0
18,100,1410.56,642.44,1585.3,95.0
18,101,1401.78,642.23,1591.29,94.0
18,102,1399.41,641.74,1584.86,93.0
18,103,1395.61,642.59,1590.76,92.0
18,104,1398.49,642.15,1582.62,91.0
18,105,1401.67,641.84,1589.47,90.0
18,106,1399.96,642.35,1591.63,89.0
18,107,1410.85,642.79,1591.51,88.0
18,108,1409.16,642.49,1590.9,87.0
18,109,1392.8,642.27,1590.55,86.0
18,110,1405.16,642.55,1586.44,85.0
18,111,1401.75,642.53,1582.44,84.0
18,112,1404.3,642.34,1579.35,83.0
18,113,1403.82,642.69,1587.61,82.0
18,114,1404.07,642.23,1587.46,81.0
18,115,1406.5,641.71,1591.35,80.0
18,116,1410.57,642.19,1583.87,79.0
18,117,1404.78,642.06,1583.79,78.0
18,118,1397.3,642.43,1589.58,77.0
18,119,1404.23,641.9,1592.46,76.0
18,120,1405.99,642.21,1592.07,75.0
18,121,1399.33,642.52,1586.5,74.0
18,122,1400.36,642.86,1587.74,73.0
18,123,1394.88,642.57,1582.27,72.0
18,124,1400.11,642.21,1593.4,71.0
18,125,1398.29,642.0,1588.58,70.0
18,126,1396.3,642.37,1590.08,69.0
18,127,1407.98,642.12,1589.53,68.0
18,128,1397.89,642.14,1591.4,67.0
18,129,1406.09,642.37,1593.56,66.0
18,130,1398.72,642.77,1594.14,65.0
18,131,1410.53,643.09,1591.11,64.0
18,132,1399.38,642.82,1588.54,63.0
18,133,1405.97,642.66,1588.81,62.0
18,134,1403.88,642.6,1582.54,61.0
18,135,1405.34,642.54,1585.67,60.0
18,136,1403.88,642.32,1587.62,59.0
18,137,1400.15,642.74,1594.35,58.0
18,138,1409.01,642.59,1588.95,57.0
18,139,1397.75,642.44,1591.67,56.0
18,140,1402.13,642.02,1590.42,55.0
18,141,1403.87,642.42,1588.93,54.0
18,142,1410.8,642.57,1589.41,53.0
18,143,1408.32,643.27,1589.81,52.0
18,144,1411.93,642.94,1585.94,51.0
18,145,1405.28,642.97,1591.89,50.0
18,146,1414.44,642.69,1589.1,49.0
18,147,1404.3,642.37,1592.68,48.0
18,148,1404.57,641.91,1589.12,47.0
18,149,1402.33,642.87,1585.97,46.0
18,150,1403.39,642.45,1586.5,45.0
18,151,1412.38,642.33,1593.51,44.0
18,152,1403.22,642.44,1591.49,43.0
18,153,1410.05,642.67,1586.35,42.0
18,154,1406.5,642.83,1587.07,41.0
18,155,1405.39,642.82,1597.04,40.0
18,156,1411.09,642.56,1591.75,39.0
18,157,1406.17,642.62,1591.55,38.0
18,158,1409.14,642.37,1587.54,37.0
18,159,1401.17,642.95,1591.89,36.0
18,160,1411.22,642.97,1595.36,35.0
18,161,1417.65,642.73,1584.91,34.0
18,162,1407.02,642.49,1591.6,33.0
18,163,1416.27,642.85,1592.58,32.0
18,164,1410.04,642.41,1590.17,31.0
18,165,1408.19,643.06,1598.42,30.0
18,166,1414.9,642.64,1591.74,29.0
18,167,1416.13,642.34,1591.0,28.0
18,168,1403.83,642.39,1596.24,27.0
18,169,1409.68,642.92,1598.65,26.0
18,170,1411.21,643.04,1587.75,25.0
18,171,1412.38,642.84,1589.1,24.0
18,172,1406.05,643.47,1600.63,23.0
18,173,1419.76,642.66,1596.12,22.0
18,174,1416.74,642.79,1595.67,21.0
18,175,1422.39,642.76,1594.37,20.0
18,176,1415.26,643.09,1596.47,19.0
18,177,1416.38,643.11,1602.3,18.0
18,178,1417.74,642.74,1599.44,17.0
18,179,1417.03,642.22,1601.1,16.0
18,180,1424.29,642.6,1602.68,15.0
18,181,1422.16,643.33,1600.23,14.0
18,182,1417.2,643.06,1608.95,13.0
18,183,1416.6,643.16,1599.22,12.0
18,184,1416.38,643.56,1604.92,11.0
18,185,1417.87,643.06,1601.27,10.0
18,186,1425.43,643.85,1597.23,9.0
18,187,1422.43,643.17,1600.39,8.0
18,188,1428.31,643.17,1602.0,7.0
18,189,1433.02,643.11,1601.04,6.0
18,190,1424.21,643.39,1603.13,5.0
18,191,1423.47,643.59,1606.51,4.0
18,192,1426.15,643.23,1602.92,3.0
18,193,1423.65,643.89,1603.03,2.0
18,194,1423.44,644.05,1609.52,1.0
18,195,1428.08,643.93,1601.0,0.0
19,1,1411.09,642.55,1589.99,157.0
19,2,1411.04,642.82,1587.77,156.0
19,3,1407.56,643.37,1587.33,155.0
19,4,1412.13,642.53,1590.93,154.0
19,5,1407.64,642.41,1588.13,153.0
19,6,1406.78,642.85,1596.95,152.0
19,7,1407.37,642.72,1587.07,151.0
19,8,1407.13,642.64,1590.03,150.0
19,9,1409.11,643.04,1591.23,149.0
19,10,1404.89,642.54,1588.75,148.0
19,11,1410.49,643.13,1593.97,147.0
19,12,1422.97,643.1,1594.98,146.0
19,13,1406.18,642.35,1587.05,145.0
19,14,1403.15,643.21,1590.1,144.0
19,15,1407.62,642.75,1594.28,143.0
19,16,1407.83,642.2,1593.11,142.0
19,17,1406.05,642.53,1591.36,141.0
19,18,1410.25,643.17,1588.99,140.0
19,19,1409.71,642.45,1594.35,139.0
19,20,1413.7,642.7,1588.53,138.0
19,21,1399.69,642.76,1592.13,137.0
19,22,1409.84,642.23,1589.77,136.0
19,23,1404.17,642.73,1596.05,135.0
19,24,1407.48,642.9,1592.19,134.0
19,25,1406.04,642.67,1584.52,133.0
19,26,1411.93,642.37,1588.86,132.0
19,27,1406.91,642.95,1585.16,131.0
19,28,1412.55,642.07,1581.79,130.0
19,29,1410.98,641.91,1589.32,129.0
19,30,1415.56,642.54,1588.02,128.0
19,31,1404.5,642.69,1589.83,127.0
19,32,1411.99,642.85,1591.33,126.0
19,33,1407.84,642.96,1591.64,125.0
19,34,1409.47,642.62,1592.08,124.0
19,35,1413.73,642.65,1589.06,123.0
19,36,1412.15,642.83,1598.57,122.0
19,37,1412.13,642.86,1586.82,121.0
19,38,1410.74,642.85,1590.06,120.0
19,39,1413.22,642.23,1586.95,119.0
19,40,1411.83,642.89,1593.28,118.0
19,41,1410.28,642.98,1591.07,117.0
19,42,1409.68,642.74,1591.26,116.0
19,43,1405.46,642.72,1588.17,115.0
19,44,1413.29,642.03,1589.56,114.0
19,45,1414.19,642.4,1592.17,113.0
19,46,1412.07,642.68,1587.13,112.0
19,47,1407.34,642.58,1592.34,111.0
19,48,1418.49,642.73,1594.93,110.0
19,49,1407.59,642.76,1589.66,109.0
19,50,1415.17,642.77,1593.96,108.0
19,51,1413.7,642.51,1589.74,107.0
19,52,1407.06,642.43,1593.84,106.0
19,53,1409.99,643.06,1595.02,105.0
19,54,1413.44,642.79,1597.75,104.0
19,55,1409.11,642.69,1596.13,103.0
19,56,1415.05,642.86,1583.82,102.0
19,57,1410.83,642.85,1591.29,101.0
19,58,1408.77,642.74,1592.6,100.0
19,59,1411.34,642.67,1591.8,99.0
19,60,1410.58,642.68,1587.38,98.0
19,61,1417.8,642.49,1593.31,97.0
19,62,1408.57,642.28,1590.47,96.0
19,63,1406.06,642.36,1591.45,95.0
19,64,1409.48,643.01,1581.87,94.0
19,65,1408.12,642.84,1597.85,93.0
19,66,1411.13,643.15,1585.97,92.0
19,67,1410.7,642.55,1591.7,91.0
19,68,1405.31,642.65,1586.14,90.0
19,69,1411.62,642.8,1601.78,89.0
19,70,1409.27,642.64,1593.92,88.0
19,71,1410.85,643.33,1590.68,87.0
19,72,1417.08,643.07,1592.08,86.0
19,73,1412.83,643.18,1583.11,85.0
19,74,1409.74,642.57,1595.49,84.0
19,75,1408.82,643.17,1590.45,83.0
19,76,1410.25,643.09,1585.28,82.0
19,77,1414.26,642.9,1595.62,81.0
19,78,1411.63,642.84,1589.09,80.0
19,79,1404.56,643.02,1593.79,79.0
19,80,1416.52,642.67,1597.33,78.0
19,81,1420.9,644.12,1601.29,77.0
19,82,1410.12,642.98,1598.06,76.0
19,83,1405.56,642.67,1595.65,75.0
19,84,1414.02,642.76,1591.22,74.0
19,85,1409.01,643.04,1590.63,73.0
19,86,1410.08,643.01,1590.1,72.0
19,87,1416.18,642.75,1595.77,71.0
19,88,1416.46,642.94,1589.1,70.0
19,89,1420.29,642.77,1592.83,69.0
19,90,1411.48,642.81,1593.35,68.0
19,91,1412.8,643.1,1589.44,67.0
19,92,1410.56,642.78,1595.75,66.0
19,93,1409.66,642.9,1593.94,65.0
19,94,1418.85,643.66,1597.84,64.0
19,95,1414.33,643.08,1595.72,63.0
19,96,1415.37,643.05,1598.49,62.0
19,97,1409.89,643.21,1593.51,61.0
19,98,1412.37,643.26,1594.33,60.0
19,99,1410.87,642.98,1594.07,59.0
19,100,1413.53,643.21,1602.29,58.0
19,101,1416.79,643.21,1596.3,57.0
19,102,1412.9,643.0,1591.51,56.0
19,103,1415.31,642.36,1595.3,55.0
19,104,1415.89,643.14,1588.39,54.0
19,105,1414.04,642.86,1591.8,53.0
19,106,1416.23,642.86,1603.02,52.0
19,107,1416.08,643.23,1593.86,51.0
19,108,1411.25,642.56,1590.57,50.0
19,109,1411.54,642.96,1596.82,49.0
19,110,1415.7,643.32,1596.73,48.0
19,111,1419.58,643.27,1595.25,47.0
19,112,1417.79,643.15,1605.35,46.0
19,113,1412.57,643.76,1600.85,45.0
19,114,1422.4,643.37,1596.4,44.0
19,115,1416.77,642.86,1597.55,43.0
19,116,1415.88,642.72,1587.14,42.0
19,117,1418.86,642.67,1592.63,41.0
19,118,1417.01,643.06,1601.12,40.0
19,119,1415.64,642.99,1597.58,39.0
19,120,1416.67,643.44,1590.1,38.0
19,121,1416.42,643.2,1600.66,37.0
19,122,1417.15,643.91,1587.38,36.0
19,123,1421.98,642.49,1598.16,35.0
19,124,1419.84,642.9,1595.48,34.0
19,125,1419.75,643.61,1596.71,33.0
19,126,1421.15,643.09,1598.24,32.0
19,127,1419.81,643.25,1596.18,31.0
19,128,1419.46,643.18,1603.68,30.0
19,129,1420.91,643.44,1589.42,29.0
19,130,1418.48,643.41,1595.04,28.0
19,131,1420.61,642.98,1594.07,27.0
19,132,1420.91,643.39,1592.53,26.0
19,133,1418.44,643.07,1593.66,25.0
19,134,1413.51,643.46,1600.85,24.0
19,135,1425.2,643.13,1598.99,23.0
19,136,1422.71,642.92,1597.09,22.0
19,137,1428.05,643.28,1594.5,21.0
19,138,1423.31,643.11,1598.76,20.0
19,139,1425.36,643.54,1601.65,19.0
19,140,1417.45,643.32,1597.76,18.0
19,141,1421.72,643.23,1599.42,17.0
19,142,1416.28,643.65,1592.36,16.0
19,143,1427.12,643.8,1599.1,15.0
19,144,1425.19,643.68,1590.73,14.0
19,145,1421.19,642.79,1597.69,13.0
19,146,1424.03,643.03,1605.27,12.0
19,147,1420.42,643.48,1604.18,11.0
19,148,1425.86,643.01,1605.53,10.0
19,149,1421.34,643.57,1604.98,9.0
19,150,1431.34,643.51,1604.42,8.0
19,151,1431.72,643.94,1603.13,7.0
19,152,1431.3,643.66,1603.8,6.0
19,153,1427.77,643.45,1596.48,5.0
19,154,1426.73,643.99,1600.85,4.0
19,155,1433.78,642.92,1601.97,3.0
19,156,1430.45,643.44,1601.17,2.0
19,157,1426.98,643.43,1597.38,1.0
19,158,1433.97,643.34,1605.58,0.0
20,1,1404.3,643.0,1589.87,233.0
20,2,1406.6,642.72,1588.75,232.0
20,3,1404.3,642.9,1587.31,231.0
20,4,1417.06,642.42,1583.0,230.0
20,5,1406.9,642.55,1585.71,229.0
20,6,1403.67,643.16,1586.19,228.0
20,7,1404.13,642.44,1583.76,227.0
20,8,1408.09,642.66,1589.12,226.0
20,9,1403.87,642.39,1584.35,225.0
20,10,1397.76,642.73,1585.04,224.0
20,11,1410.55,642.56,1586.04,223.0
20,12,1407.66,642.39,1585.47,222.0
20,13,1405.47,642.76,1589.63,221.0
20,14,1411.72,642.31,1591.06,220.0
20,15,1406.63,641.83,1592.49,219.0
20,16,1399.9,642.45,1589.62,218.0
20,17,1405.1,642.52,1588.52,217.0
20,18,1404.53,642.63,1589.33,216.0
20,19,1403.45,643.1,1593.38,215.0
20,20,1406.23,642.78,1592.77,214.0
20,21,1411.61,642.59,1583.52,213.0
20,22,1405.34,642.59,1585.06,212.0
20,23,1406.85,643.3,1601.08,211.0
20,24,1402.29,642.61,1588.31,210.0
20,25,1407.26,642.22,1582.05,209.0
20,26,1410.81,642.48,1596.63,208.0
20,27,1404.13,643.11,1583.9,207.0
20,28,1404.01,642.52,1586.56,206.0
20,29,1412.5,642.78,1587.38,205.0
20,30,1405.78,642.92,1596.94,204.0
20,31,1404.61,642.91,1591.65,203.0
20,32,1403.95,642.39,1590.01,202.0
20,33,1405.04,642.87,1590.95,201.0
20,34,1400.07,642.68,1594.78,200.0
20,35,1408.04,642.68,1593.0,199.0
20,36,1406.21,642.39,1590.16,198.0
20,37,1408.03,642.86,1585.03,197.0
20,38,1404.38,642.9,1593.58,196.0
20,39,1404.61,642.76,1590.26,195.0
20,40,1409.39,642.85,1582.87,194.0
20,41,1403.24,642.69,1588.76,193.0
20,42,1410.67,642.68,1588.26,192.0
20,43,1402.22,642.25,1588.46,191.0
20,44,1406.18,642.55,1579.43,190.0
20,45,1412.98,642.91,1589.92,189.0
20,46,1406.72,641.94,1587.3,188.0
20,47,1403.2,642.59,1586.41,187.0
20,48,1415.13,642.7,1587.24,186.0
20,49,1410.36,642.52,1595.78,185.0
20,50,1404.24,642.56,1589.15,184.0
20,51,1406.11,643.17,1588.28,183.0
20,52,1407.67,643.46,1589.91,182.0
20,53,1407.01,642.68,1585.19,181.0
20,54,1408.61,642.76,1584.28,180.0
20,55,1409.77,642.67,1595.03,179.0
20,56,1415.21,643.0,1589.89,178.0
20,57,1404.85,642.69,1584.64,177.0
20,58,1410.07,642.56,1592.77,176.0
20,59,1407.96,642.89,1586.18,175.0
20,60,1408.67,643.15,1585.89,174.0
20,61,1409.54,642.29,1588.64,173.0
20,62,1402.1,642.09,1588.38,172.0
20,63,1411.68,642.7,1588.44,171.0
20,64,1411.22,642.56,1589.55,170.0
20,65,1407.01,642.81,1580.74,169.0
20,66,1404.98,642.32,1584.07,168.0
20,67,1407.67,642.5,1593.76,167.0
20,68,1406.39,642.18,1586.15,166.0
20,69,1404.19,642.28,1592.13,165.0
20,70,1408.9,642.5,1590.96,164.0
20,71,1406.93,642.34,1588.94,163.0
20,72,1398.84,642.73,1590.7,162.0
20,73,1402.21,642.35,1594.4,161.0
20,74,1414.01,642.53,1597.95,160.0
20,75,1406.72,642.98,1587.91,159.0
20,76,1399.4,642.12,1592.48,158.0
20,77,1410.4,642.5,1589.91,157.0
20,78,1406.63,642.18,1586.29,156.0
20,79,1414.27,642.58,1586.81,155.0
20,80,1413.43,642.4,1589.25,154.0
20,81,1411.33,643.09,1589.36,153.0
20,82,1411.86,642.54,1593.93,152.0
20,83,1402.75,643.2,1596.52,151.0
20,84,1408.82,642.37,1588.61,150.0
20,85,1412.57,642.22,1587.6,149.0
20,86,1406.15,642.97,1590.15,148.0
20,87,1410.69,642.16,1592.56,147.0
20,88,1411.53,642.49,1595.1,146.0
20,89,1412.23,642.69,1593.79,145.0
20,90,1408.04,643.07,1594.25,144.0
20,91,1407.24,642.47,1589.57,143.0
20,92,1414.36,643.2,1586.33,142.0
20,93,1409.78,642.66,1601.51,141.0
20,94,1406.97,643.05,1589.38,140.0
20,95,1403.4,642.89,1597.01,139.0
20,96,1408.4,642.86,1593.33,138.0
20,97,1408.42,643.38,1590.61,137.0
20,98,1403.14,643.09,1596.53,136.0
20,99,1415.57,642.29,1591.27,135.0
20,100,1405.75,642.87,1592.56,134.0
20,101,1409.94,642.28,1588.07,133.0
20,102,1404.37,642.94,1591.15,132.0
20,103,1407.17,643.16,1594.68,131.0
20,104,1406.89,643.13,1587.03,130.0
20,105,1413.8,642.76,1580.84,129.0
20,106,1413.83,642.22,1589.26,128.0
20,107,1410.89,642.56,1588.92,127.0
20,108,1408.45,642.32,1585.96,126.0
20,109,1409.0,642.53,1588.51,125.0
20,110,1410.61,642.62,1584.45,124.0
20,111,1405.06,642.86,1590.05,123.0
20,112,1419.48,642.58,1592.34,122.0
20,113,1407.37,642.96,1592.95,121.0
20,114,1403.16,642.98,1593.88,120.0
20,115,1412.45,642.73,1592.16,119.0
20,116,1408.38,642.47,1595.27,118.0
20,117,1416.9,643.06,1590.81,117.0
20,118,1415.72,642.55,1587.34,116.0
20,119,1407.61,642.55,1592.14,115.0
20,120,1410.99,642.58,1586.67,114.0
20,121,1409.02,642.96,1591.04,113.0
20,122,1421.62,642.71,1590.26,112.0
20,123,1414.97,642.68,1587.22,111.0
20,124,1415.17,642.56,1596.01,110.0
20,125,1409.01,642.56,1593.75,109.0
20,126,1413.12,642.91,1596.42,108.0
20,127,1413.4,642.92,1594.01,107.0
20,128,1411.4,642.74,1595.71,106.0
20,129,1421.01,642.25,1594.04,105.0
20,130,1408.14,642.45,1592.86,104.0
20,131,1413.62,642.69,1586.67,103.0
20,132,1407.34,642.2,1590.09,102.0
20,133,1410.09,642.58,1594.52,101.0
20,134,1415.42,642.99,1587.89,100.0
20,135,1412.36,642.64,1587.12,99.0
20,136,1410.97,642.65,1597.03,98.0
20,137,1413.35,643.02,1598.18,97.0
20,138,1412.27,642.79,1592.56,96.0
20,139,1410.97,642.75,1590.01,95.0
20,140,1407.27,642.62,1600.27,94.0
20,141,1420.41,642.9,1599.73,93.0
20,142,1416.28,642.41,1591.21,92.0
20,143,1416.04,643.39,1592.93,91.0
20,144,1416.54,642.72,1594.93,90.0
20,145,1414.15,642.98,1596.6,89.0
20,146,1404.64,643.05,1592.33,88.0
20,147,1409.92,643.19,1589.88,87.0
20,148,1412.77,642.93,1590.95,86.0
20,149,1412.56,643.06,1598.73,85.0
20,150,1417.73,642.7,1600.21,84.0
20,151,1409.21,643.1,1594.23,83.0
20,152,1401.58,642.41,1594.61,82.0
20,153,1412.65,642.86,1588.39,81.0
20,154,1407.12,642.38,1590.07,80.0
20,155,1411.45,643.09,1593.13,79.0
20,156,1412.73,642.73,1591.78,78.0
20,157,1418.07,642.31,1591.12,77.0
20,158,1417.94,642.44,1594.7,76.0
20,159,1417.95,642.71,1584.55,75.0
20,160,1415.59,643.31,1595.32,74.0
20,161,1416.61,642.94,1595.83,73.0
20,162,1415.99,643.14,1593.15,72.0
20,163,1412.52,643.23,1595.8,71.0
20,164,1421.13,643.17,1593.99,70.0
20,165,1410.17,642.64,1601.0,69.0
20,166,1416.29,642.69,1590.41,68.0
20,167,1410.74,642.65,1589.78,67.0
20,168,1414.58,643.13,1599.66,66.0
20,169,1413.95,642.37,1592.26,65.0
20,170,1417.33,642.18,1593.13,64.0
20,171,1421.32,643.06,1598.96,63.0
20,172,1414.06,642.32,1596.24,62.0
20,173,1413.52,642.9,1592.72,61.0
20,174,1413.39,642.87,1597.12,60.0
20,175,1422.24,642.77,1596.39,59.0
20,176,1413.4,643.46,1600.36,58.0
20,177,1414.73,642.92,1592.53,57.0
20,178,1411.79,642.7,1594.94,56.0
20,179,1415.72,643.64,1599.76,55.0
20,180,1414.35,642.95,1597.33,54.0
20,181,1420.56,643.08,1595.05,53.0
20,182,1422.16,642.76,1603.03,52.0
20,183,1412.47,642.95,1595.68,51.0
20,184,1418.07,643.39,1596.49,50.0
20,185,1420.81,643.15,1597.62,49.0
20,186,1422.57,643.11,1600.42,48.0
20,187,1421.44,643.1,1598.74,47.0
20,188,1421.45,643.5,1597.0,46.0
20,189,1418.05,643.05,1594.45,45.0
20,190,1416.25,643.63,1591.84,44.0
20,191,1420.17,643.05,1597.64,43.0
20,192,1417.58,643.36,1597.5,42.0
20,193,1418.62,643.22,1592.26,41.0
20,194,1420.46,643.63,1593.07,40.0
20,195,1413.66,643.17,1596.56,39.0
20,196,1422.88,642.89,1601.31,38.0
20,197,1411.02,642.81,1594.41,37.0
20,198,1421.81,642.69,1599.15,36.0
20,199,1418.58,643.57,1591.15,35.0
20,200,1422.65,642.95,1595.89,34.0
20,201,1417.28,643.24,1593.58,33.0
20,202,1415.63,643.03,1588.35,32.0
20,203,1421.12,643.5,1600.79,31.0
20,204,1433.21,642.54,1601.47,30.0
20,205,1425.26,642.6,1594.3,29.0
20,206,1411.04,643.05,1597.72,28.0
20,207,1424.85,643.37,1596.99,27.0
20,208,1426.51,642.78,1599.24,26.0
20,209,1420.31,642.97,1601.54,25.0
20,210,1420.29,643.66,1597.72,24.0
20,211,1420.74,643.74,1595.32,23.0
20,212,1420.51,643.6,1601.16,22.0
20,213,1426.23,643.61,1600.96,21.0
20,214,1423.82,643.6,1598.48,20.0
20,215,1427.83,643.71,1600.26,19.0
20,216,1426.99,643.72,1602.51,18.0
20,217,1419.65,644.12,1600.51,17.0
20,218,1426.75,643.51,1597.19,16.0
20,219,1424.92,643.36,1600.44,15.0
20,220,1426.76,643.41,1594.88,14.0
20,221,1417.47,643.17,1601.99,13.0
20,222,1425.51,643.52,1597.12,12.0
20,223,1433.5,643.47,1600.6,11.0
20,224,1417.01,643.13,1599.29,10.0
20,225,1420.89,643.89,1595.15,9.0
20,226,1425.52,643.49,1597.07,8.0
20,227,1426.9,643.3,1600.38,7.0
20,228,1423.29,644.03,1592.36,6.0
20,229,1429.25,643.34,1597.71,5.0
20,230,1431.45,643.57,1605.67,4.0
20,231,1429.72,643.89,1603.35,3.0
20,232,1432.08,643.85,1608.02,2.0
20,233,1437.23,643.93,1601.9,1.0
20,234,1430.93,643.86,1598.43,0.0
21,1,1410.66,642.24,1582.88,194.0
21,2,1404.54,642.27,1582.13,193.0
21,3,1408.88,642.47,1589.73,192.0
21,4,1409.45,642.5,1587.18,191.0
21,5,1401.46,642.21,1596.51,190.0
21,6,1401.04,642.37,1592.15,189.0
21,7,1397.77,642.45,1593.79,188.0
21,8,1407.8,642.44,1585.67,187.0
21,9,1402.62,641.91,1590.36,186.0
21,10,1404.6,642.25,1582.71,185.0
21,11,1403.51,642.51,1585.7,184.0
21,12,1398.53,642.02,1590.84,183.0
21,13,1405.33,642.49,1587.28,182.0
21,14,1408.25,642.76,1589.09,181.0
21,15,1400.25,642.63,1587.31,180.0
21,16,1403.06,642.53,1591.64,179.0
21,17,1402.04,642.42,1581.82,178.0
21,18,1404.68,642.83,1588.93,177.0
21,19,1405.51,641.95,1587.76,176.0
21,20,1406.4,642.15,1585.71,175.0
21,21,1402.15,643.19,1585.38,174.0
21,22,1402.64,642.1,1588.54,173.0
21,23,1410.76,642.44,1592.31,172.0
21,24,1409.06,642.27,1587.87,171.0
21,25,1410.79,642.84,1582.84,170.0
21,26,1405.47,642.64,1581.12,169.0
21,27,1401.12,642.29,1587.82,168.0
21,28,1408.53,642.45,1583.56,167.0
21,29,1404.01,642.73,1585.45,166.0
21,30,1406.22,642.84,1586.27,165.0
21,31,1402.34,642.64,1589.99,164.0
21,32,1408.92,642.32,1589.92,163.0
21,33,1408.28,642.08,1581.76,162.0
21,34,1400.84,642.28,1597.13,161.0
21,35,1401.12,642.73,1590.73,160.0
21,36,1401.12,642.53,1582.95,159.0
21,37,1405.24,643.21,1595.24,158.0
21,38,1400.66,642.04,1582.53,157.0
21,39,1405.01,642.51,1586.69,156.0
21,40,1398.67,642.65,1586.32,155.0
21,41,1401.58,642.1,1588.23,154.0
21,42,1400.72,642.53,1596.99,153.0
21,43,1405.94,642.72,1584.21,152.0
21,44,1412.08,642.46,1595.14,151.0
21,45,1404.43,642.43,1591.92,150.0
21,46,1408.04,642.0,1590.29,149.0
21,47,1398.94,642.55,1582.16,148.0
21,48,1401.35,642.5,1593.16,147.0
21,49,1407.76,642.37,1594.76,146.0
21,50,1414.56,642.43,1584.03,145.0
21,51,1399.54,642.03,1592.94,144.0
21,52,1403.19,642.81,1583.6,143.0
21,53,1405.1,642.4,1582.63,142.0
21,54,1406.78,642.98,1594.87,141.0
21,55,1402.69,642.52,1590.47,140.0
21,56,1406.29,642.67,1587.03,139.0
21,57,1404.03,642.82,1587.86,138.0
21,58,1408.52,643.13,1592.22,137.0
21,59,1402.77,642.75,1588.77,136.0
21,60,1401.51,642.29,1589.28,135.0
21,61,1412.49,642.6,1581.56,134.0
21,62,1403.58,643.14,1590.7,133.0
21,63,1406.93,642.53,1590.99,132.0
21,64,1406.9,642.66,1588.11,131.0
21,65,1404.3,642.67,1586.79,130.0
21,66,1404.86,642.45,1590.71,129.0
21,67,1414.14,642.49,1593.55,128.0
21,68,1410.93,643.26,1586.87,127.0
21,69,1396.35,642.06,1587.76,126.0
21,70,1402.56,642.73,1586.85,125.0
21,71,1397.76,642.26,1585.99,124.0
21,72,1406.9,643.1,1585.32,123.0
21,73,1407.22,642.74,1589.44,122.0
21,74,1408.69,642.43,1585.1,121.0
21,75,1406.2,642.68,1592.71,120.0
21,76,1408.39,642.58,1587.4,119.0
21,77,1402.87,643.09,1588.5,118.0
21,78,1406.44,642.46,1587.3,117.0
21,79,1404.29,642.35,1587.54,116.0
21,80,1404.07,641.89,1586.5,115.0
21,81,1409.83,642.87,1590.05,114.0
21,82,1394.72,642.35,1587.53,113.0
21,83,1404.66,642.72,1588.82,112.0
21,84,1403.28,642.06,1587.43,111.0
21,85,1399.09,643.39,1582.96,110.0
21,86,1409.81,643.03,1590.64,109.0
21,87,1401.23,642.81,1589.67,108.0
21,88,1410.51,642.18,1594.32,107.0
21,89,1413.44,642.11,1582.25,106.0
21,90,1403.41,642.26,1593.46,105.0
21,91,1401.77,642.37,1594.42,104.0
21,92,1408.45,643.01,1584.25,103.0
21,93,1412.18,642.88,1591.43,102.0
21,94,1408.04,642.69,1593.34,101.0
21,95,1411.64,642.57,1587.32,100.0
21,96,1409.34,642.58,1592.68,99.0
21,97,1408.92,642.44,1595.47,98.0
21,98,1404.76,642.1,1587.49,97.0
21,99,1401.2,641.99,1583.2,96.0
21,100,1403.15,642.71,1587.34,95.0
21,101,1400.46,642.04,1591.67,94.0
21,102,1403.0,642.47,1586.82,93.0
21,103,1402.16,642.93,1586.33,92.0
21,104,1410.58,642.45,1590.33,91.0
21,105,1400.44,642.69,1587.99,90.0
21,106,1402.89,642.66,1587.95,89.0
21,107,1402.92,642.57,1589.47,88.0
21,108,1408.07,642.53,1588.02,87.0
21,109,1408.88,642.38,1598.37,86.0
21,110,1416.41,642.24,1586.9,85.0
21,111,1413.82,642.97,1594.94,84.0
21,112,1409.04,642.52,1596.09,83.0
21,113,1408.96,642.66,1592.54,82.0
21,114,1412.58,643.37,1598.34,81.0
21,115,1410.76,642.35,1587.72,80.0
21,116,1415.6,642.85,1582.03,79.0
21,117,1410.59,642.69,1590.15,78.0
21,118,1413.13,643.0,1593.96,77.0
21,119,1406.26,642.76,1589.32,76.0
21,120,1410.05,642.82,1585.75,75.0
21,121,1408.93,642.26,1590.43,74.0
21,122,1412.1,642.57,1595.24,73.0
21,123,1415.04,642.74,1583.5,72.0
21,124,1411.5,642.82,1588.34,71.0
21,125,1410.76,642.63,1595.18,70.0
21,126,1408.97,642.4,1591.35,69.0
21,127,1400.51,642.69,1589.56,68.0
21,128,1406.46,643.41,1588.81,67.0
21,129,1407.09,642.76,1594.6,66.0
21,130,1410.11,642.81,1588.48,65.0
21,131,1410.27,643.15,1584.97,64.0
21,132,1408.89,642.76,1591.51,63.0
21,133,1414.9,642.56,1598.14,62.0
21,134,1410.79,642.57,1590.62,61.0
21,135,1404.97,642.23,1588.66,60.0
21,136,1413.49,642.61,1598.86,59.0
21,137,1405.87,642.94,1588.26,58.0
21,138,1406.24,642.75,1586.45,57.0
21,139,1416.14,643.01,1594.76,56.0
21,140,1408.66,642.75,1590.53,55.0
21,141,1408.6,642.52,1590.22,54.0
21,142,1407.97,642.87,1591.83,53.0
21,143,1419.94,643.19,1600.66,52.0
21,144,1414.83,643.46,1597.79,51.0
21,145,1414.49,642.77,1593.0,50.0
21,146,1422.79,643.12,1589.7,49.0
21,147,1417.28,642.53,1591.56,48.0
21,148,1406.62,643.15,1588.13,47.0
21,149,1413.36,642.91,1594.72,46.0
21,150,1412.12,642.26,1599.6,45.0
21,151,1414.44,642.77,1585.08,44.0
21,152,1412.12,642.83,1595.37,43.0
21,153,1418.47,643.1,1584.27,42.0
21,154,1419.52,642.56,1586.47,41.0
21,155,1406.5,642.77,1593.21,40.0
21,156,1411.74,643.0,1599.97,39.0
21,157,1414.12,643.06,1601.96,38.0
21,158,1411.02,642.8,1593.77,37.0
21,159,1417.5,642.73,1594.58,36.0
21,160,1407.82,643.06,1601.23,35.0
21,161,1420.38,642.79,1594.93,34.0
21,162,1415.55,643.31,1588.03,33.0
21,163,1412.92,643.3,1594.18,32.0
21,164,1415.87,643.02,1601.71,31.0
21,165,1419.22,643.14,1597.76,30.0
21,166,1417.56,643.15,1597.12,29.0
21,167,1417.03,642.67,1592.84,28.0
21,168,1416.86,643.45,1593.49,27.0
21,169,1404.44,642.95,1598.72,26.0
21,170,1414.34,643.36,1593.53,25.0
21,171,1416.98,642.93,1594.59,24.0
21,172,1419.57,642.73,1601.24,23.0
21,173,1416.02,643.66,1589.76,22.0
21,174,1413.63,643.44,1595.7,21.0
21,175,1420.72,643.33,1601.66,20.0
21,176,1421.95,643.64,1595.64,19.0
21,177,1415.35,643.16,1595.49,18.0
21,178,1415.78,643.16,1595.14,17.0
21,179,1420.57,643.43,1596.67,16.0
21,180,1425.74,643.28,1592.47,15.0
21,181,1423.88,643.25,1601.61,14.0
21,182,1427.49,644.03,1594.42,13.0
21,183,1421.65,643.15,1599.18,12.0
21,184,1414.46,643.51,1601.81,11.0
21,185,1421.54,643.31,1597.22,10.0
21,186,1424.98,643.18,1596.2,9.0
21,187,1421.25,643.37,1605.88,8.0
21,188,1421.99,642.96,1601.95,7.0
21,189,1428.04,643.15,1597.93,6.0
21,190,1420.52,643.97,1605.53,5.0
21,191,1430.71,643.52,1597.89,4.0
21,192,1424.5,643.89,1597.72,3.0
21,193,1423.72,644.02,1603.87,2.0
21,194,1434.26,643.85,1604.29,1.0
21,195,1432.84,643.87,1606.47,0.0
22,1,1408.51,642.68,1595.65,201.0
22,2,1411.44,642.59,1590.88,200.0
22,3,1410.07,642.41,1589.32,199.0
22,4,1403.26,642.42,1596.85,198.0
22,5,1407.96,642.36,1587.95,197.0
22,6,1413.09,642.66,1587.49,196.0
22,7,1406.14,642.63,1594.08,195.0
22,8,1418.91,643.18,1584.45,194.0
22,9,1409.79,643.11,1590.34,193.0
22,10,1411.62,642.29,1591.75,192.0
22,11,1404.46,642.61,1587.96,191.0
22,12,1413.64,642.72,1586.77,190.0
22,13,1413.46,642.45,1595.05,189.0
22,14,1420.34,642.89,1590.5,188.0
22,15,1414.01,642.69,1600.63,187.0
22,16,1410.75,642.42,1586.73,186.0
22,17,1406.81,642.88,1587.89,185.0
22,18,1409.51,642.64,1592.63,184.0
22,19,1413.45,643.03,1585.65,183.0
22,20,1411.39,643.22,1591.93,182.0
22,21,1409.59,642.56,1593.16,181.0
22,22,1412.77,642.67,1587.34,180.0
22,23,1409.68,642.44,1595.99,179.0
22,24,1409.73,642.91,1586.17,178.0
22,25,1409.55,642.6,1593.43,177.0
22,26,1408.98,642.92,1589.99,176.0
22,27,1410.76,642.69,1590.61,175.0
22,28,1411.78,642.83,1588.41,174.0
22,29,1411.5,642.75,1588.83,173.0
22,30,1412.47,642.84,1592.78,172.0
22,31,1407.49,642.29,1584.71,171.0
22,32,1407.23,642.5,1592.92,170.0
22,33,1409.14,642.43,1591.08,169.0
22,34,1414.03,642.53,1590.05,168.0
22,35,1409.98,642.83,1589.06,167.0
22,36,1412.09,642.63,1592.48,166.0
22,37,1408.3,642.31,1594.24,165.0
22,38,1411.74,642.93,1591.82,164.0
22,39,1413.65,642.44,1593.23,163.0
22,40,1405.63,642.55,1587.03,162.0
22,41,1413.05,642.86,1589.65,161.0
22,42,1416.36,642.75,1593.97,160.0
22,43,1406.56,642.83,1591.19,159.0
22,44,1408.15,642.89,1589.1,158.0
22,45,1417.33,642.71,1595.96,157.0
22,46,1414.96,642.48,1586.35,156.0
22,47,1406.87,642.53,1593.06,155.0
22,48,1419.52,642.32,1593.99,154.0
22,49,1410.55,642.72,1586.85,153.0
22,50,1409.53,642.61,1590.58,152.0
22,51,1401.38,642.64,1592.76,151.0
22,52,1415.7,642.57,1588.86,150.0
22,53,1413.85,642.59,1594.84,149.0
22,54,1417.11,642.82,1592.34,148.0
22,55,1414.49,642.82,1589.77,147.0
22,56,1409.47,643.22,1586.45,146.0
22,57,1413.15,642.71,1592.16,145.0
22,58,1414.81,642.77,1601.81,144.0
22,59,1421.03,642.35,1582.2,143.0
22,60,1410.03,642.2,1585.35,142.0
22,61,1417.27,642.92,1592.85,141.0
22,62,1413.4,642.66,1590.09,140.0
22,63,1409.71,642.55,1590.61,139.0
22,64,1410.89,642.76,1589.41,138.0
22,65,1408.87,642.55,1592.48,137.0
22,66,1411.47,643.34,1594.0,136.0
22,67,1408.9,642.34,1586.98,135.0
22,68,1411.26,642.67,1590.36,134.0
22,69,1416.23,643.53,1590.03,133.0
22,70,1410.25,642.91,1597.06,132.0
22,71,1414.45,642.98,1593.54,131.0
22,72,1408.32,642.97,1589.8,130.0
22,73,1411.77,642.31,1594.01,129.0
22,74,1407.23,643.31,1590.59,128.0
22,75,1406.61,642.22,1596.63,127.0
22,76,1411.94,643.09,1589.54,126.0
22,77,1407.99,642.81,1589.86,125.0
22,78,1410.45,642.79,1590.88,124.0
22,79,1409.31,642.72,1582.2,123.0
22,80,1408.99,642.32,1586.95,122.0
22,81,1414.25,643.11,1591.83,121.0
22,82,1408.38,643.03,1594.13,120.0
22,83,1411.57,642.64,1590.85,119.0
22,84,1415.28,642.95,1588.32,118.0
22,85,1409.86,642.25,1588.61,117.0
22,86,1415.2,643.01,1591.44,116.0
22,87,1410.49,643.05,1591.22,115.0
22,88,1414.96,642.67,1591.68,114.0
22,89,1409.46,643.0,1582.18,113.0
22,90,1413.89,642.76,1590.13,112.0
22,91,1409.16,643.11,1591.33,111.0
22,92,1410.75,642.79,1593.3,110.0
22,93,1414.28,642.68,1596.87,109.0
22,94,1415.25,642.74,1589.46,108.0
22,95,1415.65,642.93,1587.45,107.0
22,96,1409.51,642.57,1594.05,106.0
22,97,1410.68,642.81,1590.9,105.0
22,98,1414.03,642.46,1591.42,104.0
22,99,1408.98,642.81,1592.42,103.0
22,100,1418.77,642.47,1592.9,102.0
22,101,1411.58,643.02,1594.98,101.0
22,102,1406.67,642.71,1589.02,100.0
22,103,1411.51,642.88,1595.85,99.0
22,104,1418.87,642.4,1594.52,98.0
22,105,1416.14,642.79,1593.2,97.0
22,106,1413.24,642.75,1594.05,96.0
22,107,1418.78,642.78,1594.46,95.0
22,108,1414.56,642.75,1589.59,94.0
22,109,1412.97,643.5,1593.8,93.0
22,110,1407.26,642.91,1593.26,92.0
22,111,1409.08,642.82,1590.69,91.0
22,112,1421.74,643.3,1590.31,90.0
22,113,1417.75,643.22,1589.21,89.0
22,114,1416.74,643.18,1593.76,88.0
22,115,1408.4,642.77,1589.3,87.0
22,116,1408.89,642.13,1594.25,86.0
22,117,1411.98,642.56,1594.97,85.0
22,118,1417.08,643.07,1597.68,84.0
22,119,1406.82,643.17,1599.65,83.0
22,120,1414.19,642.86,1592.34,82.0
22,121,1416.03,643.19,1590.41,81.0
22,122,1419.99,643.16,1597.3,80.0
22,123,1419.65,642.23,1594.7,79.0
22,124,1416.0,642.6,1581.02,78.0
22,125,1413.34,642.89,1591.14,77.0
22,126,1411.33,643.15,1590.66,76.0
22,127,1418.4,642.46,1594.56,75.0
22,128,1419.7,642.89,1591.4,74.0
22,129,1418.36,642.93,1593.01,73.0
22,130,1415.51,643.48,1593.31,72.0
22,131,1414.33,643.49,1602.62,71.0
22,132,1412.75,643.3,1603.84,70.0
22,133,1420.27,643.51,1593.18,69.0
22,134,1425.04,642.95,1592.3,68.0
22,135,1411.37,643.14,1591.09,67.0
22,136,1417.54,643.16,1594.22,66.0
22,137,1411.5,642.83,1591.97,65.0
22,138,1416.77,643.53,1592.93,64.0
22,139,1413.6,642.93,1598.88,63.0
22,140,1414.93,643.03,1599.41,62.0
22,141,1415.23,642.91,1594.49,61.0
22,142,1421.74,643.13,1594.28,60.0
22,143,1416.52,642.73,1592.92,59.0
22,144,1411.34,643.17,1593.28,58.0
22,145,1414.26,642.85,1595.14,57.0
22,146,1416.43,642.85,1598.07,56.0
22,147,1412.61,643.36,1592.43,55.0
22,148,1414.99,642.83,1597.21,54.0
22,149,1422.33,643.25,1599.02,53.0
22,150,1418.16,642.63,1598.62,52.0
22,151,1424.68,642.91,1595.08,51.0
22,152,1418.85,643.25,1594.56,50.0
22,153,1417.75,642.84,1594.35,49.0
22,154,1417.07,643.67,1592.12,48.0
22,155,1418.57,643.17,1601.99,47.0
22,156,1424.8,642.95,1600.49,46.0
22,157,1416.7,643.06,1593.06,45.0
22,158,1415.83,643.22,1593.07,44.0
22,159,1424.2,643.51,1592.1,43.0
22,160,1417.44,643.3,1597.65,42.0
22,161,1417.81,643.27,1596.12,41.0
22,162,1426.04,643.07,1596.24,40.0
22,163,1425.3,642.79,1597.51,39.0
22,164,1420.97,643.16,1599.94,38.0
22,165,1419.23,643.34,1600.77,37.0
22,166,1418.91,643.21,1602.22,36.0
22,167,1423.88,643.55,1594.02,35.0
22,168,1414.97,643.65,1595.02,34.0
22,169,1423.7,643.52,1591.39,33.0
22,170,1411.31,643.22,1598.86,32.0
22,171,1417.32,643.76,1594.54,31.0
22,172,1423.53,643.12,1602.64,30.0
22,173,1422.33,643.11,1588.71,29.0
22,174,1424.88,643.3,1599.02,28.0
22,175,1424.26,643.33,1598.07,27.0
22,176,1415.27,643.04,1596.01,26.0
22,177,1415.58,643.13,1592.35,25.0
22,178,1428.6,643.67,1605.07,24.0
22,179,1421.18,643.62,1594.66,23.0
22,180,1427.52,643.26,1597.48,22.0
22,181,1427.21,643.29,1595.57,21.0
22,182,1420.17,643.4,1595.98,20.0
22,183,1423.81,643.43,1599.38,19.0
22,184,1426.71,643.65,1599.02,18.0
22,185,1421.4,643.38,1588.88,17.0
22,186,1421.96,643.17,1596.58,16.0
22,187,1433.13,643.4,1598.23,15.0
22,188,1423.97,643.67,1603.14,14.0
22,189,1424.76,643.66,1601.87,13.0
22,190,1426.53,643.22,1594.43,12.0
22,191,1426.73,643.59,1600.14,11.0
22,192,1423.35,643.13,1603.49,10.0
22,193,1427.58,643.7,1602.78,9.0
22,194,1422.67,643.87,1600.98,8.0
22,195,1433.89,643.55,1595.05,7.0
22,196,1427.61,643.21,1598.81,6.0
22,197,1421.58,643.8,1604.97,5.0
22,198,1426.26,643.26,1602.59,4.0
22,199,1433.2,643.82,1604.09,3.0
22,200,1428.65,643.44,1594.32,2.0
22,201,1427.99,643.7,1598.8,1.0
22,202,1429.98,643.64,1609.56,0.0
23,1,1408.8,641.98,1591.38,167.0
23,2,1413.03,642.36,1592.51,166.0
23,3,1406.75,642.73,1591.65,165.0
23,4,1404.01,643.14,1584.3,164.0
23,5,1407.33,643.22,1590.03,163.0
23,6,1405.34,642.63,1589.38,162.0
23,7,1403.7,642.35,1587.89,161.0
23,8,1406.04,642.42,1590.48,160.0
23,9,1404.51,642.07,1583.6,159.0
23,10,1411.38,642.82,1590.18,158.0
23,11,1408.31,642.0,1583.28,157.0
23,12,1405.08,643.02,1590.11,156.0
23,13,1407.89,642.05,1586.29,155.0
23,14,1408.65,642.28,1589.44,154.0
23,15,1407.97,642.3,1587.72,153.0
23,16,1404.77,643.15,1592.31,152.0
23,17,1404.46,642.1,1592.03,151.0
23,18,1403.05,642.93,1585.15,150.0
23,19,1411.0,642.97,1586.67,149.0
23,20,1413.54,642.72,1589.12,148.0
23,21,1407.15,642.79,1583.23,147.0
23,22,1407.82,642.74,1586.23,146.0
23,23,1405.41,642.42,1587.51,145.0
23,24,1400.12,642.94,1585.49,144.0
23,25,1410.4,642.7,1585.12,143.0
23,26,1402.9,642.66,1591.82,142.0
23,27,1410.64,642.43,1581.84,141.0
23,28,1403.37,642.38,1597.25,140.0
23,29,1399.8,642.88,1595.0,139.0
23,30,1403.6,642.46,1592.92,138.0
23,31,1402.64,642.29,1590.16,137.0
23,32,1402.46,642.04,1586.81,136.0
23,33,1406.52,642.24,1596.94,135.0
23,34,1402.55,642.64,1584.94,134.0
23,35,1411.97,643.1,1587.04,133.0
23,36,1413.47,642.27,1590.78,132.0
23,37,1402.02,642.83,1590.79,131.0
23,38,1403.5,642.63,1597.49,130.0
23,39,1411.93,643.28,1590.26,129.0
23,40,1406.82,642.98,1589.21,128.0
23,41,1406.95,642.45,1591.9,127.0
23,42,1400.01,642.56,1588.44,126.0
23,43,1410.08,642.51,1593.46,125.0
23,44,1418.17,642.61,1591.8,124.0
23,45,1397.83,642.37,1588.61,123.0
23,46,1404.84,642.51,1586.87,122.0
23,47,1412.13,642.77,1590.74,121.0
23,48,1404.66,642.57,1590.71,120.0
23,49,1411.45,642.56,1589.04,119.0
23,50,1403.97,641.96,1590.91,118.0
23,51,1410.61,642.57,1596.65,117.0
23,52,1411.35,642.44,1584.97,116.0
23,53,1409.89,642.3,1599.87,115.0
23,54,1404.15,642.7,1594.12,114.0
23,55,1407.32,643.16,1585.36,113.0
23,56,1413.58,642.96,1584.44,112.0
23,57,1408.23,642.81,1589.05,111.0
23,58,1399.05,642.04,1591.61,110.0
23,59,1406.85,642.77,1594.06,109.0
23,60,1405.14,642.82,1595.87,108.0
23,61,1406.06,642.47,1588.73,107.0
23,62,1412.85,642.21,1595.42,106.0
23,63,1407.48,642.57,1584.25,105.0
23,64,1408.61,643.14,1592.05,104.0
23,65,1405.35,642.94,1589.42,103.0
23,66,1411.95,642.73,1581.98,102.0
23,67,1410.85,642.77,1596.56,101.0
23,68,1410.18,642.91,1583.94,100.0
23,69,1410.89,642.8,1584.43,99.0
23,70,1413.8,642.26,1587.32,98.0
23,71,1414.67,642.15,1595.21,97.0
23,72,1413.44,642.98,1592.27,96.0
23,73,1403.9,642.26,1592.66,95.0
23,74,1416.03,642.31,1586.39,94.0
23,75,1410.37,642.27,1587.7,93.0
23,76,1403.58,642.78,1585.81,92.0
23,77,1411.43,642.56,1591.4,91.0
23,78,1411.77,642.52,1590.03,90.0
23,79,1406.23,643.01,1584.72,89.0
23,80,1408.52,642.57,1593.28,88.0
23,81,1416.41,643.32,1596.52,87.0
23,82,1409.87,642.97,1589.27,86.0
23,83,1414.47,642.69,1594.05,85.0
23,84,1413.19,642.56,1591.83,84.0
23,85,1413.87,643.05,1592.83,83.0
23,86,1410.81,642.81,1593.35,82.0
23,87,1407.46,643.14,1588.12,81.0
23,88,1416.37,643.09,1597.31,80.0
23,89,1417.6,642.78,1584.04,79.0
23,90,1409.24,642.94,1592.6,78.0
23,91,1412.63,643.32,1591.35,77.0
23,92,1414.95,642.81,1590.76,76.0
23,93,1403.73,642.95,1587.76,75.0
23,94,1411.65,642.5,1583.85,74.0
23,95,1414.12,642.65,1596.54,73.0
23,96,1414.32,642.78,1586.86,72.0
23,97,1411.17,642.95,1597.85,71.0
23,98,1411.32,642.97,1589.03,70.0
23,99,1416.24,642.66,1588.42,69.0
23,100,1411.17,642.51,1597.34,68.0
23,101,1411.65,642.66,1584.07,67.0
23,102,1410.54,643.46,1597.43,66.0
23,103,1410.13,643.03,1595.8,65.0
23,104,1412.36,643.53,1594.62,64.0
23,105,1408.99,641.97,1587.46,63.0
23,106,1409.59,642.36,1589.54,62.0
23,107,1402.95,643.19,1590.84,61.0
23,108,1418.25,642.99,1587.6,60.0
23,109,1410.86,643.11,1590.66,59.0
23,110,1410.77,642.98,1595.98,58.0
23,111,1416.07,643.15,1590.25,57.0
23,112,1410.86,642.9,1589.88,56.0
23,113,1409.09,642.87,1597.22,55.0
23,114,1414.18,643.1,1593.12,54.0
23,115,1410.73,643.48,1595.84,53.0
23,116,1414.56,643.51,1592.55,52.0
23,117,1414.99,643.36,1592.36,51.0
23,118,1410.78,643.08,1602.27,50.0
23,119,1414.62,642.86,1592.32,49.0
23,120,1419.23,642.92,1590.62,48.0
23,121,1412.41,643.11,1589.52,47.0
23,122,1422.23,642.9,1595.64,46.0
23,123,1415.11,643.13,1592.83,45.0
23,124,1416.52,643.34,1598.27,44.0
23,125,1414.91,643.24,1588.55,43.0
23,126,1415.43,643.03,1594.63,42.0
23,127,1413.07,642.87,1595.38,41.0
23,128,1416.63,642.55,1595.89,40.0
23,129,1422.22,642.9,1597.07,39.0
23,130,1418.62,643.18,1593.42,38.0
23,131,1418.25,643.45,1596.12,37.0
23,132,1415.1,643.69,1600.99,36.0
23,133,1421.33,642.74,1596.68,35.0
23,134,1413.03,642.79,1589.93,34.0
23,135,1411.73,643.16,1596.17,33.0
23,136,1418.41,643.45,1594.78,32.0
23,137,1412.75,643.0,1593.2,31.0
23,138,1419.12,643.3,1600.93,30.0
23,139,1417.59,643.18,1597.69,29.0
23,140,1410.37,643.43,1594.82,28.0
23,141,1414.31,643.2,1603.27,27.0
23,142,1420.17,643.07,1599.03,26.0
23,143,1419.25,642.97,1594.65,25.0
23,144,1423.07,643.01,1594.32,24.0
23,145,1415.71,643.33,1594.2,23.0
23,146,1421.26,643.61,1594.1,22.0
23,147,1424.51,643.49,1596.31,21.0
23,148,1422.95,643.46,1597.1,20.0
23,149,1422.14,643.2,1600.07,19.0
23,150,1423.0,643.25,1592.41,18.0
23,151,1425.55,643.44,1602.4,17.0
23,152,1420.2,642.96,1598.41,16.0
23,153,1424.57,643.44,1604.51,15.0
23,154,1429.64,643.55,1595.98,14.0
23,155,1423.94,643.03,1598.15,13.0
23,156,1425.52,643.24,1596.66,12.0
23,157,1426.83,643.29,1604.68,11.0
23,158,1425.76,643.27,1598.58,10.0
23,159,1432.24,643.77,1599.79,9.0
23,160,1421.6,643.51,1601.65,8.0
23,161,1422.2,643.93,1595.92,7.0
23,162,1427.07,643.22,1603.35,6.0
23,163,1424.4,643.58,1597.26,5.0
23,164,1426.59,643.52,1600.25,4.0
23,165,1425.41,643.71,1598.78,3.0
23,166,1431.62,644.07,1598.2,2.0
23,167,1431.6,643.76,1603.61,1.0
23,168,1431.69,643.32,1604.16,0.0
24,1,1403.12,642.17,1587.9,146.0
24,2,1394.49,642.0,1583.5,145.0
24,3,1399.37,642.43,1587.55,144.0
24,4,1403.17,642.79,1587.68,143.0
24,5,1398.93,642.49,1579.15,142.0
24,6,1403.43,642.65,1583.39,141.0
24,7,1401.82,642.71,1582.08,140.0
24,8,1403.71,642.37,1591.51,139.0
24,9,1400.66,642.05,1584.67,138.0
24,10,1404.16,642.36,1593.63,137.0
24,11,1398.8,642.58,1586.85,136.0
24,12,1395.95,642.61,1589.01,135.0
24,13,1406.37,642.54,1583.57,134.0
24,14,1396.63,642.44,1591.83,133.0
24,15,1400.18,641.95,1585.53,132.0
24,16,1400.99,642.19,1591.68,131.0
24,17,1403.73,642.07,1588.87,130.0
24,18,1397.63,642.42,1591.25,129.0
24,19,1395.7,642.69,1585.85,128.0
24,20,1398.86,642.37,1587.49,127.0
24,21,1398.91,642.28,1591.12,126.0
24,22,1397.73,642.15,1582.61,125.0
24,23,1397.58,642.4,1589.02,124.0
24,24,1408.87,642.3,1588.03,123.0
24,25,1401.12,642.06,1585.43,122.0
24,26,1400.68,642.3,1588.92,121.0
24,27,1401.05,642.03,1590.31,120.0
24,28,1400.39,642.01,1587.34,119.0
24,29,1397.77,642.74,1587.78,118.0
24,30,1403.37,642.6,1585.12,117.0
24,31,1403.23,642.52,1590.29,116.0
24,32,1407.47,642.03,1589.62,115.0
24,33,1406.88,642.56,1581.33,114.0
24,34,1405.23,641.62,1587.05,113.0
24,35,1401.04,642.22,1586.2,112.0
24,36,1407.83,642.49,1590.94,111.0
24,37,1391.9,641.96,1589.53,110.0
24,38,1403.92,642.64,1590.99,109.0
24,39,1407.39,642.36,1588.79,108.0
24,40,1396.83,642.34,1581.68,107.0
24,41,1407.93,642.6,1587.39,106.0
24,42,1408.61,643.26,1586.45,105.0
24,43,1405.49,641.84,1589.08,104.0
24,44,1402.84,642.05,1587.93,103.0
24,45,1397.75,642.61,1587.72,102.0
24,46,1403.61,642.04,1585.95,101.0
24,47,1404.69,642.37,1587.39,100.0
24,48,1407.63,642.41,1583.04,99.0
24,49,1405.48,642.05,1591.53,98.0
24,50,1400.57,642.19,1588.34,97.0
24,51,1404.95,642.24,1587.1,96.0
24,52,1401.6,642.62,1588.96,95.0
24,53,1402.16,642.41,1588.59,94.0
24,54,1400.91,642.44,1582.24,93.0
24,55,1400.03,642.11,1588.14,92.0
24,56,1405.08,642.6,1585.77,91.0
24,57,1405.98,642.83,1589.13,90.0
24,58,1402.37,642.3,1584.08,89.0
24,59,1402.82,642.49,1587.03,88.0
24,60,1400.81,642.42,1584.66,87.0
24,61,1400.3,642.76,1588.77,86.0
24,62,1404.53,642.3,1587.58,85.0
24,63,1408.4,642.7,1589.25,84.0
24,64,1399.33,642.98,1583.03,83.0
24,65,1405.48,642.6,1587.32,82.0
24,66,1401.97,642.44,1588.16,81.0
24,67,1399.31,643.06,1590.24,80.0
24,68,1401.1,642.05,1584.76,79.0
24,69,1403.09,642.63,1587.1,78.0
24,70,1408.91,642.33,1581.31,77.0
24,71,1404.28,642.82,1587.68,76.0
24,72,1392.9,642.45,1585.23,75.0
24,73,1409.77,642.76,1585.22,74.0
24,74,1412.74,642.53,1584.05,73.0
24,75,1408.82,642.32,1580.22,72.0
24,76,1408.74,643.02,1591.79,71.0
24,77,1406.8,642.61,1590.02,70.0
24,78,1401.77,642.63,1586.0,69.0
24,79,1404.53,642.49,1584.61,68.0
24,80,1406.36,642.84,1577.14,67.0
24,81,1401.01,642.72,1594.25,66.0
24,82,1409.12,642.84,1591.47,65.0
24,83,1413.19,642.0,1586.13,64.0
24,84,1405.4,642.36,1588.31,63.0
24,85,1403.32,642.4,1596.31,62.0
24,86,1405.03,642.24,1588.61,61.0
24,87,1403.86,642.62,1590.12,60.0
24,88,1402.62,642.95,1588.05,59.0
24,89,1402.91,642.04,1593.09,58.0
24,90,1408.4,642.61,1596.86,57.0
24,91,1403.93,642.94,1594.11,56.0
24,92,1406.97,642.58,1593.2,55.0
24,93,1399.15,642.97,1589.27,54.0
24,94,1403.16,642.55,1585.82,53.0
24,95,1409.64,642.26,1591.32,52.0
24,96,1407.47,642.97,1592.25,51.0
24,97,1406.53,642.2,1591.7,50.0
24,98,1410.35,643.07,1598.05,49.0
24,99,1409.81,642.66,1590.34,48.0
24,100,1409.36,642.95,1588.97,47.0
24,101,1405.44,642.9,1593.97,46.0
24,102,1406.76,642.97,1592.7,45.0
24,103,1406.72,642.78,1592.28,44.0
24,104,1406.05,642.97,1592.97,43.0
24,105,1414.26,643.01,1594.98,42.0
24,106,1404.18,642.82,1591.46,41.0
24,107,1413.42,643.1,1580.73,40.0
24,108,1407.23,642.89,1593.46,39.0
24,109,1406.28,642.56,1589.94,38.0
24,110,1407.36,643.03,1594.02,37.0
24,111,1412.92,642.93,1590.2,36.0
24,112,1414.98,642.64,1597.48,35.0
24,113,1410.08,643.65,1591.48,34.0
24,114,1413.93,643.14,1592.6,33.0
24,115,1418.25,642.45,1592.77,32.0
24,116,1414.08,642.52,1590.26,31.0
24,117,1420.26,642.54,1595.04,30.0
24,118,1415.42,642.86,1591.27,29.0
24,119,1418.44,642.56,1593.45,28.0
24,120,1412.17,643.3,1587.71,27.0
24,121,1415.73,643.62,1599.66,26.0
24,122,1415.91,642.88,1598.2,25.0
24,123,1414.52,643.25,1598.81,24.0
24,124,1410.43,643.03,1586.51,23.0
24,125,1421.48,643.2,1597.09,22.0
24,126,1418.2,642.91,1597.88,21.0
24,127,1422.93,643.0,1595.95,20.0
24,128,1419.94,643.26,1591.31,19.0
24,129,1416.49,642.88,1590.88,18.0
24,130,1420.47,642.89,1597.1,17.0
24,131,1415.92,642.92,1591.41,16.0
24,132,1415.18,643.12,1602.61,15.0
24,133,1421.91,643.75,1598.02,14.0
24,134,1422.57,643.34,1600.07,13.0
24,135,1428.11,643.41,1592.99,12.0
24,136,1419.83,643.57,1604.23,11.0
24,137,1423.84,643.62,1597.13,10.0
24,138,1423.08,643.6,1599.96,9.0
24,139,1428.7,643.47,1597.18,8.0
24,140,1416.8,643.67,1607.24,7.0
24,141,1420.29,643.52,1598.52,6.0
24,142,1430.94,643.96,1606.93,5.0
24,143,1434.04,643.87,1598.38,4.0
24,144,1427.08,643.84,1598.85,3.0
24,145,1429.77,643.81,1605.52,2.0
24,146,1425.53,643.84,1604.35,1.0
24,147,1430.87,643.79,1601.33,0.0
25,1,1403.72,642.85,1586.83,229.0
25,2,1408.44,642.01,1585.04,228.0
25,3,1405.1,642.35,1584.13,227.0
25,4,1405.92,642.55,1592.42,226.0
25,5,1399.72,642.38,1588.13,225.0
25,6,1413.87,642.74,1590.35,224.0
25,7,1410.2,642.34,1589.76,223.0
25,8,1410.09,642.24,1590.04,222.0
25,9,1403.9,642.87,1591.58,221.0
25,10,1405.93,642.33,1588.11,220.0
25,11,1406.76,642.11,1590.85,219.0
25,12,1406.97,642.13,1588.56,218.0
25,13,1401.16,642.63,1583.09,217.0
25,14,1407.83,643.03,1583.85,216.0
25,15,1407.76,642.82,1591.45,215.0
25,16,1401.54,643.11,1598.66,214.0
25,17,1411.93,642.85,1581.71,213.0
25,18,1406.8,642.46,1584.37,212.0
25,19,1402.92,642.43,1592.25,211.0
25,20,1409.28,642.11,1586.74,210.0
25,21,1402.98,642.83,1584.95,209.0
25,22,1411.48,642.52,1582.69,208.0
25,23,1405.23,642.57,1575.77,207.0
25,24,1408.37,642.12,1589.55,206.0
25,25,1396.61,642.69,1588.03,205.0
25,26,1404.38,642.43,1586.86,204.0
25,27,1407.33,641.7,1593.58,203.0
25,28,1412.61,642.4,1592.49,202.0
25,29,1413.5,642.2,1583.91,201.0
25,30,1405.03,641.61,1589.98,200.0
25,31,1402.68,642.66,1593.21,199.0
25,32,1410.09,642.54,1585.93,198.0
25,33,1402.06,642.54,1590.19,197.0
25,34,1403.4,642.0,1588.66,196.0
25,35,1407.98,642.39,1585.77,195.0
25,36,1410.44,642.11,1592.19,194.0
25,37,1403.02,642.79,1582.14,193.0
25,38,1403.63,642.72,1583.82,192.0
25,39,1404.19,642.79,1581.71,191.0
25,40,1409.69,642.58,1594.83,190.0
25,41,1409.06,642.78,1589.15,189.0
25,42,1405.45,642.47,1584.89,188.0
25,43,1406.67,642.46,1588.32,187.0
25,44,1403.71,642.97,1587.86,186.0
25,45,1408.14,642.81,1584.99,185.0
25,46,1407.41,642.4,1585.8,184.0
25,47,1409.17,642.61,1594.45,183.0
25,48,1407.09,642.77,1588.26,182.0
25,49,1403.5,643.41,1582.22,181.0
25,50,1411.53,642.17,1587.44,180.0
25,51,1403.06,643.16,1587.93,179.0
25,52,1403.64,643.06,1593.56,178.0
25,53,1406.37,642.35,1595.0,177.0
25,54,1406.93,642.74,1589.96,176.0
25,55,1407.07,642.59,1586.98,175.0
25,56,1400.44,642.15,1585.88,174.0
25,57,1409.8,642.82,1586.15,173.0
25,58,1402.78,642.39,1586.35,172.0
25,59,1408.88,642.48,1590.46,171.0
25,60,1405.12,642.5,1594.74,170.0
25,61,1407.45,642.2,1597.99,169.0
25,62,1404.55,642.79,1594.7,168.0
25,63,1402.84,642.24,1592.3,167.0
25,64,1404.38,642.43,1594.54,166.0
25,65,1414.85,642.84,1590.82,165.0
25,66,1408.82,642.92,1589.6,164.0
25,67,1405.76,642.9,1590.45,163.0
25,68,1412.88,642.66,1597.93,162.0
25,69,1408.22,642.25,1582.72,161.0
25,70,1412.36,642.8,1591.32,160.0
25,71,1410.39,642.47,1586.98,159.0
25,72,1411.92,642.42,1589.48,158.0
25,73,1413.07,642.79,1589.59,157.0
25,74,1404.68,643.14,1585.0,156.0
25,75,1405.36,642.47,1589.05,155.0
25,76,1402.37,642.19,1587.68,154.0
25,77,1409.03,642.63,1586.42,153.0
25,78,1410.65,643.07,1586.88,152.0
25,79,1403.97,642.7,1591.2,151.0
25,80,1390.73,642.94,1589.24,150.0
25,81,1409.08,642.36,1595.78,149.0
25,82,1403.03,643.06,1586.46,148.0
25,83,1407.21,642.71,1587.15,147.0
25,84,1403.91,642.51,1587.35,146.0
25,85,1410.5,642.36,1594.13,145.0
25,86,1411.32,643.05,1589.98,144.0
25,87,1405.95,642.85,1588.34,143.0
25,88,1408.65,642.77,1596.76,142.0
25,89,1406.87,642.62,1591.26,141.0
25,90,1411.82,642.91,1581.95,140.0
25,91,1411.07,642.38,1587.99,139.0
25,92,1407.37,642.58,1587.82,138.0
25,93,1413.35,642.2,1592.8,137.0
25,94,1414.62,642.16,1593.74,136.0
25,95,1405.2,642.53,1588.39,135.0
25,96,1407.19,642.65,1587.57,134.0
25,97,1409.9,642.34,1582.71,133.0
25,98,1410.26,642.55,1596.99,132.0
25,99,1412.33,642.18,1593.27,131.0
25,100,1402.46,642.55,1586.12,130.0
25,101,1409.24,642.27,1594.43,129.0
25,102,1400.06,642.7,1590.64,128.0
25,103,1413.41,643.32,1584.99,127.0
25,104,1408.98,642.56,1590.94,126.0
25,105,1405.79,642.61,1585.86,125.0
25,106,1409.66,642.52,1584.39,124.0
25,107,1405.41,642.62,1597.27,123.0
25,108,1413.89,642.77,1596.5,122.0
25,109,1401.4,642.77,1588.16,121.0
25,110,1405.22,642.28,1584.3,120.0
25,111,1408.81,642.15,1587.86,119.0
25,112,1412.42,642.2,1594.87,118.0
25,113,1406.16,642.24,1589.78,117.0
25,114,1410.0,642.48,1592.92,116.0
25,115,1403.97,641.7,1586.53,115.0
25,116,1409.18,642.58,1589.3,114.0
25,117,1416.74,642.37,1593.3,113.0
25,118,1409.1,642.53,1589.12,112.0
25,119,1413.67,642.76,1593.37,111.0
25,120,1410.49,642.41,1594.46,110.0
25,121,1405.83,642.4,1592.51,109.0
25,122,1407.71,642.44,1586.5,108.0
25,123,1405.98,643.06,1594.0,107.0
25,124,1408.04,642.28,1591.06,106.0
25,125,1411.91,642.07,1595.91,105.0
25,126,1410.49,643.13,1587.65,104.0
25,127,1413.71,642.53,1594.04,103.0
25,128,1413.56,642.59,1588.0,102.0
25,129,1401.08,642.67,1590.86,101.0
25,130,1411.73,642.79,1586.79,100.0
25,131,1412.37,642.6,1596.34,99.0
25,132,1406.83,642.61,1590.26,98.0
25,133,1410.92,643.23,1592.89,97.0
25,134,1406.78,642.39,1586.02,96.0
25,135,1403.97,643.12,1585.64,95.0
25,136,1412.58,642.96,1592.63,94.0
25,137,1410.74,642.95,1594.29,93.0
25,138,1420.12,642.36,1587.37,92.0
25,139,1412.39,642.81,1587.45,91.0
25,140,1407.2,642.7,1594.11,90.0
25,141,1414.41,643.11,1592.39,89.0
25,142,1407.72,643.21,1590.53,88.0
25,143,1409.66,642.71,1593.85,87.0
25,144,1410.98,642.78,1585.02,86.0
25,145,1411.5,642.63,1591.29,85.0
25,146,1410.22,642.55,1597.93,84.0
25,147,1407.23,643.09,1595.15,83.0
25,148,1405.78,642.73,1595.64,82.0
25,149,1412.99,642.76,1603.11,81.0
25,150,1413.57,642.8,1591.07,80.0
25,151,1414.09,642.33,1591.69,79.0
25,152,1412.11,642.53,1586.06,78.0
25,153,1406.06,642.93,1597.46,77.0
25,154,1405.92,642.76,1596.36,76.0
25,155,1417.94,643.21,1586.08,75.0
25,156,1408.68,642.61,1591.54,74.0
25,157,1414.85,642.93,1597.24,73.0
25,158,1408.87,643.07,1590.75,72.0
25,159,1414.83,643.11,1582.89,71.0
25,160,1410.65,643.42,1594.91,70.0
25,161,1418.16,642.96,1594.83,69.0
25,162,1408.44,642.74,1590.62,68.0
25,163,1417.33,643.2,1596.37,67.0
25,164,1417.62,643.1,1589.57,66.0
25,165,1413.0,642.89,1596.48,65.0
25,166,1405.45,642.9,1585.92,64.0
25,167,1412.88,642.72,1586.62,63.0
25,168,1412.65,642.48,1599.29,62.0
25,169,1407.76,642.87,1587.29,61.0
25,170,1412.12,643.19,1588.55,60.0
25,171,1410.0,642.56,1588.49,59.0
25,172,1413.97,643.32,1591.97,58.0
25,173,1413.53,642.3,1594.77,57.0
25,174,1415.31,642.77,1592.13,56.0
25,175,1417.16,642.84,1596.65,55.0
25,176,1416.92,642.91,1589.11,54.0
25,177,1415.63,643.43,1603.56,53.0
25,178,1417.99,643.34,1589.35,52.0
25,179,1419.39,643.08,1596.01,51.0
25,180,1417.58,642.98,1597.17,50.0
25,181,1422.34,643.17,1599.75,49.0
25,182,1420.57,643.03,1598.59,48.0
25,183,1410.37,643.08,1592.95,47.0
25,184,1412.5,643.56,1593.31,46.0
25,185,1418.44,642.04,1598.2,45.0
25,186,1415.74,643.58,1592.09,44.0
25,187,1415.37,643.1,1598.58,43.0
25,188,1418.38,642.98,1596.95,42.0
25,189,1418.07,642.82,1595.5,41.0
25,190,1407.16,643.31,1600.08,40.0
25,191,1420.32,643.1,1600.68,39.0
25,192,1419.89,643.09,1589.98,38.0
25,193,1418.37,643.4,1591.68,37.0
25,194,1419.73,642.34,1595.45,36.0
25,195,1419.67,643.18,1601.38,35.0
25,196,1413.03,643.42,1595.44,34.0
25,197,1414.26,643.13,1592.8,33.0
25,198,1420.24,643.3,1594.22,32.0
25,199,1417.54,643.48,1596.72,31.0
25,200,1425.83,643.31,1597.29,30.0
25,201,1429.49,643.51,1599.5,29.0
25,202,1417.75,643.39,1597.75,28.0
25,203,1421.69,643.32,1596.11,27.0
25,204,1416.05,642.8,1592.03,26.0
25,205,1416.7,643.37,1597.72,25.0
25,206,1419.41,643.22,1598.68,24.0
25,207,1422.65,643.42,1603.23,23.0
25,208,1422.9,644.18,1596.8,22.0
25,209,1423.78,643.23,1595.62,21.0
25,210,1423.88,643.35,1599.24,20.0
25,211,1422.29,643.51,1601.21,19.0
25,212,1427.33,643.26,1602.87,18.0
25,213,1427.09,643.17,1602.09,17.0
25,214,1426.38,642.84,1603.02,16.0
25,215,1413.65,643.57,1603.88,15.0
25,216,1421.64,643.87,1597.4,14.0
25,217,1431.46,643.06,1604.46,13.0
25,218,1424.69,643.2,1601.87,12.0
25,219,1424.1,643.54,1597.11,11.0
25,220,1425.47,643.35,1601.93,10.0
25,221,1425.8,643.03,1601.52,9.0
25,222,1423.81,643.74,1608.24,8.0
25,223,1418.96,643.2,1608.02,7.0
25,224,1422.29,643.82,1605.89,6.0
25,225,1424.83,643.75,1599.19,5.0
25,226,1426.41,643.67,1600.17,4.0
25,227,1433.44,643.86,1596.43,3.0
25,228,1430.76,643.34,1599.7,2.0
25,229,1431.0,643.8,1601.85,1.0
25,230,1432.58,643.67,1608.49,0.0
26,1,1411.43,642.5,1591.55,198.0
26,2,1405.51,642.41,1589.84,197.0
26,3,1408.81,642.63,1588.16,196.0
26,4,1409.85,643.13,1593.67,195.0
26,5,1414.19,642.8,1588.61,194.0
26,6,1408.6,642.16,1588.7,193.0
26,7,1404.3,642.4,1588.25,192.0
26,8,1412.11,642.94,1586.14,191.0
26,9,1405.42,642.38,1592.4,190.0
26,10,1406.11,642.34,1585.35,189.0
26,11,1401.17,642.68,1586.4,188.0
26,12,1408.91,642.91,1591.39,187.0
26,13,1406.85,642.69,1587.16,186.0
26,14,1411.14,642.78,1593.83,185.0
26,15,1410.22,642.07,1591.37,184.0
26,16,1416.35,642.19,1588.19,183.0
26,17,1405.88,642.84,1589.18,182.0
26,18,1408.21,642.49,1588.61,181.0
26,19,1412.56,643.03,1585.33,180.0
26,20,1414.56,642.56,1590.92,179.0
26,21,1414.67,642.79,1597.97,178.0
26,22,1407.43,642.73,1588.83,177.0
26,23,1415.45,642.56,1587.32,176.0
26,24,1404.79,642.78,1588.64,175.0
26,25,1408.98,642.83,1593.44,174.0
26,26,1408.79,642.41,1586.09,173.0
26,27,1402.79,642.11,1588.19,172.0
26,28,1409.19,642.48,1591.66,171.0
26,29,1405.56,642.75,1594.89,170.0
26,30,1406.64,642.36,1587.86,169.0
26,31,1405.72,642.69,1585.74,168.0
26,32,1406.33,642.57,1591.78,167.0
26,33,1396.5,642.19,1592.15,166.0
26,34,1400.94,642.71,1591.04,165.0
26,35,1406.94,643.13,1594.79,164.0
26,36,1403.05,642.41,1596.72,163.0
26,37,1409.22,642.93,1589.57,162.0
26,38,1409.55,642.78,1592.15,161.0
26,39,1398.15,642.56,1590.93,160.0
26,40,1410.28,641.82,1594.36,159.0
26,41,1412.56,642.38,1596.89,158.0
26,42,1406.41,642.19,1592.9,157.0
26,43,1414.93,642.91,1594.7,156.0
26,44,1411.13,642.9,1585.88,155.0
26,45,1410.96,642.06,1593.22,154.0
26,46,1409.77,642.75,1602.09,153.0
26,47,1409.74,642.93,1590.74,152.0
26,48,1413.52,643.02,1587.83,151.0
26,49,1407.3,642.74,1594.99,150.0
26,50,1408.57,642.28,1595.54,149.0
26,51,1405.23,643.33,1585.73,148.0
26,52,1408.69,642.97,1590.9,147.0
26,53,1402.67,643.09,1588.71,146.0
26,54,1409.73,642.49,1598.95,145.0
26,55,1408.72,642.97,1589.86,144.0
26,56,1411.87,643.16,1592.72,143.0
26,57,1412.11,642.82,1581.96,142.0
26,58,1413.65,642.52,1589.51,141.0
26,59,1404.96,642.3,1592.18,140.0
26,60,1404.8,642.99,1592.87,139.0
26,61,1406.61,642.86,1591.81,138.0
26,62,1406.36,643.05,1583.13,137.0
26,63,1412.98,643.28,1598.8,136.0
26,64,1412.73,642.74,1591.21,135.0
26,65,1412.9,642.8,1591.29,134.0
26,66,1407.43,642.81,1591.39,133.0
26,67,1413.48,642.87,1593.64,132.0
26,68,1413.48,643.04,1591.04,131.0
26,69,1408.84,642.78,1585.91,130.0
26,70,1410.03,642.53,1592.82,129.0
26,71,1405.58,642.52,1592.5,128.0
26,72,1404.68,642.77,1591.96,127.0
26,73,1416.46,642.33,1595.74,126.0
26,74,1412.88,642.4,1592.36,125.0
26,75,1407.02,642.93,1590.1,124.0
26,76,1418.64,642.67,1585.14,123.0
26,77,1407.29,642.85,1588.37,122.0
26,78,1405.42,642.65,1600.53,121.0
26,79,1408.63,642.45,1585.95,120.0
26,80,1418.28,642.6,1593.05,119.0
26,81,1405.19,642.7,1585.84,118.0
26,82,1404.59,642.89,1593.0,117.0
26,83,1412.74,642.51,1586.24,116.0
26,84,1411.69,642.76,1593.92,115.0
26,85,1413.55,642.89,1591.05,114.0
26,86,1415.89,642.96,1594.34,113.0
26,87,1416.76,642.63,1591.85,112.0
26,88,1413.57,642.9,1590.66,111.0
26,89,1418.21,643.11,1593.65,110.0
26,90,1414.15,642.48,1586.98,109.0
26,91,1402.11,642.92,1589.53,108.0
26,92,1407.27,642.0,1585.62,107.0
26,93,1411.94,642.4,1590.53,106.0
26,94,1418.61,643.12,1589.86,105.0
26,95,1410.65,642.57,1593.9,104.0
26,96,1413.11,642.47,1593.32,103.0
26,97,1406.17,642.78,1591.38,102.0
26,98,1407.14,642.63,1596.15,101.0
26,99,1408.83,642.79,1588.58,100.0
26,100,1414.1,643.11,1594.0,99.0
26,101,1411.81,643.07,1586.06,98.0
26,102,1407.42,643.01,1587.16,97.0
26,103,1408.83,642.54,1591.7,96.0
26,104,1407.13,642.57,1593.02,95.0
26,105,1418.03,642.81,1588.01,94.0
26,106,1406.73,643.27,1589.35,93.0
26,107,1407.38,642.17,1591.59,92.0
26,108,1411.07,643.0,1594.12,91.0
26,109,1412.41,642.71,1590.05,90.0
26,110,1403.2,642.47,1596.12,89.0
26,111,1410.94,642.78,1597.32,88.0
26,112,1410.12,642.82,1588.95,87.0
26,113,1409.34,642.89,1591.08,86.0
26,114,1418.36,642.74,1590.0,85.0
26,115,1412.56,643.09,1593.54,84.0
26,116,1417.74,642.67,1592.47,83.0
26,117,1412.46,642.78,1593.47,82.0
26,118,1408.94,642.91,1595.51,81.0
26,119,1406.46,642.51,1588.65,80.0
26,120,1410.53,642.52,1596.95,79.0
26,121,1411.44,642.88,1586.93,78.0
26,122,1408.39,642.8,1596.42,77.0
26,123,1416.44,642.67,1587.81,76.0
26,124,1407.34,642.63,1594.77,75.0
26,125,1415.94,643.2,1597.64,74.0
26,126,1414.9,642.9,1591.59,73.0
26,127,1408.29,642.77,1590.04,72.0
26,128,1415.23,643.12,1590.94,71.0
26,129,1410.06,642.82,1587.67,70.0
26,130,1416.55,642.87,1594.46,69.0
26,131,1411.77,642.86,1592.05,68.0
26,132,1413.3,642.71,1597.23,67.0
26,133,1417.91,642.8,1587.21,66.0
26,134,1406.24,643.46,1589.61,65.0
26,135,1406.91,642.61,1592.31,64.0
26,136,1411.21,643.15,1588.68,63.0
26,137,1408.75,643.01,1591.12,62.0
26,138,1410.74,642.97,1589.75,61.0
26,139,1409.65,643.41,1595.51,60.0
26,140,1413.78,643.21,1598.89,59.0
26,141,1413.57,643.34,1592.34,58.0
26,142,1414.4,642.77,1601.39,57.0
26,143,1413.88,642.51,1590.82,56.0
26,144,1417.72,642.8,1597.21,55.0
26,145,1412.47,643.57,1594.19,54.0
26,146,1416.5,643.28,1592.37,53.0
26,147,1419.77,643.06,1587.61,52.0
26,148,1420.63,642.89,1599.67,51.0
26,149,1410.17,642.87,1593.19,50.0
26,150,1414.22,643.65,1599.87,49.0
26,151,1415.38,643.04,1592.56,48.0
26,152,1417.42,643.04,1590.44,47.0
26,153,1415.16,643.0,1594.28,46.0
26,154,1422.94,643.01,1593.46,45.0
26,155,1418.08,642.79,1591.44,44.0
26,156,1421.8,643.15,1594.92,43.0
26,157,1417.92,643.45,1593.16,42.0
26,158,1414.85,642.74,1590.78,41.0
26,159,1417.35,643.06,1598.18,40.0
26,160,1409.99,643.49,1599.72,39.0
26,161,1428.08,643.26,1592.23,38.0
26,162,1415.76,643.56,1600.3,37.0
26,163,1423.93,642.6,1590.99,36.0
26,164,1418.41,642.35,1597.21,35.0
26,165,1423.98,642.94,1602.91,34.0
26,166,1420.49,642.89,1596.1,33.0
26,167,1422.37,643.06,1597.75,32.0
26,168,1412.74,642.77,1597.38,31.0
26,169,1419.63,643.03,1594.48,30.0
26,170,1422.86,642.78,1595.07,29.0
26,171,1414.91,643.21,1600.87,28.0
26,172,1427.62,643.18,1600.26,27.0
26,173,1413.1,643.35,1597.52,26.0
26,174,1421.85,643.44,1599.04,25.0
26,175,1418.37,643.52,1597.07,24.0
26,176,1423.76,643.29,1591.28,23.0
26,177,1423.11,643.69,1592.25,22.0
26,178,1418.21,643.25,1595.48,21.0
26,179,1425.17,643.5,1590.51,20.0
26,180,1422.39,642.67,1599.32,19.0
26,181,1419.93,643.64,1595.3,18.0
26,182,1429.21,643.14,1601.23,17.0
26,183,1418.84,643.55,1600.16,16.0
26,184,1415.1,643.14,1597.99,15.0
26,185,1419.15,643.02,1598.81,14.0
26,186,1418.67,643.81,1601.93,13.0
26,187,1422.72,643.5,1602.0,12.0
26,188,1429.06,643.15,1603.07,11.0
26,189,1424.71,643.59,1600.68,10.0
26,190,1428.87,643.29,1601.67,9.0
26,191,1424.87,643.59,1606.06,8.0
26,192,1425.02,643.7,1602.26,7.0
26,193,1427.13,643.32,1598.78,6.0
26,194,1432.5,643.71,1599.33,5.0
26,195,1422.33,643.49,1607.92,4.0
26,196,1427.18,643.57,1603.45,3.0
26,197,1426.78,644.04,1602.29,2.0
26,198,1421.29,643.24,1599.73,1.0
26,199,1432.5,643.51,1599.25,0.0
27,1,1403.33,642.41,1592.81,155.0
27,2,1404.96,642.6,1590.48,154.0
27,3,1401.67,642.3,1581.71,153.0
27,4,1407.46,643.04,1587.25,152.0
27,5,1406.82,642.47,1584.61,151.0
27,6,1409.51,642.3,1584.48,150.0
27,7,1409.94,642.27,1595.67,149.0
27,8,1407.34,642.45,1579.66,148.0
27,9,1408.99,642.59,1593.52,147.0
27,10,1408.67,642.54,1592.24,146.0
27,11,1392.42,642.57,1586.12,145.0
27,12,1404.75,642.48,1587.31,144.0
27,13,1410.72,642.36,1588.83,143.0
27,14,1407.41,642.37,1583.56,142.0
27,15,1402.81,642.33,1583.7,141.0
27,16,1403.97,642.4,1585.16,140.0
27,17,1407.19,641.78,1591.04,139.0
27,18,1396.7,642.61,1590.43,138.0
27,19,1399.5,642.47,1581.23,137.0
27,20,1407.16,642.66,1592.44,136.0
27,21,1395.72,642.56,1584.78,135.0
27,22,1405.19,642.75,1590.65,134.0
27,23,1407.18,642.3,1590.01,133.0
27,24,1404.67,642.54,1594.77,132.0
27,25,1403.35,642.54,1590.71,131.0
27,26,1398.58,642.61,1587.42,130.0
27,27,1406.02,642.32,1585.31,129.0
27,28,1404.2,642.55,1586.9,128.0
27,29,1405.78,642.5,1583.07,127.0
27,30,1395.35,642.46,1589.12,126.0
27,31,1404.34,642.7,1590.1,125.0
27,32,1404.68,642.55,1589.05,124.0
27,33,1407.24,642.06,1590.6,123.0
27,34,1403.23,642.93,1597.39,122.0
27,35,1405.62,642.31,1591.21,121.0
27,36,1407.68,642.16,1596.79,120.0
27,37,1401.08,642.69,1587.68,119.0
27,38,1409.48,642.55,1587.12,118.0
27,39,1405.18,642.26,1589.69,117.0
27,40,1409.89,642.42,1592.01,116.0
27,41,1404.96,642.21,1583.26,115.0
27,42,1407.92,642.94,1581.57,114.0
27,43,1401.74,642.84,1591.34,113.0
27,44,1397.69,642.81,1583.25,112.0
27,45,1412.34,642.5,1588.66,111.0
27,46,1400.43,642.48,1585.98,110.0
27,47,1409.2,642.32,1590.28,109.0
27,48,1412.48,643.11,1593.64,108.0
27,49,1408.22,642.05,1590.33,107.0
27,50,1406.8,643.12,1588.5,106.0
27,51,1409.24,642.53,1590.41,105.0
27,52,1404.88,642.86,1592.59,104.0
27,53,1408.94,642.56,1584.63,103.0
27,54,1407.3,642.62,1584.73,102.0
27,55,1403.66,642.28,1590.34,101.0
27,56,1403.35,642.91,1595.92,100.0
27,57,1410.43,642.26,1590.69,99.0
27,58,1401.33,642.57,1584.91,98.0
27,59,1406.05,641.89,1595.99,97.0
27,60,1407.53,642.78,1587.22,96.0
27,61,1408.91,642.56,1591.03,95.0
27,62,1414.54,642.26,1588.61,94.0
27,63,1416.28,642.33,1590.1,93.0
27,64,1403.31,642.59,1591.45,92.0
27,65,1406.97,642.7,1590.78,91.0
27,66,1406.18,642.81,1589.64,90.0
27,67,1412.39,642.57,1586.59,89.0
27,68,1413.68,642.73,1593.25,88.0
27,69,1407.13,642.77,1578.13,87.0
27,70,1408.9,642.53,1584.62,86.0
27,71,1404.91,642.7,1593.27,85.0
27,72,1409.4,642.85,1584.8,84.0
27,73,1403.62,642.83,1595.96,83.0
27,74,1403.14,642.43,1589.75,82.0
27,75,1411.99,642.76,1589.51,81.0
27,76,1407.5,642.5,1587.74,80.0
27,77,1409.32,642.87,1588.09,79.0
27,78,1411.26,642.43,1593.59,78.0
27,79,1410.78,642.7,1584.93,77.0
27,80,1414.87,641.84,1587.58,76.0
27,81,1410.54,643.16,1590.25,75.0
27,82,1415.54,642.5,1600.91,74.0
27,83,1399.22,642.24,1591.16,73.0
27,84,1411.12,643.05,1590.75,72.0
27,85,1409.92,641.86,1591.36,71.0
27,86,1403.79,642.87,1593.17,70.0
27,87,1411.77,642.63,1590.85,69.0
27,88,1407.36,643.0,1586.24,68.0
27,89,1410.14,642.6,1595.61,67.0
27,90,1408.51,642.13,1591.67,66.0
27,91,1409.25,642.94,1590.89,65.0
27,92,1408.21,642.48,1585.96,64.0
27,93,1417.3,642.64,1592.61,63.0
27,94,1409.0,642.41,1597.87,62.0
27,95,1408.35,643.26,1595.23,61.0
27,96,1415.73,642.66,1590.7,60.0
27,97,1417.08,643.17,1584.43,59.0
27,98,1408.5,642.59,1586.18,58.0
27,99,1414.29,642.65,1591.88,57.0
27,100,1405.82,642.41,1591.27,56.0
27,101,1409.52,642.97,1590.05,55.0
27,102,1410.49,643.27,1596.27,54.0
27,103,1417.33,642.92,1598.29,53.0
27,104,1411.59,642.8,1590.26,52.0
27,105,1408.62,642.78,1594.54,51.0
27,106,1413.43,643.22,1591.24,50.0
27,107,1415.59,643.06,1592.6,49.0
27,108,1410.2,642.5,1586.58,48.0
27,109,1402.48,643.03,1596.46,47.0
27,110,1416.82,643.17,1597.79,46.0
27,111,1408.68,643.07,1587.76,45.0
27,112,1419.78,642.55,1593.06,44.0
27,113,1419.08,642.01,1590.1,43.0
27,114,1409.5,642.62,1589.31,42.0
27,115,1406.79,643.15,1596.43,41.0
27,116,1414.22,643.03,1595.3,40.0
27,117,1412.68,643.13,1594.45,39.0
27,118,1409.07,642.66,1596.54,38.0
27,119,1413.67,642.63,1601.47,37.0
27,120,1415.04,643.3,1596.71,36.0
27,121,1411.54,642.67,1596.07,35.0
27,122,1411.04,642.78,1594.96,34.0
27,123,1418.59,643.01,1593.26,33.0
27,124,1420.21,643.02,1594.17,32.0
27,125,1414.68,643.3,1594.14,31.0
27,126,1418.16,643.13,1601.52,30.0
27,127,1413.76,642.93,1589.48,29.0
27,128,1418.09,642.99,1597.56,28.0
27,129,1414.87,642.82,1596.58,27.0
27,130,1415.13,643.14,1588.93,26.0
27,131,1419.49,642.63,1596.17,25.0
27,132,1414.83,643.56,1596.9,24.0
27,133,1413.51,643.82,1596.44,23.0
27,134,1415.44,643.55,1594.9,22.0
27,135,1421.02,642.84,1599.93,21.0
27,136,1420.99,643.43,1597.34,20.0
27,137,1421.48,643.42,1587.85,19.0
27,138,1423.73,643.79,1600.39,18.0
27,139,1418.5,643.55,1604.41,17.0
27,140,1418.17,643.03,1590.08,16.0
27,141,1418.75,643.77,1595.21,15.0
27,142,1416.04,643.22,1595.77,14.0
27,143,1421.92,643.27,1602.64,13.0
27,144,1422.56,643.38,1602.76,12.0
27,145,1423.96,643.56,1599.55,11.0
27,146,1424.26,644.0,1605.27,10.0
27,147,1423.26,643.6,1599.15,9.0
27,148,1424.36,643.3,1604.17,8.0
27,149,1422.67,643.4,1598.75,7.0
27,150,1419.47,643.75,1599.94,6.0
27,151,1423.42,643.48,1604.42,5.0
27,152,1416.81,643.64,1600.46,4.0
27,153,1429.2,643.57,1600.98,3.0
27,154,1431.34,643.8,1606.27,2.0
27,155,1422.32,643.5,1607.67,1.0
27,156,1429.06,643.76,1606.45,0.0
28,1,1392.44,642.14,1584.11,164.0
28,2,1391.7,642.41,1583.78,163.0
28,3,1396.23,642.13,1583.81,162.0
28,4,1395.05,642.51,1593.03,161.0
28,5,1396.3,642.39,1577.87,160.0
28,6,1403.77,642.07,1591.74,159.0
28,7,1400.44,642.05,1581.85,158.0
28,8,1395.98,642.21,1589.79,157.0
28,9,1401.82,642.12,1585.04,156.0
28,10,1396.79,642.01,1580.24,155.0
28,11,1396.13,642.31,1587.71,154.0
28,12,1399.95,642.01,1588.4,153.0
28,13,1397.28,641.58,1583.34,152.0
28,14,1401.43,641.9,1585.59,151.0
28,15,1395.37,641.55,1583.1,150.0
28,16,1394.28,641.86,1582.29,149.0
28,17,1398.89,641.88,1581.72,148.0
28,18,1396.29,642.12,1589.7,147.0
28,19,1399.73,641.86,1580.18,146.0
28,20,1398.68,642.38,1588.55,145.0
28,21,1396.72,641.8,1583.54,144.0
28,22,1397.42,641.96,1585.14,143.0
28,23,1389.11,642.24,1592.12,142.0
28,24,1397.66,641.96,1586.78,141.0
28,25,1393.05,641.99,1584.17,140.0
28,26,1399.65,642.27,1583.55,139.0
28,27,1396.48,641.98,1578.48,138.0
28,28,1400.03,641.31,1577.83,137.0
28,29,1396.35,641.91,1581.94,136.0
28,30,1398.37,641.9,1591.83,135.0
28,31,1396.67,642.59,1583.14,134.0
28,32,1398.27,641.96,1577.38,133.0
28,33,1399.7,642.1,1579.87,132.0
28,34,1398.24,642.59,1594.85,131.0
28,35,1392.22,642.13,1590.98,130.0
28,36,1398.33,641.41,1574.52,129.0
28,37,1392.17,641.84,1581.94,128.0
28,38,1398.96,641.66,1583.68,127.0
28,39,1389.12,642.19,1592.26,126.0
28,40,1406.12,642.01,1587.66,125.0
28,41,1396.3,641.76,1575.6,124.0
28,42,1395.52,642.31,1585.08,123.0
28,43,1396.26,642.08,1586.32,122.0
28,44,1400.95,642.23,1586.12,121.0
28,45,1394.98,641.87,1581.16,120.0
28,46,1405.74,642.24,1584.24,119.0
28,47,1394.33,642.29,1583.8,118.0
28,48,1390.2,642.03,1578.55,117.0
28,49,1397.22,642.05,1584.38,116.0
28,50,1389.19,641.93,1589.99,115.0
28,51,1400.67,641.82,1583.92,114.0
28,52,1395.74,642.55,1581.69,113.0
28,53,1395.62,641.96,1583.64,112.0
28,54,1398.73,642.64,1579.5,111.0
28,55,1401.79,642.11,1582.46,110.0
28,56,1392.84,641.57,1583.61,109.0
28,57,1396.69,642.0,1584.72,108.0
28,58,1393.35,642.06,1585.85,107.0
28,59,1400.19,642.1,1582.48,106.0
28,60,1399.63,642.12,1583.95,105.0
28,61,1394.03,642.55,1584.91,104.0
28,62,1396.17,642.22,1586.18,103.0
28,63,1398.93,642.52,1583.53,102.0
28,64,1395.3,642.13,1586.43,101.0
28,65,1396.08,642.18,1581.73,100.0
28,66,1398.05,641.88,1589.67,99.0
28,67,1400.33,642.3,1582.51,98.0
28,68,1394.02,642.04,1584.96,97.0
28,69,1390.96,642.33,1580.4,96.0
28,70,1398.78,641.85,1588.49,95.0
28,71,1398.94,641.88,1584.83,94.0
28,72,1399.22,641.94,1590.87,93.0
28,73,1396.76,641.84,1583.63,92.0
28,74,1392.72,642.26,1589.71,91.0
28,75,1397.92,642.2,1589.25,90.0
28,76,1396.47,642.63,1581.34,89.0
28,77,1401.63,642.11,1583.91,88.0
28,78,1396.62,642.21,1582.49,87.0
28,79,1402.42,642.32,1581.55,86.0
28,80,1399.29,641.87,1582.14,85.0
28,81,1401.79,641.88,1586.36,84.0
28,82,1403.68,642.51,1588.64,83.0
28,83,1398.97,642.18,1593.18,82.0
28,84,1397.48,642.23,1584.76,81.0
28,85,1393.44,642.87,1586.61,80.0
28,86,1394.52,641.92,1595.05,79.0
28,87,1399.57,641.96,1592.49,78.0
28,88,1399.83,641.79,1588.65,77.0
28,89,1407.31,641.96,1583.78,76.0
28,90,1405.43,642.51,1588.33,75.0
28,91,1405.25,641.95,1586.5,74.0
28,92,1394.94,642.28,1585.44,73.0
28,93,1399.35,642.72,1591.59,72.0
28,94,1394.89,642.38,1582.06,71.0
28,95,1407.07,642.55,1589.01,70.0
28,96,1401.74,642.31,1591.21,69.0
28,97,1400.24,641.99,1581.89,68.0
28,98,1401.4,641.91,1592.21,67.0
28,99,1399.46,642.69,1583.56,66.0
28,100,1395.41,642.29,1591.93,65.0
28,101,1400.41,642.43,1588.34,64.0
28,102,1406.13,642.36,1583.1,63.0
28,103,1392.55,643.22,1589.06,62.0
28,104,1405.47,642.88,1589.67,61.0
28,105,1405.28,642.21,1585.77,60.0
28,106,1408.61,642.6,1589.88,59.0
28,107,1406.34,642.82,1585.25,58.0
28,108,1408.36,642.31,1591.53,57.0
28,109,1402.59,642.86,1588.87,56.0
28,110,1403.29,642.8,1590.35,55.0
28,111,1399.69,642.46,1587.64,54.0
28,112,1406.63,642.66,1595.05,53.0
28,113,1410.62,642.1,1588.6,52.0
28,114,1399.68,642.63,1586.07,51.0
28,115,1411.41,642.63,1588.97,50.0
28,116,1404.74,641.99,1588.81,49.0
28,117,1401.99,642.39,1596.89,48.0
28,118,1405.54,642.59,1594.32,47.0
28,119,1402.06,642.64,1594.68,46.0
28,120,1407.76,642.55,1586.39,45.0
28,121,1411.61,642.95,1585.59,44.0
28,122,1407.5,642.46,1593.16,43.0
28,123,1401.19,642.88,1590.42,42.0
28,124,1404.91,642.81,1587.52,41.0
28,125,1411.37,642.69,1591.68,40.0
28,126,1408.76,642.9,1590.26,39.0
28,127,1411.16,642.57,1590.9,38.0
28,128,1408.73,642.68,1589.29,37.0
28,129,1411.25,642.66,1593.27,36.0
28,130,1408.79,643.02,1588.34,35.0
28,131,1407.16,643.32,1596.01,34.0
28,132,1412.05,642.9,1588.76,33.0
28,133,1413.32,642.7,1597.02,32.0
28,134,1413.19,642.67,1588.91,31.0
28,135,1415.99,642.98,1598.46,30.0
28,136,1417.54,643.3,1590.51,29.0
28,137,1415.45,642.03,1592.11,28.0
28,138,1417.41,643.28,1594.24,27.0
28,139,1414.2,643.5,1591.72,26.0
28,140,1418.51,642.84,1592.1,25.0
28,141,1414.89,643.12,1590.49,24.0
28,142,1417.57,643.88,1600.09,23.0
28,143,1416.38,643.12,1591.03,22.0
28,144,1416.58,642.7,1587.86,21.0
28,145,1415.47,643.19,1592.22,20.0
28,146,1421.31,642.81,1591.98,19.0
28,147,1417.7,643.3,1593.76,18.0
28,148,1414.66,643.41,1594.69,17.0
28,149,1413.08,643.34,1598.63,16.0
28,150,1416.81,643.49,1601.63,15.0
28,151,1427.3,643.38,1597.84,14.0
28,152,1422.7,643.6,1592.42,13.0
28,153,1421.17,643.05,1595.44,12.0
28,154,1416.78,643.79,1591.72,11.0
28,155,1421.73,642.86,1588.91,10.0
28,156,1421.04,643.25,1595.61,9.0
28,157,1422.9,643.59,1595.93,8.0
28,158,1423.15,642.95,1605.08,7.0
28,159,1420.72,643.4,1595.53,6.0
28,160,1418.55,643.32,1601.84,5.0
28,161,1426.37,643.6,1594.0,4.0
28,162,1430.24,643.83,1604.96,3.0
28,163,1421.09,643.73,1601.34,2.0
28,164,1431.96,643.71,1594.05,1.0
28,165,1431.57,644.01,1600.61,0.0
29,1,1408.46,642.85,1590.52,162.0
29,2,1408.53,642.27,1592.43,161.0
29,3,1399.36,642.67,1587.06,160.0
29,4,1404.58,642.7,1590.5,159.0
29,5,1405.83,642.76,1588.83,158.0
29,6,1401.97,642.29,1587.25,157.0
29,7,1410.22,641.61,1591.95,156.0
29,8,1403.44,642.45,1581.85,155.0
29,9,1406.02,641.88,1586.87,154.0
29,10,1402.72,642.61,1588.05,153.0
29,11,1406.08,642.64,1585.48,152.0
29,12,1410.3,642.33,1591.01,151.0
29,13,1403.02,642.25,1596.28,150.0
29,14,1402.65,642.3,1593.51,149.0
29,15,1402.14,642.42,1587.53,148.0
29,16,1403.55,642.31,1585.86,147.0
29,17,1406.37,642.3,1584.21,146.0
29,18,1405.48,642.08,1582.08,145.0
29,19,1405.25,642.27,1585.7,144.0
29,20,1395.22,642.98,1591.52,143.0
29,21,1403.4,642.35,1585.9,142.0
29,22,1408.38,642.36,1581.65,141.0
29,23,1412.34,642.08,1587.41,140.0
29,24,1397.33,642.36,1588.52,139.0
29,25,1410.1,642.7,1582.0,138.0
29,26,1403.11,642.85,1583.93,137.0
29,27,1407.01,642.14,1581.13,136.0
29,28,1398.75,642.51,1584.15,135.0
29,29,1405.28,642.71,1585.42,134.0
29,30,1406.81,642.24,1587.79,133.0
29,31,1399.43,642.45,1594.38,132.0
29,32,1408.76,642.92,1590.24,131.0
29,33,1405.33,642.29,1587.38,130.0
29,34,1399.59,642.04,1584.55,129.0
29,35,1400.47,642.21,1584.01,128.0
29,36,1410.4,642.21,1593.72,127.0
29,37,1403.15,642.64,1586.85,126.0
29,38,1407.88,642.33,1593.62,125.0
29,39,1405.89,642.17,1589.75,124.0
29,40,1404.5,641.87,1592.14,123.0
29,41,1400.6,642.75,1588.17,122.0
29,42,1413.29,642.54,1594.11,121.0
29,43,1402.77,642.84,1579.13,120.0
29,44,1404.87,642.41,1590.75,119.0
29,45,1405.61,642.65,1589.98,118.0
29,46,1405.9,642.54,1592.27,117.0
29,47,1403.83,642.31,1592.54,116.0
29,48,1407.53,642.8,1590.68,115.0
29,49,1400.71,642.42,1589.29,114.0
29,50,1408.29,642.5,1593.66,113.0
29,51,1404.18,642.32,1587.23,112.0
29,52,1405.53,642.25,1585.94,111.0
29,53,1411.38,642.69,1593.0,110.0
29,54,1406.28,642.55,1588.93,109.0
29,55,1404.2,642.29,1589.22,108.0
29,56,1413.81,642.46,1587.34,107.0
29,57,1405.7,642.43,1590.67,106.0
29,58,1405.88,642.56,1586.28,105.0
29,59,1404.57,642.73,1588.07,104.0
29,60,1408.44,642.91,1596.48,103.0
29,61,1404.93,642.76,1587.13,102.0
29,62,1411.53,642.98,1591.11,101.0
29,63,1410.47,642.42,1595.21,100.0
29,64,1401.07,642.72,1588.87,99.0
29,65,1408.97,642.75,1589.52,98.0
29,66,1407.49,642.08,1587.83,97.0
29,67,1409.4,642.69,1591.11,96.0
29,68,1411.4,642.51,1589.72,95.0
29,69,1408.37,642.66,1588.63,94.0
29,70,1410.46,642.13,1590.42,93.0
29,71,1410.74,642.57,1592.09,92.0
29,72,1409.28,642.21,1598.89,91.0
29,73,1405.06,642.81,1584.99,90.0
29,74,1410.7,642.51,1582.53,89.0
29,75,1404.89,642.85,1586.65,88.0
29,76,1410.47,642.22,1589.11,87.0
29,77,1416.36,642.64,1584.1,86.0
29,78,1409.51,642.49,1592.98,85.0
29,79,1410.23,642.5,1591.54,84.0
29,80,1406.91,642.06,1585.09,83.0
29,81,1412.4,642.41,1585.61,82.0
29,82,1414.97,643.11,1596.59,81.0
29,83,1411.11,642.96,1588.97,80.0
29,84,1405.25,643.15,1590.61,79.0
29,85,1407.34,642.76,1583.97,78.0
29,86,1404.47,642.59,1592.08,77.0
29,87,1412.09,642.83,1588.33,76.0
29,88,1414.74,642.52,1594.56,75.0
29,89,1409.7,642.26,1585.46,74.0
29,90,1411.1,642.25,1589.78,73.0
29,91,1411.07,642.19,1590.99,72.0
29,92,1416.41,642.5,1591.97,71.0
29,93,1411.22,643.14,1595.01,70.0
29,94,1414.23,642.58,1592.45,69.0
29,95,1409.73,641.89,1591.75,68.0
29,96,1413.75,642.65,1592.12,67.0
29,97,1410.83,642.54,1593.44,66.0
29,98,1410.02,642.8,1598.0,65.0
29,99,1411.72,642.46,1590.4,64.0
29,100,1410.84,642.77,1587.67,63.0
29,101,1409.89,642.85,1597.05,62.0
29,102,1410.8,642.83,1603.18,61.0
29,103,1411.8,642.32,1593.7,60.0
29,104,1409.54,642.96,1587.18,59.0
29,105,1407.43,643.01,1594.01,58.0
29,106,1410.4,643.29,1589.44,57.0
29,107,1412.02,642.47,1594.61,56.0
29,108,1411.74,643.03,1589.46,55.0
29,109,1407.86,642.74,1592.08,54.0
29,110,1411.12,642.29,1591.64,53.0
29,111,1415.41,643.04,1591.07,52.0
29,112,1416.98,642.58,1593.26,51.0
29,113,1411.18,643.39,1598.56,50.0
29,114,1415.36,643.28,1587.42,49.0
29,115,1419.12,643.18,1595.31,48.0
29,116,1412.73,642.77,1597.18,47.0
29,117,1420.57,642.42,1589.55,46.0
29,118,1415.58,643.19,1591.57,45.0
29,119,1410.24,643.27,1593.88,44.0
29,120,1414.59,643.29,1589.25,43.0
29,121,1411.99,642.75,1598.28,42.0
29,122,1414.2,642.58,1587.41,41.0
29,123,1413.27,642.68,1600.99,40.0
29,124,1407.55,643.01,1590.26,39.0
29,125,1415.69,643.31,1594.45,38.0
29,126,1411.03,643.29,1595.55,37.0
29,127,1417.54,643.03,1585.74,36.0
29,128,1416.66,643.21,1591.02,35.0
29,129,1412.42,643.41,1593.99,34.0
29,130,1414.17,643.07,1591.85,33.0
29,131,1417.77,643.1,1599.41,32.0
29,132,1413.39,643.55,1596.41,31.0
29,133,1413.6,643.78,1591.12,30.0
29,134,1416.93,643.14,1594.34,29.0
29,135,1417.24,643.61,1593.7,28.0
29,136,1415.61,643.09,1593.44,27.0
29,137,1415.59,642.9,1598.8,26.0
29,138,1423.97,643.35,1595.62,25.0
29,139,1422.19,643.06,1594.37,24.0
29,140,1410.25,642.77,1593.08,23.0
29,141,1412.83,643.15,1597.9,22.0
29,142,1421.65,643.64,1597.65,21.0
29,143,1425.19,643.12,1595.92,20.0
29,144,1423.05,643.21,1597.41,19.0
29,145,1428.24,643.06,1595.74,18.0
29,146,1423.05,643.02,1596.75,17.0
29,147,1425.52,643.19,1603.73,16.0
29,148,1415.21,643.39,1602.68,15.0
29,149,1412.74,643.24,1592.79,14.0
29,150,1427.73,643.04,1603.57,13.0
29,151,1422.78,643.53,1596.63,12.0
29,152,1426.79,643.44,1594.06,11.0
29,153,1427.74,643.39,1601.06,10.0
29,154,1426.81,643.41,1606.05,9.0
29,155,1422.72,643.86,1599.92,8.0
29,156,1423.41,643.58,1595.46,7.0
29,157,1430.84,643.02,1594.91,6.0
29,158,1429.63,643.36,1595.08,5.0
29,159,1434.55,643.91,1597.89,4.0
29,160,1432.16,643.89,1593.49,3.0
29,161,1431.39,643.29,1601.97,2.0
29,162,1430.41,644.1,1606.95,1.0
29,163,1436.41,643.98,1598.93,0.0
30,1,1392.46,642.18,1587.39,193.0
30,2,1406.94,641.81,1588.45,192.0
30,3,1396.01,641.73,1584.32,191.0
30,4,1402.14,641.45,1580.54,190.0
30,5,1398.18,642.15,1578.08,189.0
30,6,1392.93,642.23,1582.68,188.0
30,7,1399.8,642.11,1581.87,187.0
30,8,1396.91,641.83,1579.69,186.0
30,9,1388.7,642.04,1590.93,185.0
30,10,1401.38,641.92,1583.96,184.0
30,11,1392.01,642.64,1578.62,183.0
30,12,1396.9,642.29,1593.34,182.0
30,13,1402.07,641.46,1584.87,181.0
30,14,1401.14,641.72,1583.39,180.0
30,15,1400.21,642.49,1579.51,179.0
30,16,1394.29,642.28,1590.12,178.0
30,17,1401.91,642.26,1586.5,177.0
30,18,1398.25,642.09,1576.63,176.0
30,19,1393.93,641.6,1588.2,175.0
30,20,1395.66,641.87,1585.62,174.0
30,21,1393.02,641.86,1577.56,173.0
30,22,1391.13,641.63,1579.66,172.0
30,23,1399.5,641.56,1583.55,171.0
30,24,1389.91,641.84,1583.23,170.0
30,25,1399.6,641.97,1590.33,169.0
30,26,1394.28,642.51,1580.48,168.0
30,27,1398.41,641.54,1583.17,167.0
30,28,1394.82,641.92,1580.23,166.0
30,29,1397.24,642.57,1579.13,165.0
30,30,1396.49,641.85,1581.0,164.0
30,31,1402.5,641.93,1579.16,163.0
30,32,1401.48,642.16,1579.16,162.0
30,33,1401.28,642.33,1581.25,161.0
30,34,1402.45,642.06,1583.92,160.0
30,35,1399.12,642.34,1585.19,159.0
30,36,1406.83,642.18,1588.19,158.0
30,37,1392.92,642.22,1583.19,157.0
30,38,1397.03,642.08,1592.07,156.0
30,39,1400.68,641.79,1573.85,155.0
30,40,1396.56,642.49,1576.62,154.0
30,41,1397.44,642.33,1582.23,153.0
30,42,1395.07,642.01,1584.09,152.0
30,43,1389.53,642.54,1585.86,151.0
30,44,1392.7,642.25,1582.48,150.0
30,45,1395.17,642.63,1582.57,149.0
30,46,1398.65,641.6,1579.91,148.0
30,47,1394.82,641.65,1584.22,147.0
30,48,1394.7,642.12,1584.85,146.0
30,49,1403.79,641.77,1583.5,145.0
30,50,1386.69,642.69,1591.98,144.0
30,51,1395.76,641.66,1581.86,143.0
30,52,1395.75,642.1,1582.77,142.0
30,53,1397.13,642.66,1586.75,141.0
30,54,1407.99,642.14,1585.66,140.0
30,55,1392.36,642.42,1577.95,139.0
30,56,1400.13,642.07,1590.96,138.0
30,57,1393.73,642.17,1585.65,137.0
30,58,1397.02,642.12,1585.61,136.0
30,59,1400.35,642.3,1585.01,135.0
30,60,1390.33,642.0,1588.2,134.0
30,61,1392.98,642.27,1586.78,133.0
30,62,1400.98,642.22,1587.12,132.0
30,63,1395.34,642.47,1580.44,131.0
30,64,1393.91,641.94,1581.31,130.0
30,65,1395.51,642.39,1584.99,129.0
30,66,1399.14,642.01,1593.44,128.0
30,67,1395.31,641.82,1585.83,127.0
30,68,1394.37,642.37,1583.89,126.0
30,69,1404.47,642.62,1580.37,125.0
30,70,1397.05,642.15,1584.58,124.0
30,71,1398.2,641.58,1580.78,123.0
30,72,1401.78,642.41,1583.87,122.0
30,73,1401.3,642.17,1584.59,121.0
30,74,1408.31,642.31,1581.72,120.0
30,75,1398.62,642.61,1580.23,119.0
30,76,1404.48,642.22,1584.14,118.0
30,77,1398.18,642.45,1585.72,117.0
30,78,1398.05,641.71,1582.59,116.0
30,79,1402.3,641.99,1590.07,115.0
30,80,1397.53,641.95,1579.25,114.0
30,81,1397.48,642.18,1587.63,113.0
30,82,1395.38,642.2,1584.63,112.0
30,83,1394.98,642.11,1582.55,111.0
30,84,1401.34,641.79,1584.57,110.0
30,85,1397.52,642.43,1582.33,109.0
30,86,1398.23,642.44,1585.37,108.0
30,87,1387.36,642.02,1589.85,107.0
30,88,1394.11,642.23,1577.76,106.0
30,89,1399.62,642.03,1577.75,105.0
30,90,1400.35,642.35,1592.11,104.0
30,91,1400.44,642.27,1587.08,103.0
30,92,1408.06,642.41,1585.92,102.0
30,93,1395.09,641.7,1580.59,101.0
30,94,1399.89,642.44,1581.85,100.0
30,95,1390.22,642.08,1577.72,99.0
30,96,1402.12,642.08,1587.5,98.0
30,97,1398.59,642.37,1584.39,97.0
30,98,1402.72,642.65,1591.22,96.0
30,99,1396.54,642.42,1592.99,95.0
30,100,1400.74,642.39,1586.3,94.0
30,101,1404.81,641.81,1583.0,93.0
30,102,1401.86,642.57,1588.31,92.0
30,103,1397.28,642.03,1581.91,91.0
30,104,1402.0,642.43,1583.52,90.0
30,105,1405.92,642.01,1585.26,89.0
30,106,1402.93,642.44,1588.9,88.0
30,107,1402.29,641.9,1591.75,87.0
30,108,1399.83,642.26,1588.58,86.0
30,109,1402.83,642.18,1588.58,85.0
30,110,1401.54,642.28,1586.12,84.0
30,111,1406.2,641.98,1584.82,83.0
30,112,1396.72,642.33,1584.19,82.0
30,113,1394.55,642.87,1585.17,81.0
30,114,1403.23,642.53,1582.19,80.0
30,115,1402.69,641.81,1589.56,79.0
30,116,1405.81,641.77,1585.28,78.0
30,117,1401.32,642.64,1580.11,77.0
30,118,1397.66,642.16,1581.71,76.0
30,119,1399.37,642.35,1585.69,75.0
30,120,1401.4,642.73,1584.64,74.0
30,121,1393.52,642.48,1582.56,73.0
30,122,1406.33,642.99,1588.91,72.0
30,123,1404.95,642.04,1586.54,71.0
30,124,1403.67,642.48,1585.57,70.0
30,125,1409.54,642.53,1585.08,69.0
30,126,1399.84,642.45,1593.46,68.0
30,127,1402.34,642.24,1591.6,67.0
30,128,1406.55,642.27,1594.41,66.0
30,129,1414.22,642.19,1584.39,65.0
30,130,1397.82,642.65,1594.28,64.0
30,131,1406.77,642.69,1584.96,63.0
30,132,1403.19,641.95,1584.66,62.0
30,133,1404.17,642.52,1593.26,61.0
30,134,1407.07,642.2,1591.22,60.0
30,135,1403.44,642.21,1577.89,59.0
30,136,1405.63,642.72,1589.32,58.0
30,137,1405.53,642.76,1592.26,57.0
30,138,1411.94,642.74,1586.59,56.0
30,139,1408.71,642.29,1590.39,55.0
30,140,1401.57,642.09,1590.22,54.0
30,141,1402.83,642.54,1586.22,53.0
30,142,1409.76,642.61,1583.32,52.0
30,143,1410.08,642.51,1590.92,51.0
30,144,1405.23,642.45,1592.41,50.0
30,145,1409.11,642.42,1593.25,49.0
30,146,1405.58,642.44,1592.71,48.0
30,147,1413.02,642.05,1591.29,47.0
30,148,1415.8,643.01,1587.19,46.0
30,149,1407.63,642.37,1591.14,45.0
30,150,1411.98,642.62,1590.33,44.0
30,151,1410.16,642.65,1590.11,43.0
30,152,1409.7,642.54,1590.7,42.0
30,153,1417.0,642.89,1593.52,41.0
30,154,1406.04,642.55,1587.3,40.0
30,155,1404.65,642.92,1593.63,39.0
30,156,1402.97,642.34,1586.8,38.0
30,157,1406.4,642.61,1595.7,37.0
30,158,1416.24,642.9,1594.27,36.0
30,159,1412.94,643.07,1597.02,35.0
30,160,1416.64,642.93,1597.49,34.0
30,161,1415.27,642.45,1598.89,33.0
30,162,1412.51,642.32,1594.88,32.0
30,163,1410.54,642.64,1599.86,31.0
30,164,1418.13,642.93,1592.68,30.0
30,165,1414.8,642.94,1592.27,29.0
30,166,1405.06,643.19,1594.47,28.0
30,167,1418.89,642.6,1590.69,27.0
30,168,1409.51,643.22,1593.18,26.0
30,169,1416.89,642.78,1593.76,25.0
30,170,1413.31,643.23,1591.67,24.0
30,171,1418.05,642.97,1596.9,23.0
30,172,1416.87,643.27,1588.64,22.0
30,173,1420.56,643.05,1588.62,21.0
30,174,1419.27,643.64,1588.97,20.0
30,175,1418.61,642.68,1593.68,19.0
30,176,1420.87,643.13,1594.82,18.0
30,177,1418.86,642.84,1594.17,17.0
30,178,1418.78,642.92,1596.34,16.0
30,179,1419.01,643.75,1594.22,15.0
30,180,1427.11,643.36,1593.48,14.0
30,181,1420.74,643.27,1600.72,13.0
30,182,1420.71,643.72,1600.24,12.0
30,183,1412.64,643.87,1602.57,11.0
30,184,1424.56,643.41,1603.89,10.0
30,185,1431.53,643.0,1598.5,9.0
30,186,1426.02,643.26,1594.24,8.0
30,187,1427.59,643.33,1599.63,7.0
30,188,1431.49,643.42,1596.46,6.0
30,189,1425.35,643.46,1600.32,5.0
30,190,1423.61,643.8,1601.46,4.0
30,191,1423.84,643.72,1603.55,3.0
30,192,1422.34,643.6,1604.26,2.0
30,193,1427.62,644.01,1595.95,1.0
30,194,1441.49,643.34,1604.03,0.0
31,1,1393.03,642.32,1582.38,233.0
31,2,1394.01,642.49,1584.07,232.0
31,3,1394.99,642.49,1585.07,231.0
31,4,1394.07,642.21,1572.4,230.0
31,5,1396.82,641.84,1584.77,229.0
31,6,1398.27,642.48,1582.5,228.0
31,7,1405.87,642.3,1584.57,227.0
31,8,1401.08,642.32,1586.33,226.0
31,9,1402.92,641.84,1585.09,225.0
31,10,1399.16,642.64,1595.07,224.0
31,11,1399.42,642.17,1579.12,223.0
31,12,1394.44,642.18,1579.01,222.0
31,13,1397.1,642.06,1581.71,221.0
31,14,1398.61,641.66,1587.61,220.0
31,15,1391.64,642.49,1583.13,219.0
31,16,1398.7,641.65,1585.84,218.0
31,17,1401.29,642.13,1582.29,217.0
31,18,1392.85,641.76,1589.63,216.0
31,19,1399.25,642.18,1587.07,215.0
31,20,1397.95,642.16,1592.08,214.0
31,21,1405.43,642.43,1590.86,213.0
31,22,1395.91,642.41,1585.3,212.0
31,23,1398.73,642.13,1583.72,211.0
31,24,1400.11,642.02,1583.53,210.0
31,25,1395.24,641.81,1587.24,209.0
31,26,1394.61,642.49,1588.89,208.0
31,27,1395.12,641.97,1586.29,207.0
31,28,1395.34,641.82,1584.33,206.0
31,29,1397.95,642.75,1582.95,205.0
31,30,1402.39,642.43,1584.37,204.0
31,31,1398.84,642.43,1585.58,203.0
31,32,1393.16,642.07,1583.16,202.0
31,33,1401.33,642.6,1589.24,201.0
31,34,1399.33,642.08,1588.91,200.0
31,35,1399.15,642.63,1589.74,199.0
31,36,1397.59,642.26,1575.27,198.0
31,37,1395.54,641.53,1588.56,197.0
31,38,1400.07,642.27,1585.97,196.0
31,39,1395.41,642.16,1582.17,195.0
31,40,1397.76,642.61,1583.26,194.0
31,41,1396.71,641.87,1586.7,193.0
31,42,1399.34,642.09,1581.83,192.0
31,43,1394.51,641.5,1577.74,191.0
31,44,1391.16,642.27,1584.28,190.0
31,45,1404.39,641.91,1588.78,189.0
31,46,1395.96,642.67,1579.99,188.0
31,47,1396.91,642.16,1586.8,187.0
31,48,1398.43,642.16,1582.58,186.0
31,49,1398.33,642.35,1576.11,185.0
31,50,1404.68,642.5,1587.31,184.0
31,51,1403.08,642.49,1587.64,183.0
31,52,1394.1,642.27,1583.5,182.0
31,53,1406.84,642.11,1591.74,181.0
31,54,1397.18,641.7,1581.44,180.0
31,55,1396.34,642.27,1577.19,179.0
31,56,1396.36,642.32,1582.58,178.0
31,57,1396.08,642.04,1580.68,177.0
31,58,1398.19,642.39,1590.24,176.0
31,59,1395.32,642.71,1584.82,175.0
31,60,1397.52,641.79,1580.03,174.0
31,61,1400.26,642.03,1584.42,173.0
31,62,1400.59,642.37,1581.94,172.0
31,63,1404.25,642.51,1583.2,171.0
31,64,1394.57,641.93,1578.34,170.0
31,65,1402.65,642.06,1580.85,169.0
31,66,1401.11,642.3,1587.25,168.0
31,67,1402.06,641.83,1585.17,167.0
31,68,1401.55,642.51,1580.51,166.0
31,69,1402.87,642.15,1589.08,165.0
31,70,1390.86,641.95,1578.36,164.0
31,71,1389.59,642.24,1583.58,163.0
31,72,1394.39,642.09,1586.63,162.0
31,73,1401.52,642.25,1590.14,161.0
31,74,1398.63,642.3,1580.25,160.0
31,75,1403.33,642.07,1582.09,159.0
31,76,1401.17,642.13,1584.29,158.0
31,77,1397.17,642.1,1582.16,157.0
31,78,1397.01,642.55,1584.71,156.0
31,79,1399.87,642.24,1583.94,155.0
31,80,1399.27,642.36,1589.73,154.0
31,81,1397.11,642.16,1586.86,153.0
31,82,1403.04,642.4,1586.49,152.0
31,83,1398.99,642.13,1586.11,151.0
31,84,1396.03,642.27,1583.84,150.0
31,85,1398.88,641.96,1584.79,149.0
31,86,1396.55,641.84,1581.38,148.0
31,87,1397.71,642.06,1582.91,147.0
31,88,1400.34,642.44,1584.18,146.0
31,89,1403.75,642.12,1585.38,145.0
31,90,1404.03,642.58,1580.59,144.0
31,91,1400.75,642.49,1589.4,143.0
31,92,1394.88,642.45,1591.97,142.0
31,93,1397.48,641.77,1584.84,141.0
31,94,1402.49,642.27,1592.33,140.0
31,95,1396.89,642.14,1583.63,139.0
31,96,1400.69,642.71,1576.78,138.0
31,97,1405.52,642.25,1581.34,137.0
31,98,1399.88,642.05,1588.96,136.0
31,99,1398.71,642.3,1584.06,135.0
31,100,1399.09,641.94,1582.21,134.0
31,101,1401.44,642.1,1583.86,133.0
31,102,1402.89,642.16,1584.69,132.0
31,103,1406.99,642.18,1586.57,131.0
31,104,1397.98,642.0,1582.16,130.0
31,105,1398.02,642.24,1588.38,129.0
31,106,1401.05,642.17,1587.18,128.0
31,107,1399.65,642.26,1583.76,127.0
31,108,1401.0,641.96,1581.24,126.0
31,109,1403.88,642.17,1578.66,125.0
31,110,1398.14,641.99,1587.94,124.0
31,111,1407.75,642.82,1585.58,123.0
31,112,1403.76,642.32,1584.73,122.0
31,113,1398.06,641.82,1585.36,121.0
31,114,1398.89,642.47,1573.92,120.0
31,115,1400.61,642.76,1591.29,119.0
31,116,1408.42,641.89,1595.6,118.0
31,117,1401.82,642.24,1584.86,117.0
31,118,1399.92,642.22,1585.92,116.0
31,119,1402.17,642.41,1579.35,115.0
31,120,1402.37,642.42,1587.09,114.0
31,121,1402.34,641.76,1585.79,113.0
31,122,1406.25,642.18,1588.45,112.0
31,123,1404.48,642.68,1585.86,111.0
31,124,1405.53,642.34,1584.66,110.0
31,125,1403.84,641.93,1585.47,109.0
31,126,1403.85,642.35,1586.36,108.0
31,127,1404.85,642.82,1586.92,107.0
31,128,1402.36,642.58,1590.97,106.0
31,129,1404.6,641.98,1588.97,105.0
31,130,1407.02,642.46,1585.58,104.0
31,131,1408.27,643.02,1581.67,103.0
31,132,1398.13,642.51,1586.16,102.0
31,133,1405.45,642.26,1588.12,101.0
31,134,1405.31,642.19,1589.83,100.0
31,135,1401.49,641.56,1590.87,99.0
31,136,1401.02,642.73,1583.42,98.0
31,137,1408.51,642.18,1592.42,97.0
31,138,1404.89,642.62,1587.27,96.0
31,139,1401.78,642.29,1593.1,95.0
31,140,1403.44,642.47,1588.69,94.0
31,141,1398.14,642.58,1591.87,93.0
31,142,1404.11,642.44,1587.55,92.0
31,143,1405.62,642.22,1588.18,91.0
31,144,1400.03,642.08,1584.98,90.0
31,145,1411.23,642.13,1585.38,89.0
31,146,1401.39,642.57,1588.63,88.0
31,147,1405.08,642.35,1589.01,87.0
31,148,1402.39,642.57,1592.49,86.0
31,149,1407.89,642.5,1596.95,85.0
31,150,1402.37,642.57,1587.82,84.0
31,151,1405.01,642.21,1587.25,83.0
31,152,1407.14,642.47,1585.13,82.0
31,153,1404.64,642.72,1591.58,81.0
31,154,1408.25,642.57,1588.47,80.0
31,155,1405.83,642.83,1593.09,79.0
31,156,1405.88,642.78,1588.92,78.0
31,157,1400.72,642.15,1595.21,77.0
31,158,1404.73,642.46,1592.1,76.0
31,159,1403.24,642.33,1591.55,75.0
31,160,1401.32,642.93,1591.64,74.0
31,161,1407.04,642.52,1591.1,73.0
31,162,1410.34,643.02,1594.85,72.0
31,163,1403.17,642.69,1585.73,71.0
31,164,1409.25,642.15,1586.6,70.0
31,165,1406.3,642.26,1581.7,69.0
31,166,1409.64,643.1,1588.23,68.0
31,167,1410.44,641.62,1591.98,67.0
31,168,1404.56,642.15,1587.05,66.0
31,169,1407.48,642.55,1578.77,65.0
31,170,1401.14,642.81,1591.95,64.0
31,171,1406.34,642.34,1589.46,63.0
31,172,1411.49,643.03,1582.03,62.0
31,173,1410.64,642.57,1590.28,61.0
31,174,1400.46,642.54,1587.72,60.0
31,175,1411.52,642.68,1590.79,59.0
31,176,1402.83,643.76,1585.81,58.0
31,177,1408.47,642.44,1585.01,57.0
31,178,1407.84,642.83,1596.38,56.0
31,179,1414.18,642.31,1597.18,55.0
31,180,1410.57,642.44,1592.08,54.0
31,181,1407.05,643.11,1583.92,53.0
31,182,1403.05,642.75,1590.59,52.0
31,183,1407.03,642.78,1593.46,51.0
31,184,1411.46,642.77,1593.08,50.0
31,185,1409.93,642.93,1595.2,49.0
31,186,1413.03,643.24,1588.74,48.0
31,187,1418.82,642.41,1596.81,47.0
31,188,1411.94,643.42,1596.19,46.0
31,189,1411.58,643.1,1595.59,45.0
31,190,1406.14,643.28,1595.87,44.0
31,191,1413.24,643.2,1590.33,43.0
31,192,1409.32,642.93,1591.79,42.0
31,193,1418.24,643.15,1588.7,41.0
31,194,1416.01,642.3,1588.3,40.0
31,195,1413.72,642.86,1597.28,39.0
31,196,1415.21,643.06,1589.6,38.0
31,197,1411.15,642.87,1592.55,37.0
31,198,1417.66,642.48,1590.2,36.0
31,199,1424.13,642.54,1594.44,35.0
31,200,1424.56,642.99,1591.2,34.0
31,201,1418.49,643.39,1590.35,33.0
31,202,1416.46,642.7,1602.78,32.0
31,203,1418.31,643.08,1587.54,31.0
31,204,1411.85,642.67,1597.92,30.0
31,205,1412.85,643.26,1592.93,29.0
31,206,1427.59,643.28,1595.29,28.0
31,207,1411.14,642.6,1591.08,27.0
31,208,1418.33,643.27,1606.79,26.0
31,209,1417.6,643.1,1590.49,25.0
31,210,1414.18,643.14,1600.49,24.0
31,211,1427.97,643.26,1604.58,23.0
31,212,1425.24,643.35,1591.18,22.0
31,213,1416.53,643.19,1596.87,21.0
31,214,1420.56,643.5,1596.65,20.0
31,215,1420.7,642.41,1604.84,19.0
31,216,1415.41,642.93,1598.21,18.0
31,217,1421.66,643.28,1594.03,17.0
31,218,1423.87,643.69,1598.21,16.0
31,219,1423.53,643.37,1594.68,15.0
31,220,1429.25,643.98,1595.32,14.0
31,221,1423.13,643.52,1600.61,13.0
31,222,1420.58,643.22,1600.63,12.0
31,223,1422.75,642.98,1606.34,11.0
31,224,1432.73,643.62,1598.21,10.0
31,225,1423.18,643.35,1595.95,9.0
31,226,1426.01,643.05,1601.52,8.0
31,227,1424.33,643.51,1601.75,7.0
31,228,1426.05,642.77,1594.36,6.0
31,229,1429.78,644.11,1602.35,5.0
31,230,1428.95,643.48,1602.57,4.0
31,231,1428.63,643.75,1606.56,3.0
31,232,1429.18,644.07,1602.77,2.0
31,233,1424.74,643.41,1601.56,1.0
31,234,1425.76,643.5,1599.79,0.0
32,1,1405.9,643.03,1588.85,190.0
32,2,1402.8,642.69,1587.64,189.0
32,3,1403.3,642.56,1590.75,188.0
32,4,1410.18,642.33,1587.59,187.0
32,5,1407.27,642.71,1590.78,186.0
32,6,1402.86,642.55,1592.45,185.0
32,7,1407.25,642.69,1592.23,184.0
32,8,1409.63,642.89,1590.62,183.0
32,9,1410.39,642.9,1586.53,182.0
32,10,1409.03,642.65,1593.89,181.0
32,11,1405.68,643.04,1589.22,180.0
32,12,1402.48,642.71,1589.75,179.0
32,13,1411.06,643.17,1591.85,178.0
32,14,1409.66,642.71,1589.21,177.0
32,15,1415.05,643.19,1586.95,176.0
32,16,1405.61,642.61,1585.11,175.0
32,17,1410.7,642.94,1590.4,174.0
32,18,1410.28,643.08,1587.97,173.0
32,19,1406.56,642.28,1588.93,172.0
32,20,1420.61,642.73,1587.11,171.0
32,21,1415.42,643.35,1597.23,170.0
32,22,1404.95,642.31,1591.53,169.0
32,23,1401.24,642.7,1594.49,168.0
32,24,1406.22,642.5,1590.83,167.0
32,25,1414.77,642.9,1588.45,166.0
32,26,1410.55,642.39,1601.88,165.0
32,27,1411.97,643.35,1594.34,164.0
32,28,1406.5,642.72,1589.22,163.0
32,29,1410.51,642.58,1589.57,162.0
32,30,1406.51,642.81,1579.68,161.0
32,31,1407.18,643.15,1588.28,160.0
32,32,1413.24,642.96,1589.91,159.0
32,33,1407.25,643.33,1587.75,158.0
32,34,1406.59,642.78,1593.39,157.0
32,35,1412.89,642.6,1593.3,156.0
32,36,1402.41,642.54,1575.9,155.0
32,37,1403.09,643.01,1593.56,154.0
32,38,1408.53,642.77,1589.74,153.0
32,39,1402.41,642.89,1588.25,152.0
32,40,1408.56,642.72,1592.19,151.0
32,41,1410.51,642.74,1593.16,150.0
32,42,1415.57,642.43,1591.59,149.0
32,43,1409.94,642.47,1592.81,148.0
32,44,1413.23,642.8,1598.75,147.0
32,45,1411.16,642.74,1585.27,146.0
32,46,1409.85,642.51,1594.3,145.0
32,47,1415.16,642.58,1592.59,144.0
32,48,1403.72,642.53,1589.15,143.0
32,49,1415.19,643.11,1593.59,142.0
32,50,1404.57,642.26,1586.73,141.0
32,51,1409.4,642.8,1586.46,140.0
32,52,1414.78,642.82,1590.38,139.0
32,53,1412.12,643.45,1594.02,138.0
32,54,1403.18,642.64,1589.84,137.0
32,55,1410.09,642.76,1587.72,136.0
32,56,1409.04,642.87,1588.6,135.0
32,57,1412.03,643.04,1589.88,134.0
32,58,1410.4,642.61,1591.13,133.0
32,59,1412.37,643.0,1597.01,132.0
32,60,1414.73,642.6,1589.23,131.0
32,61,1408.85,643.21,1589.99,130.0
32,62,1411.96,642.1,1595.47,129.0
32,63,1411.01,642.6,1593.07,128.0
32,64,1418.64,642.77,1595.23,127.0
32,65,1406.15,643.14,1582.14,126.0
32,66,1418.87,643.21,1587.99,125.0
32,67,1405.46,643.04,1596.69,124.0
32,68,1411.26,642.89,1588.24,123.0
32,69,1413.12,642.72,1592.38,122.0
32,70,1413.65,642.77,1588.93,121.0
32,71,1398.95,642.43,1594.53,120.0
32,72,1410.64,642.66,1594.84,119.0
32,73,1411.32,643.19,1591.24,118.0
32,74,1410.89,642.78,1588.94,117.0
32,75,1413.27,643.06,1590.6,116.0
32,76,1404.54,642.16,1588.98,115.0
32,77,1409.46,642.54,1587.99,114.0
32,78,1410.07,642.45,1589.82,113.0
32,79,1408.33,642.71,1589.85,112.0
32,80,1409.33,642.98,1585.46,111.0
32,81,1414.03,642.71,1591.06,110.0
32,82,1411.68,643.12,1588.05,109.0
32,83,1405.67,643.27,1592.54,108.0
32,84,1413.53,642.67,1587.24,107.0
32,85,1411.63,642.85,1598.13,106.0
32,86,1408.53,643.06,1585.69,105.0
32,87,1410.62,642.61,1595.36,104.0
32,88,1411.92,642.78,1596.3,103.0
32,89,1407.34,642.89,1594.13,102.0
32,90,1414.69,642.09,1586.01,101.0
32,91,1413.26,642.77,1596.24,100.0
32,92,1406.65,643.38,1589.51,99.0
32,93,1414.92,643.39,1594.65,98.0
32,94,1408.45,642.77,1591.56,97.0
32,95,1414.69,643.06,1592.18,96.0
32,96,1411.76,643.07,1588.99,95.0
32,97,1408.98,642.76,1588.96,94.0
32,98,1408.77,643.2,1587.12,93.0
32,99,1404.11,643.41,1590.54,92.0
32,100,1411.12,643.2,1591.71,91.0
32,101,1415.0,642.6,1592.93,90.0
32,102,1409.09,642.59,1588.15,89.0
32,103,1417.72,643.06,1595.24,88.0
32,104,1420.69,642.54,1597.88,87.0
32,105,1418.82,643.2,1591.51,86.0
32,106,1409.14,642.45,1595.15,85.0
32,107,1416.19,642.59,1597.75,84.0
32,108,1415.2,642.61,1581.78,83.0
32,109,1417.17,642.18,1591.58,82.0
32,110,1412.99,642.87,1589.98,81.0
32,111,1417.72,642.41,1585.26,80.0
32,112,1415.1,642.68,1593.49,79.0
32,113,1415.13,643.03,1591.9,78.0
32,114,1413.51,643.17,1587.25,77.0
32,115,1416.45,643.07,1593.26,76.0
32,116,1409.36,643.57,1597.09,75.0
32,117,1415.21,642.52,1593.45,74.0
32,118,1414.8,643.11,1593.08,73.0
32,119,1416.1,643.01,1590.87,72.0
32,120,1413.64,642.9,1591.17,71.0
32,121,1412.62,643.19,1604.11,70.0
32,122,1413.93,642.96,1597.2,69.0
32,123,1412.98,643.13,1591.25,68.0
32,124,1409.69,642.76,1592.06,67.0
32,125,1412.92,642.95,1595.26,66.0
32,126,1410.98,642.95,1594.87,65.0
32,127,1407.04,642.86,1595.9,64.0
32,128,1415.11,642.52,1595.03,63.0
32,129,1413.96,643.15,1594.26,62.0
32,130,1411.91,643.03,1590.84,61.0
32,131,1420.57,642.9,1591.69,60.0
32,132,1415.96,642.97,1590.33,59.0
32,133,1420.18,643.21,1592.67,58.0
32,134,1424.93,643.22,1593.66,57.0
32,135,1414.46,643.55,1593.32,56.0
32,136,1421.56,642.66,1594.92,55.0
32,137,1417.69,642.75,1593.97,54.0
32,138,1413.38,642.51,1596.73,53.0
32,139,1419.87,642.89,1595.07,52.0
32,140,1420.68,642.62,1595.38,51.0
32,141,1424.15,643.24,1587.72,50.0
32,142,1419.27,643.44,1598.61,49.0
32,143,1412.56,643.62,1595.09,48.0
32,144,1412.12,642.82,1597.47,47.0
32,145,1425.74,643.13,1598.2,46.0
32,146,1413.99,643.28,1586.29,45.0
32,147,1412.88,643.13,1597.63,44.0
32,148,1415.64,643.06,1592.59,43.0
32,149,1415.65,643.07,1599.17,42.0
32,150,1414.27,643.12,1591.1,41.0
32,151,1416.67,642.64,1594.11,40.0
32,152,1418.22,643.5,1595.9,39.0
32,153,1414.1,643.43,1595.09,38.0
32,154,1419.79,643.02,1599.29,37.0
32,155,1423.71,642.94,1590.69,36.0
32,156,1417.16,643.06,1600.69,35.0
32,157,1423.07,643.08,1593.49,34.0
32,158,1423.25,642.97,1604.48,33.0
32,159,1424.0,643.25,1603.5,32.0
32,160,1414.76,642.97,1592.5,31.0
32,161,1427.52,643.23,1585.11,30.0
32,162,1416.42,643.17,1598.09,29.0
32,163,1425.06,643.59,1595.62,28.0
32,164,1416.92,643.25,1600.47,27.0
32,165,1420.93,643.37,1601.42,26.0
32,166,1426.65,643.07,1599.14,25.0
32,167,1424.4,643.63,1600.23,24.0
32,168,1420.09,643.79,1598.7,23.0
32,169,1423.19,643.71,1602.69,22.0
32,170,1416.23,643.54,1596.95,21.0
32,171,1422.27,643.29,1595.19,20.0
32,172,1424.99,643.24,1599.06,19.0
32,173,1423.61,643.73,1602.88,18.0
32,174,1418.3,643.38,1599.59,17.0
32,175,1417.94,643.54,1597.73,16.0
32,176,1427.29,643.56,1595.79,15.0
32,177,1428.69,643.4,1597.47,14.0
32,178,1430.73,643.34,1597.84,13.0
32,179,1422.95,643.71,1604.82,12.0
32,180,1423.33,643.11,1604.94,11.0
32,181,1427.33,643.82,1605.61,10.0
32,182,1421.69,643.35,1600.74,9.0
32,183,1427.48,643.33,1599.92,8.0
32,184,1429.07,643.77,1592.4,7.0
32,185,1428.19,643.63,1604.23,6.0
32,186,1427.36,643.04,1600.38,5.0
32,187,1431.95,643.66,1597.73,4.0
32,188,1433.31,643.18,1603.72,3.0
32,189,1429.42,643.49,1602.65,2.0
32,190,1430.3,643.88,1608.09,1.0
32,191,1435.15,643.35,1605.39,0.0
33,1,1396.83,642.24,1584.98,199.0
33,2,1395.22,642.24,1584.36,198.0
33,3,1397.91,642.09,1584.35,197.0
33,4,1400.32,642.01,1579.06,196.0
33,5,1398.53,641.84,1585.45,195.0
33,6,1396.63,641.6,1577.55,194.0
33,7,1401.66,641.96,1581.63,193.0
33,8,1395.91,641.91,1581.19,192.0
33,9,1396.13,642.39,1584.46,191.0
33,10,1394.44,642.14,1579.37,190.0
33,11,1403.9,641.36,1582.87,189.0
33,12,1394.07,642.26,1580.99,188.0
33,13,1394.13,642.3,1581.8,187.0
33,14,1394.42,642.01,1582.26,186.0
33,15,1395.96,642.06,1584.74,185.0
33,16,1393.09,641.71,1574.02,184.0
33,17,1388.35,641.93,1577.88,183.0
33,18,1397.48,642.26,1580.78,182.0
33,19,1402.12,641.7,1587.63,181.0
33,20,1397.76,642.05,1576.02,180.0
33,21,1400.87,642.05,1579.53,179.0
33,22,1393.14,642.31,1584.54,178.0
33,23,1396.29,641.98,1576.94,177.0
33,24,1394.35,641.7,1593.21,176.0
33,25,1398.95,642.34,1588.46,175.0
33,26,1396.42,641.62,1588.24,174.0
33,27,1388.88,641.79,1590.44,173.0
33,28,1394.62,641.47,1582.45,172.0
33,29,1392.43,641.97,1587.11,171.0
33,30,1390.69,641.73,1585.99,170.0
33,31,1402.15,642.2,1579.74,169.0
33,32,1395.04,642.0,1582.29,168.0
33,33,1393.37,641.78,1583.2,167.0
33,34,1389.75,642.26,1575.58,166.0
33,35,1393.44,641.93,1590.11,165.0
33,36,1395.5,642.17,1588.51,164.0
33,37,1403.8,641.87,1588.53,163.0
33,38,1390.76,641.6,1589.54,162.0
33,39,1400.98,642.4,1574.81,161.0
33,40,1393.05,642.4,1576.28,160.0
33,41,1397.32,642.27,1584.62,159.0
33,42,1401.25,641.96,1587.84,158.0
33,43,1392.66,642.16,1581.26,157.0
33,44,1394.83,642.02,1585.53,156.0
33,45,1397.56,642.18,1579.23,155.0
33,46,1400.34,641.92,1590.06,154.0
33,47,1396.42,642.02,1583.19,153.0
33,48,1397.55,642.11,1578.65,152.0
33,49,1401.23,641.87,1581.41,151.0
33,50,1405.07,642.02,1584.53,150.0
33,51,1406.53,642.07,1576.2,149.0
33,52,1394.06,642.27,1587.58,148.0
33,53,1402.88,642.0,1581.9,147.0
33,54,1396.31,642.1,1582.75,146.0
33,55,1392.6,642.09,1588.87,145.0
33,56,1403.26,641.62,1587.93,144.0
33,57,1401.24,642.45,1572.76,143.0
33,58,1399.63,642.23,1583.8,142.0
33,59,1394.98,642.16,1588.27,141.0
33,60,1392.73,642.5,1585.65,140.0
33,61,1401.52,642.1,1582.95,139.0
33,62,1396.74,642.19,1590.18,138.0
33,63,1394.36,642.53,1587.11,137.0
33,64,1393.61,642.09,1588.64,136.0
33,65,1403.85,642.49,1580.96,135.0
33,66,1399.58,642.99,1582.59,134.0
33,67,1397.59,642.64,1581.92,133.0
33,68,1389.39,642.43,1585.74,132.0
33,69,1405.19,642.1,1585.42,131.0
33,70,1397.87,641.69,1592.19,130.0
33,71,1397.43,642.21,1581.15,129.0
33,72,1395.39,642.35,1581.99,128.0
33,73,1403.88,642.16,1587.72,127.0
33,74,1400.88,642.09,1579.89,126.0
33,75,1393.02,642.0,1587.11,125.0
33,76,1394.83,641.91,1588.38,124.0
33,77,1403.68,642.66,1585.98,123.0
33,78,1397.84,642.62,1582.58,122.0
33,79,1408.21,642.18,1588.24,121.0
33,80,1396.6,642.43,1587.82,120.0
33,81,1404.98,641.86,1580.87,119.0
33,82,1396.36,641.9,1584.67,118.0
33,83,1392.43,641.95,1576.85,117.0
33,84,1399.74,642.53,1580.11,116.0
33,85,1401.0,642.94,1586.47,115.0
33,86,1398.29,642.33,1583.74,114.0
33,87,1399.51,641.88,1583.15,113.0
33,88,1394.73,642.75,1585.45,112.0
33,89,1393.07,642.11,1581.37,111.0
33,90,1401.33,641.75,1586.76,110.0
33,91,1407.34,642.59,1589.08,109.0
33,92,1396.03,642.09,1581.91,108.0
33,93,1409.2,642.64,1586.28,107.0
33,94,1405.53,642.29,1587.77,106.0
33,95,1394.99,641.99,1588.55,105.0
33,96,1408.73,642.25,1587.25,104.0
33,97,1404.52,642.25,1584.6,103.0
33,98,1399.48,642.74,1583.84,102.0
33,99,1404.67,642.24,1586.22,101.0
33,100,1398.46,642.22,1590.5,100.0
33,101,1405.51,642.51,1589.2,99.0
33,102,1398.28,642.0,1588.4,98.0
33,103,1394.59,641.42,1588.56,97.0
33,104,1411.72,642.72,1588.89,96.0
33,105,1406.51,642.12,1575.82,95.0
33,106,1401.66,642.75,1577.54,94.0
33,107,1402.85,642.06,1585.8,93.0
33,108,1399.92,642.29,1584.89,92.0
33,109,1393.35,642.19,1593.32,91.0
33,110,1401.54,642.03,1583.96,90.0
33,111,1402.3,642.84,1587.65,89.0
33,112,1406.79,642.25,1585.09,88.0
33,113,1398.17,642.1,1582.54,87.0
33,114,1397.61,641.91,1588.96,86.0
33,115,1400.39,642.44,1584.04,85.0
33,116,1409.9,642.4,1590.13,84.0
33,117,1395.67,642.0,1581.18,83.0
33,118,1398.77,642.45,1590.2,82.0
33,119,1406.67,642.23,1592.56,81.0
33,120,1403.04,641.97,1590.67,80.0
33,121,1405.73,641.9,1575.93,79.0
33,122,1396.89,642.44,1577.54,78.0
33,123,1407.06,642.47,1588.13,77.0
33,124,1393.51,642.34,1586.69,76.0
33,125,1404.38,642.4,1589.06,75.0
33,126,1401.68,641.66,1585.06,74.0
33,127,1405.09,642.84,1591.97,73.0
33,128,1395.3,642.08,1587.6,72.0
33,129,1400.48,642.47,1597.59,71.0
33,130,1400.83,642.08,1593.67,70.0
33,131,1401.32,641.82,1588.69,69.0
33,132,1411.11,642.5,1589.82,68.0
33,133,1409.01,642.9,1587.62,67.0
33,134,1397.33,642.57,1583.3,66.0
33,135,1409.44,642.44,1590.67,65.0
33,136,1409.18,642.35,1586.29,64.0
33,137,1410.89,642.38,1586.55,63.0
33,138,1399.66,643.21,1586.01,62.0
33,139,1405.25,642.6,1595.97,61.0
33,140,1404.71,642.78,1589.01,60.0
33,141,1396.38,642.83,1582.29,59.0
33,142,1407.96,642.3,1579.26,58.0
33,143,1404.11,642.8,1590.27,57.0
33,144,1406.63,642.85,1599.31,56.0
33,145,1405.42,642.75,1592.66,55.0
33,146,1404.11,642.44,1593.4,54.0
33,147,1414.58,643.15,1592.11,53.0
33,148,1412.25,642.54,1593.02,52.0
33,149,1416.69,642.96,1599.58,51.0
33,150,1402.33,642.92,1594.11,50.0
33,151,1407.8,642.33,1594.89,49.0
33,152,1412.92,642.47,1592.65,48.0
33,153,1404.38,642.54,1590.01,47.0
33,154,1407.67,642.64,1587.83,46.0
33,155,1412.88,643.15,1593.4,45.0
33,156,1404.42,642.4,1592.39,44.0
33,157,1405.44,642.27,1592.99,43.0
33,158,1408.69,643.19,1592.95,42.0
33,159,1417.08,643.09,1586.13,41.0
33,160,1413.0,643.04,1588.22,40.0
33,161,1409.57,642.42,1590.15,39.0
33,162,1408.67,643.21,1592.28,38.0
33,163,1403.35,642.69,1591.25,37.0
33,164,1410.76,642.81,1589.48,36.0
33,165,1415.13,642.37,1594.24,35.0
33,166,1408.81,642.76,1595.49,34.0
33,167,1413.93,643.22,1593.3,33.0
33,168,1418.79,642.56,1600.08,32.0
33,169,1411.55,642.77,1595.27,31.0
33,170,1418.98,642.65,1598.14,30.0
33,171,1414.74,642.86,1596.19,29.0
33,172,1418.88,643.43,1593.87,28.0
33,173,1415.07,642.96,1588.19,27.0
33,174,1419.95,642.95,1592.19,26.0
33,175,1415.62,642.63,1597.72,25.0
33,176,1424.1,643.54,1599.7,24.0
33,177,1417.09,642.36,1594.74,23.0
33,178,1424.29,643.37,1593.36,22.0
33,179,1419.15,642.67,1598.58,21.0
33,180,1419.13,642.84,1596.84,20.0
33,181,1424.44,642.87,1597.81,19.0
33,182,1416.24,642.73,1594.45,18.0
33,183,1425.09,643.1,1598.03,17.0
33,184,1415.14,643.06,1595.03,16.0
33,185,1419.46,643.03,1595.02,15.0
33,186,1424.52,643.06,1602.98,14.0
33,187,1421.34,642.96,1596.19,13.0
33,188,1422.77,643.33,1593.44,12.0
33,189,1418.35,643.04,1590.44,11.0
33,190,1423.76,643.45,1598.22,10.0
33,191,1422.06,643.16,1600.37,9.0
33,192,1431.43,643.2,1598.73,8.0
33,193,1424.34,643.08,1596.42,7.0
33,194,1428.52,644.05,1590.05,6.0
33,195,1431.92,643.54,1599.44,5.0
33,196,1425.13,643.65,1605.26,4.0
33,197,1431.02,643.37,1599.96,3.0
33,198,1429.85,643.55,1601.52,2.0
33,199,1425.2,643.97,1601.62,1.0
33,200,1433.49,643.93,1605.51,0.0
34,1,1407.9,642.44,1586.84,194.0
34,2,1404.51,642.16,1585.43,193.0
34,3,1403.07,642.87,1587.98,192.0
34,4,1400.73,642.22,1591.59,191.0
34,5,1404.55,641.69,1590.08,190.0
34,6,1409.35,642.1,1591.54,189.0
34,7,1403.87,642.83,1587.08,188.0
34,8,1401.76,642.41,1579.1,187.0
34,9,1405.36,642.63,1589.51,186.0
34,10,1401.62,642.77,1589.45,185.0
34,11,1408.71,642.81,1594.28,184.0
34,12,1405.5,642.96,1580.19,183.0
34,13,1406.61,641.8,1589.15,182.0
34,14,1407.89,642.14,1589.91,181.0
34,15,1410.94,642.55,1593.95,180.0
34,16,1393.39,642.41,1582.81,179.0
34,17,1411.03,642.34,1582.9,178.0
34,18,1406.15,642.16,1590.36,177.0
34,19,1407.36,642.81,1582.26,176.0
34,20,1411.01,642.8,1593.16,175.0
34,21,1411.06,642.61,1595.56,174.0
34,22,1400.88,642.55,1597.6,173.0
34,23,1399.94,642.62,1581.63,172.0
34,24,1407.67,642.81,1587.33,171.0
34,25,1409.69,642.05,1595.39,170.0
34,26,1399.66,642.77,1589.52,169.0
34,27,1409.37,642.68,1590.23,168.0
34,28,1405.91,642.63,1592.38,167.0
34,29,1405.95,642.19,1587.72,166.0
34,30,1413.57,642.39,1592.08,165.0
34,31,1406.34,642.08,1587.7,164.0
34,32,1412.95,642.58,1588.79,163.0
34,33,1400.52,642.22,1586.02,162.0
34,34,1405.64,642.45,1582.58,161.0
34,35,1404.57,642.25,1593.06,160.0
34,36,1399.0,643.33,1584.04,159.0
34,37,1407.98,642.78,1588.01,158.0
34,38,1404.47,642.81,1592.44,157.0
34,39,1404.37,642.52,1585.67,156.0
34,40,1400.41,642.72,1588.38,155.0
34,41,1400.25,641.78,1588.06,154.0
34,42,1407.12,641.57,1587.67,153.0
34,43,1407.26,642.4,1593.49,152.0
34,44,1402.52,642.74,1579.87,151.0
34,45,1407.75,642.9,1579.53,150.0
34,46,1413.07,642.85,1581.07,149.0
34,47,1406.22,642.39,1590.54,148.0
34,48,1398.02,642.19,1585.97,147.0
34,49,1407.11,642.19,1592.61,146.0
34,50,1409.96,643.1,1586.32,145.0
34,51,1404.25,642.32,1585.91,144.0
34,52,1402.05,642.74,1586.11,143.0
34,53,1403.11,642.6,1593.38,142.0
34,54,1410.01,642.07,1595.68,141.0
34,55,1405.19,642.62,1594.13,140.0
34,56,1407.03,642.31,1589.15,139.0
34,57,1401.73,642.82,1585.1,138.0
34,58,1398.02,642.18,1588.88,137.0
34,59,1399.68,642.4,1590.72,136.0
34,60,1401.72,642.99,1591.46,135.0
34,61,1406.89,642.1,1591.23,134.0
34,62,1407.27,642.56,1588.1,133.0
34,63,1407.1,643.34,1590.64,132.0
34,64,1407.09,642.97,1581.83,131.0
34,65,1402.96,642.4,1586.04,130.0
34,66,1397.86,642.38,1584.29,129.0
34,67,1405.53,642.49,1590.73,128.0
34,68,1405.68,642.88,1586.2,127.0
34,69,1404.64,642.94,1591.77,126.0
34,70,1414.73,641.92,1598.08,125.0
34,71,1399.19,642.49,1586.31,124.0
34,72,1406.23,642.28,1593.62,123.0
34,73,1411.6,642.41,1588.33,122.0
34,74,1402.95,642.78,1589.21,121.0
34,75,1410.05,642.08,1594.52,120.0
34,76,1401.31,642.58,1587.11,119.0
34,77,1405.09,642.75,1594.03,118.0
34,78,1403.74,642.96,1590.94,117.0
34,79,1404.2,642.26,1591.88,116.0
34,80,1404.13,643.04,1598.38,115.0
34,81,1411.27,642.49,1582.83,114.0
34,82,1409.52,642.2,1588.4,113.0
34,83,1411.81,642.78,1597.1,112.0
34,84,1407.45,642.66,1590.94,111.0
34,85,1413.17,642.91,1591.24,110.0
34,86,1404.76,642.93,1593.41,109.0
34,87,1399.25,642.27,1587.08,108.0
34,88,1409.98,642.04,1586.72,107.0
34,89,1410.57,642.87,1587.07,106.0
34,90,1407.77,643.01,1585.65,105.0
34,91,1406.98,642.17,1585.98,104.0
34,92,1407.92,642.33,1585.98,103.0
34,93,1413.55,642.27,1584.96,102.0
34,94,1410.49,642.12,1588.32,101.0
34,95,1405.43,643.0,1589.67,100.0
34,96,1408.72,642.32,1591.4,99.0
34,97,1412.55,642.39,1589.47,98.0
34,98,1408.27,642.56,1591.0,97.0
34,99,1404.24,642.43,1587.86,96.0
34,100,1410.34,643.23,1588.09,95.0
34,101,1415.84,642.4,1590.5,94.0
34,102,1401.75,643.24,1595.19,93.0
34,103,1406.05,642.88,1588.28,92.0
34,104,1411.39,642.63,1587.95,91.0
34,105,1413.81,642.86,1592.18,90.0
34,106,1408.83,643.05,1595.62,89.0
34,107,1411.37,642.75,1594.66,88.0
34,108,1401.82,642.71,1590.01,87.0
34,109,1402.53,642.47,1587.34,86.0
34,110,1403.2,642.92,1595.45,85.0
34,111,1406.57,642.67,1594.25,84.0
34,112,1410.34,642.2,1591.06,83.0
34,113,1414.49,642.5,1586.36,82.0
34,114,1411.57,642.58,1594.94,81.0
34,115,1411.36,642.17,1588.34,80.0
34,116,1404.91,642.77,1589.0,79.0
34,117,1407.67,642.89,1587.05,78.0
34,118,1413.98,642.34,1587.17,77.0
34,119,1406.24,642.8,1589.61,76.0
34,120,1411.91,642.9,1588.23,75.0
34,121,1404.87,642.94,1594.26,74.0
34,122,1405.9,643.33,1590.47,73.0
34,123,1404.13,642.86,1593.34,72.0
34,124,1407.12,642.59,1599.05,71.0
34,125,1415.65,642.6,1586.42,70.0
34,126,1407.99,642.5,1595.22,69.0
34,127,1410.51,642.24,1595.09,68.0
34,128,1414.31,642.85,1597.51,67.0
34,129,1416.4,642.57,1587.44,66.0
34,130,1413.81,643.1,1589.41,65.0
34,131,1410.87,642.88,1591.29,64.0
34,132,1413.76,642.52,1598.77,63.0
34,133,1416.64,642.39,1595.6,62.0
34,134,1415.95,643.16,1593.07,61.0
34,135,1409.06,642.74,1592.84,60.0
34,136,1412.12,642.56,1594.72,59.0
34,137,1406.06,642.59,1590.82,58.0
34,138,1406.22,643.0,1595.74,57.0
34,139,1411.32,642.77,1598.47,56.0
34,140,1409.45,643.63,1585.91,55.0
34,141,1413.42,643.11,1588.95,54.0
34,142,1409.63,642.51,1590.73,53.0
34,143,1410.48,643.29,1593.02,52.0
34,144,1417.97,643.15,1599.2,51.0
34,145,1405.74,642.76,1584.96,50.0
34,146,1406.33,642.94,1593.96,49.0
34,147,1422.99,642.73,1595.25,48.0
34,148,1416.22,642.86,1601.14,47.0
34,149,1408.42,642.7,1593.19,46.0
34,150,1410.75,643.46,1589.54,45.0
34,151,1411.99,642.85,1586.99,44.0
34,152,1414.93,642.86,1592.46,43.0
34,153,1412.27,643.07,1600.12,42.0
34,154,1417.1,642.8,1590.54,41.0
34,155,1414.88,642.99,1591.27,40.0
34,156,1413.29,642.93,1587.54,39.0
34,157,1419.02,643.02,1593.0,38.0
34,158,1417.52,643.44,1584.73,37.0
34,159,1414.27,643.33,1593.69,36.0
34,160,1417.02,642.86,1594.78,35.0
34,161,1410.38,642.86,1590.89,34.0
34,162,1409.5,643.14,1592.95,33.0
34,163,1421.17,643.4,1590.3,32.0
34,164,1419.84,643.17,1610.14,31.0
34,165,1418.39,643.26,1592.59,30.0
34,166,1417.31,642.79,1599.95,29.0
34,167,1415.52,642.92,1595.61,28.0
34,168,1420.72,643.02,1598.32,27.0
34,169,1418.78,643.19,1593.26,26.0
34,170,1421.7,643.22,1599.85,25.0
34,171,1415.32,642.56,1590.82,24.0
34,172,1422.56,643.1,1601.06,23.0
34,173,1419.57,643.58,1602.55,22.0
34,174,1419.74,643.42,1601.32,21.0
34,175,1418.78,642.77,1601.29,20.0
34,176,1415.32,643.41,1599.66,19.0
34,177,1417.64,643.22,1591.4,18.0
34,178,1421.08,643.45,1604.03,17.0
34,179,1419.03,643.48,1597.72,16.0
34,180,1418.7,643.21,1596.12,15.0
34,181,1412.98,643.18,1600.96,14.0
34,182,1418.46,643.36,1599.16,13.0
34,183,1421.05,643.52,1604.74,12.0
34,184,1424.35,643.06,1593.95,11.0
34,185,1427.22,643.25,1601.11,10.0
34,186,1422.41,643.75,1598.98,9.0
34,187,1425.4,643.91,1599.92,8.0
34,188,1425.85,643.63,1597.71,7.0
34,189,1425.76,643.93,1599.6,6.0
34,190,1425.41,643.29,1607.37,5.0
34,191,1431.68,643.83,1601.08,4.0
34,192,1428.02,643.53,1602.3,3.0
34,193,1424.76,643.61,1602.13,2.0
34,194,1426.19,643.44,1601.27,1.0
34,195,1434.09,643.94,1597.74,0.0
35,1,1401.87,642.25,1589.5,180.0
35,2,1406.99,642.49,1589.83,179.0
35,3,1400.83,642.53,1589.32,178.0
35,4,1399.64,642.2,1588.27,177.0
35,5,1400.4,642.23,1583.66,176.0
35,6,1401.92,642.01,1587.18,175.0
35,7,1408.96,642.4,1589.78,174.0
35,8,1416.7,642.84,1587.55,173.0
35,9,1406.31,642.43,1587.82,172.0
35,10,1406.41,642.36,1580.89,171.0
35,11,1404.76,642.15,1588.7,170.0
35,12,1400.14,642.27,1592.84,169.0
35,13,1402.35,642.45,1590.13,168.0
35,14,1400.46,642.86,1585.07,167.0
35,15,1407.15,642.65,1585.83,166.0
35,16,1396.67,642.12,1585.54,165.0
35,17,1399.77,642.31,1587.72,164.0
35,18,1403.72,642.41,1579.41,163.0
35,19,1407.22,642.23,1588.51,162.0
35,20,1409.41,643.07,1592.18,161.0
35,21,1409.2,642.46,1584.32,160.0
35,22,1403.48,642.02,1587.78,159.0
35,23,1407.88,642.74,1586.29,158.0
35,24,1400.9,641.87,1589.7,157.0
35,25,1410.74,642.05,1590.48,156.0
35,26,1399.08,643.02,1586.54,155.0
35,27,1402.64,642.84,1580.38,154.0
35,28,1404.87,643.01,1588.44,153.0
35,29,1405.61,642.35,1586.64,152.0
35,30,1396.77,642.6,1586.51,151.0
35,31,1402.33,642.52,1590.76,150.0
35,32,1400.43,642.69,1596.28,149.0
35,33,1408.38,642.33,1586.07,148.0
35,34,1405.59,642.28,1590.47,147.0
35,35,1402.57,642.58,1586.61,146.0
35,36,1405.98,642.86,1580.39,145.0
35,37,1402.95,642.59,1591.21,144.0
35,38,1396.15,641.93,1592.56,143.0
35,39,1401.27,642.73,1581.18,142.0
35,40,1399.35,641.62,1592.06,141.0
35,41,1406.82,642.63,1582.33,140.0
35,42,1403.91,643.01,1588.39,139.0
35,43,1398.85,642.4,1590.54,138.0
35,44,1397.97,642.67,1588.97,137.0
35,45,1399.74,642.68,1592.77,136.0
35,46,1403.67,642.3,1591.91,135.0
35,47,1406.95,643.04,1597.01,134.0
35,48,1409.17,642.63,1579.64,133.0
35,49,1402.99,642.3,1589.31,132.0
35,50,1399.43,642.45,1582.3,131.0
35,51,1406.39,642.14,1582.8,130.0
35,52,1405.07,642.26,1586.66,129.0
35,53,1403.69,642.53,1583.73,128.0
35,54,1406.94,642.36,1596.41,127.0
35,55,1410.96,642.94,1581.86,126.0
35,56,1406.67,642.05,1586.7,125.0
35,57,1398.25,642.1,1587.87,124.0
35,58,1404.54,642.27,1592.66,123.0
35,59,1401.55,642.61,1586.78,122.0
35,60,1411.19,642.73,1587.71,121.0
35,61,1401.61,642.3,1585.95,120.0
35,62,1410.88,642.42,1586.17,119.0
35,63,1411.81,642.34,1581.5,118.0
35,64,1405.52,642.82,1586.82,117.0
35,65,1397.87,642.19,1584.95,116.0
35,66,1402.14,642.48,1581.56,115.0
35,67,1403.69,642.33,1592.88,114.0
35,68,1409.7,642.24,1582.44,113.0
35,69,1405.71,642.3,1586.31,112.0
35,70,1402.95,642.1,1585.79,111.0
35,71,1405.13,642.67,1585.24,110.0
35,72,1401.82,642.74,1594.35,109.0
35,73,1395.83,642.31,1588.56,108.0
35,74,1407.71,643.04,1580.01,107.0
35,75,1402.76,642.32,1588.85,106.0
35,76,1405.47,642.52,1588.55,105.0
35,77,1405.7,642.18,1582.22,104.0
35,78,1406.56,642.68,1588.81,103.0
35,79,1401.39,641.76,1585.87,102.0
35,80,1408.67,642.5,1587.97,101.0
35,81,1412.58,642.71,1589.41,100.0
35,82,1407.31,642.71,1597.33,99.0
35,83,1405.73,643.11,1588.02,98.0
35,84,1414.92,642.54,1587.47,97.0
35,85,1409.13,642.35,1590.7,96.0
35,86,1404.45,642.45,1585.11,95.0
35,87,1407.81,642.06,1583.98,94.0
35,88,1403.93,642.4,1591.96,93.0
35,89,1406.63,643.03,1581.49,92.0
35,90,1405.56,642.38,1587.22,91.0
35,91,1406.15,642.23,1587.53,90.0
35,92,1410.63,642.6,1590.32,89.0
35,93,1403.33,642.33,1592.67,88.0
35,94,1408.64,643.06,1590.49,87.0
35,95,1403.14,643.29,1587.1,86.0
35,96,1405.67,642.6,1593.3,85.0
35,97,1405.18,642.19,1589.82,84.0
35,98,1410.88,642.36,1582.83,83.0
35,99,1404.62,642.56,1585.05,82.0
35,100,1399.15,642.61,1591.29,81.0
35,101,1406.24,642.11,1591.82,80.0
35,102,1410.7,642.35,1587.83,79.0
35,103,1405.02,642.78,1590.68,78.0
35,104,1412.4,642.15,1594.16,77.0
35,105,1410.79,642.74,1593.23,76.0
35,106,1405.52,643.09,1592.15,75.0
35,107,1405.19,642.89,1587.93,74.0
35,108,1406.36,642.58,1593.26,73.0
35,109,1400.32,642.44,1590.97,72.0
35,110,1409.49,642.59,1595.59,71.0
35,111,1410.95,642.56,1590.82,70.0
35,112,1411.98,642.85,1592.73,69.0
35,113,1412.91,642.85,1593.61,68.0
35,114,1409.88,642.54,1588.82,67.0
35,115,1406.42,642.29,1587.27,66.0
35,116,1407.49,642.9,1589.5,65.0
35,117,1413.76,643.01,1585.09,64.0
35,118,1408.74,642.25,1590.1,63.0
35,119,1404.73,643.45,1590.2,62.0
35,120,1410.27,643.14,1595.06,61.0
35,121,1403.25,642.74,1596.19,60.0
35,122,1405.27,643.07,1587.8,59.0
35,123,1413.36,642.88,1595.21,58.0
35,124,1413.34,642.31,1589.4,57.0
35,125,1414.32,642.54,1594.88,56.0
35,126,1420.15,642.97,1584.93,55.0
35,127,1410.08,642.71,1594.26,54.0
35,128,1407.57,642.56,1590.41,53.0
35,129,1410.38,642.76,1592.99,52.0
35,130,1412.14,642.44,1597.73,51.0
35,131,1416.57,642.65,1597.09,50.0
35,132,1413.38,643.0,1601.5,49.0
35,133,1412.79,643.39,1591.42,48.0
35,134,1410.8,643.48,1592.32,47.0
35,135,1407.12,643.29,1594.0,46.0
35,136,1412.05,642.37,1591.26,45.0
35,137,1418.41,642.81,1597.1,44.0
35,138,1415.72,642.58,1594.07,43.0
35,139,1412.65,643.27,1592.59,42.0
35,140,1415.07,642.98,1598.25,41.0
35,141,1415.53,642.95,1588.84,40.0
35,142,1410.43,643.09,1594.87,39.0
35,143,1414.48,644.0,1596.14,38.0
35,144,1415.16,642.6,1593.5,37.0
35,145,1409.61,643.26,1590.72,36.0
35,146,1415.32,643.05,1593.15,35.0
35,147,1412.96,642.76,1602.29,34.0
35,148,1409.13,643.17,1594.43,33.0
35,149,1408.65,643.22,1594.99,32.0
35,150,1417.18,642.58,1595.09,31.0
35,151,1416.72,643.3,1596.39,30.0
35,152,1423.12,643.41,1602.53,29.0
35,153,1414.92,643.32,1594.46,28.0
35,154,1416.36,642.87,1593.98,27.0
35,155,1418.48,643.5,1600.73,26.0
35,156,1415.16,642.97,1600.93,25.0
35,157,1424.69,642.72,1601.01,24.0
35,158,1422.22,643.69,1598.17,23.0
35,159,1417.34,643.17,1600.23,22.0
35,160,1419.51,643.05,1599.85,21.0
35,161,1414.32,643.29,1603.18,20.0
35,162,1424.92,643.54,1596.11,19.0
35,163,1423.75,643.33,1598.03,18.0
35,164,1426.2,643.24,1605.47,17.0
35,165,1423.98,642.96,1594.43,16.0
35,166,1423.17,643.31,1603.92,15.0
35,167,1422.57,643.58,1602.02,14.0
35,168,1420.47,642.95,1593.66,13.0
35,169,1421.9,643.31,1596.45,12.0
35,170,1424.39,643.59,1603.11,11.0
35,171,1416.14,643.68,1599.6,10.0
35,172,1423.94,644.09,1599.97,9.0
35,173,1430.44,643.07,1600.37,8.0
35,174,1424.91,643.27,1600.35,7.0
35,175,1423.07,643.46,1599.93,6.0
35,176,1429.28,643.81,1606.37,5.0
35,177,1431.02,643.59,1600.98,4.0
35,178,1425.42,643.76,1599.85,3.0
35,179,1426.09,643.8,1596.52,2.0
35,180,1426.95,643.17,1599.05,1.0
35,181,1431.5,643.91,1600.31,0.0
36,1,1407.56,642.95,1592.01,157.0
36,2,1402.96,642.79,1584.77,156.0
36,3,1404.26,642.7,1588.63,155.0
36,4,1408.5,642.62,1583.71,154.0
36,5,1401.24,642.77,1591.86,153.0
36,6,1406.49,642.94,1588.6,152.0
36,7,1408.13,642.45,1589.24,151.0
36,8,1411.64,642.73,1585.88,150.0
36,9,1410.02,643.01,1591.56,149.0
36,10,1405.97,642.33,1590.41,148.0
36,11,1408.51,642.32,1589.73,147.0
36,12,1406.33,642.35,1594.56,146.0
36,13,1406.87,642.66,1590.46,145.0
36,14,1405.96,642.06,1593.08,144.0
36,15,1401.15,642.12,1588.2,143.0
36,16,1409.12,642.68,1592.63,142.0
36,17,1402.29,642.54,1589.76,141.0
36,18,1411.5,642.14,1588.67,140.0
36,19,1404.81,642.66,1589.08,139.0
36,20,1402.7,642.38,1584.08,138.0
36,21,1405.54,642.49,1585.8,137.0
36,22,1406.48,642.53,1592.38,136.0
36,23,1406.67,643.14,1581.07,135.0
36,24,1408.48,642.46,1591.41,134.0
36,25,1411.35,642.34,1587.16,133.0
36,26,1405.76,642.51,1590.05,132.0
36,27,1403.75,643.03,1587.5,131.0
36,28,1405.9,642.35,1590.34,130.0
36,29,1405.59,642.82,1586.49,129.0
36,30,1399.65,642.81,1591.3,128.0
36,31,1405.93,643.17,1596.22,127.0
36,32,1406.21,642.23,1590.0,126.0
36,33,1405.17,642.62,1589.7,125.0
36,34,1400.81,642.88,1587.0,124.0
36,35,1406.26,642.64,1591.13,123.0
36,36,1411.68,642.53,1591.74,122.0
36,37,1407.75,642.48,1592.05,121.0
36,38,1399.8,642.53,1590.3,120.0
36,39,1404.38,642.26,1586.52,119.0
36,40,1409.63,642.96,1594.81,118.0
36,41,1413.74,643.2,1595.67,117.0
36,42,1406.93,642.46,1588.56,116.0
36,43,1406.64,643.0,1588.38,115.0
36,44,1405.54,642.91,1590.25,114.0
36,45,1418.38,643.02,1589.4,113.0
36,46,1408.81,642.34,1590.75,112.0
36,47,1401.25,642.91,1590.8,111.0
36,48,1407.22,642.48,1594.08,110.0
36,49,1405.5,642.15,1589.41,109.0
36,50,1412.77,642.45,1593.98,108.0
36,51,1407.96,642.48,1581.84,107.0
36,52,1411.4,642.66,1589.59,106.0
36,53,1408.94,642.2,1587.0,105.0
36,54,1400.2,642.77,1585.93,104.0
36,55,1407.39,642.89,1589.28,103.0
36,56,1408.95,642.87,1587.26,102.0
36,57,1407.17,642.2,1585.3,101.0
36,58,1416.19,642.63,1589.94,100.0
36,59,1407.59,642.66,1594.68,99.0
36,60,1405.5,642.55,1586.73,98.0
36,61,1409.85,642.75,1594.44,97.0
36,62,1413.51,642.78,1591.47,96.0
36,63,1402.33,643.14,1590.58,95.0
36,64,1407.3,642.41,1592.92,94.0
36,65,1402.45,642.16,1587.32,93.0
36,66,1411.15,643.12,1586.41,92.0
36,67,1413.08,642.85,1598.78,91.0
36,68,1406.2,642.84,1591.35,90.0
36,69,1409.31,642.86,1596.55,89.0
36,70,1422.02,642.8,1593.09,88.0
36,71,1401.8,642.35,1590.79,87.0
36,72,1404.34,642.41,1597.55,86.0
36,73,1402.4,643.17,1589.62,85.0
36,74,1406.27,642.4,1587.46,84.0
36,75,1401.12,642.65,1596.43,83.0
36,76,1411.65,642.23,1588.46,82.0
36,77,1414.77,642.87,1587.56,81.0
36,78,1414.56,643.02,1592.07,80.0
36,79,1410.05,642.5,1586.28,79.0
36,80,1413.0,642.85,1592.38,78.0
36,81,1410.48,642.86,1583.48,77.0
36,82,1415.33,642.32,1592.11,76.0
36,83,1417.57,643.46,1589.91,75.0
36,84,1407.39,642.38,1589.01,74.0
36,85,1417.04,642.99,1592.08,73.0
36,86,1412.35,642.3,1595.45,72.0
36,87,1413.52,643.1,1596.51,71.0
36,88,1416.07,643.06,1591.54,70.0
36,89,1411.85,643.48,1590.49,69.0
36,90,1413.8,642.67,1590.04,68.0
36,91,1409.99,642.65,1584.48,67.0
36,92,1414.97,643.01,1587.86,66.0
36,93,1406.9,642.5,1586.8,65.0
36,94,1418.44,642.33,1599.11,64.0
36,95,1414.71,643.11,1594.29,63.0
36,96,1415.09,642.44,1593.83,62.0
36,97,1413.72,643.21,1591.07,61.0
36,98,1416.01,642.35,1597.29,60.0
36,99,1414.94,642.87,1586.28,59.0
36,100,1413.31,643.05,1586.24,58.0
36,101,1412.57,642.84,1593.29,57.0
36,102,1417.98,642.95,1595.14,56.0
36,103,1410.5,642.78,1588.82,55.0
36,104,1414.24,642.97,1597.35,54.0
36,105,1407.07,642.46,1594.44,53.0
36,106,1418.75,643.45,1593.43,52.0
36,107,1413.35,642.22,1589.73,51.0
36,108,1417.61,642.98,1586.8,50.0
36,109,1411.76,643.19,1596.4,49.0
36,110,1415.28,642.75,1588.48,48.0
36,111,1412.02,643.0,1598.22,47.0
36,112,1409.99,643.34,1597.71,46.0
36,113,1414.55,643.57,1588.86,45.0
36,114,1412.17,642.97,1594.14,44.0
36,115,1413.11,642.81,1597.1,43.0
36,116,1417.19,643.19,1589.11,42.0
36,117,1419.24,642.83,1594.3,41.0
36,118,1410.89,643.0,1592.91,40.0
36,119,1415.11,642.98,1592.93,39.0
36,120,1414.21,643.13,1587.68,38.0
36,121,1418.39,643.94,1587.42,37.0
36,122,1421.21,643.04,1593.8,36.0
36,123,1421.09,642.74,1604.75,35.0
36,124,1412.12,642.76,1595.89,34.0
36,125,1420.91,643.07,1602.03,33.0
36,126,1416.7,643.05,1595.42,32.0
36,127,1419.59,642.88,1592.84,31.0
36,128,1422.23,642.95,1589.15,30.0
36,129,1412.58,643.16,1591.2,29.0
36,130,1414.89,643.31,1596.54,28.0
36,131,1418.97,642.63,1601.03,27.0
36,132,1418.22,642.95,1598.82,26.0
36,133,1424.15,643.31,1591.5,25.0
36,134,1425.36,643.49,1604.32,24.0
36,135,1426.22,643.85,1596.06,23.0
36,136,1422.05,643.22,1598.44,22.0
36,137,1421.59,643.72,1592.11,21.0
36,138,1422.34,643.73,1597.96,20.0
36,139,1416.46,643.44,1589.79,19.0
36,140,1428.7,644.01,1594.5,18.0
36,141,1420.72,643.24,1599.93,17.0
36,142,1418.29,643.29,1596.3,16.0
36,143,1421.14,643.54,1595.15,15.0
36,144,1425.25,643.38,1595.16,14.0
36,145,1428.83,643.77,1597.25,13.0
36,146,1419.61,643.75,1594.2,12.0
36,147,1425.03,643.64,1597.08,11.0
36,148,1425.35,643.25,1600.93,10.0
36,149,1431.97,643.45,1592.85,9.0
36,150,1428.45,643.53,1595.55,8.0
36,151,1427.92,643.81,1597.38,7.0
36,152,1431.26,643.59,1595.1,6.0
36,153,1424.73,643.63,1598.71,5.0
36,154,1420.45,643.83,1597.45,4.0
36,155,1430.87,643.98,1598.5,3.0
36,156,1432.17,643.87,1598.34,2.0
36,157,1428.71,643.68,1593.61,1.0
36,158,1432.33,643.31,1606.6,0.0
37,1,1404.33,642.5,1586.54,169.0
37,2,1405.62,642.92,1588.48,168.0
37,3,1407.49,642.98,1587.26,167.0
37,4,1405.6,641.91,1588.28,166.0
37,5,1405.39,642.73,1589.12,165.0
37,6,1404.35,641.81,1588.21,164.0
37,7,1401.08,642.35,1592.92,163.0
37,8,1414.15,642.75,1590.43,162.0
37,9,1402.66,642.31,1586.53,161.0
37,10,1403.06,643.42,1583.09,160.0
37,11,1402.61,642.61,1581.38,159.0
37,12,1408.37,643.03,1595.92,158.0
37,13,1412.52,642.46,1591.6,157.0
37,14,1401.8,643.24,1591.89,156.0
37,15,1404.49,642.34,1594.41,155.0
37,16,1408.82,642.33,1587.32,154.0
37,17,1413.91,642.32,1587.45,153.0
37,18,1408.33,642.52,1595.98,152.0
37,19,1403.72,642.64,1584.77,151.0
37,20,1407.08,642.32,1592.11,150.0
37,21,1401.8,643.06,1588.47,149.0
37,22,1410.47,642.52,1591.28,148.0
37,23,1409.31,642.29,1589.51,147.0
37,24,1409.21,642.4,1591.92,146.0
37,25,1399.81,642.71,1586.02,145.0
37,26,1414.05,642.42,1594.25,144.0
37,27,1404.08,643.07,1588.2,143.0
37,28,1401.31,642.21,1581.71,142.0
37,29,1409.33,642.39,1590.63,141.0
37,30,1412.19,642.22,1584.79,140.0
37,31,1404.79,642.39,1587.81,139.0
37,32,1409.24,642.64,1582.31,138.0
37,33,1402.02,642.67,1590.11,137.0
37,34,1406.21,642.58,1585.84,136.0
37,35,1405.47,642.14,1585.78,135.0
37,36,1401.22,642.56,1583.7,134.0
37,37,1407.31,642.94,1587.96,133.0
37,38,1413.0,642.68,1592.84,132.0
37,39,1400.73,642.39,1589.76,131.0
37,40,1399.48,642.79,1585.6,130.0
37,41,1402.73,642.45,1584.82,129.0
37,42,1403.36,642.73,1584.07,128.0
37,43,1407.56,642.59,1580.0,127.0
37,44,1411.21,642.19,1593.57,126.0
37,45,1406.68,642.55,1585.72,125.0
37,46,1405.59,642.77,1586.48,124.0
37,47,1403.14,642.5,1588.93,123.0
37,48,1401.04,642.33,1586.64,122.0
37,49,1406.91,642.35,1586.63,121.0
37,50,1400.96,642.14,1587.79,120.0
37,51,1404.84,642.05,1591.66,119.0
37,52,1398.83,642.54,1587.28,118.0
37,53,1402.36,642.5,1585.21,117.0
37,54,1406.71,642.84,1595.39,116.0
37,55,1404.91,642.24,1595.6,115.0
37,56,1410.27,642.49,1590.94,114.0
37,57,1399.77,642.86,1600.31,113.0
37,58,1410.48,643.28,1582.94,112.0
37,59,1408.57,642.55,1595.46,111.0
37,60,1414.78,642.34,1585.25,110.0
37,61,1400.18,642.45,1591.16,109.0
37,62,1402.58,642.61,1581.5,108.0
37,63,1403.74,642.24,1591.84,107.0
37,64,1409.64,642.81,1594.2,106.0
37,65,1408.69,642.52,1589.93,105.0
37,66,1400.52,642.7,1590.27,104.0
37,67,1413.88,642.41,1593.17,103.0
37,68,1414.36,642.48,1586.68,102.0
37,69,1409.55,643.04,1584.36,101.0
37,70,1410.36,642.64,1591.47,100.0
37,71,1408.8,643.18,1596.56,99.0
37,72,1412.05,642.81,1588.86,98.0
37,73,1407.48,642.85,1590.2,97.0
37,74,1409.37,642.22,1584.28,96.0
37,75,1411.24,642.68,1593.18,95.0
37,76,1406.27,642.79,1591.41,94.0
37,77,1408.53,642.43,1594.22,93.0
37,78,1411.61,642.76,1587.6,92.0
37,79,1413.18,642.84,1582.68,91.0
37,80,1406.21,642.75,1593.82,90.0
37,81,1405.92,642.67,1589.55,89.0
37,82,1407.54,642.65,1585.97,88.0
37,83,1408.22,642.59,1587.24,87.0
37,84,1411.69,642.56,1588.8,86.0
37,85,1404.18,642.4,1589.23,85.0
37,86,1407.47,642.6,1591.05,84.0
37,87,1406.92,642.38,1590.4,83.0
37,88,1404.05,642.83,1587.11,82.0
37,89,1410.57,643.14,1596.21,81.0
37,90,1402.97,643.33,1587.6,80.0
37,91,1411.44,642.76,1588.03,79.0
37,92,1411.27,642.21,1595.12,78.0
37,93,1415.84,642.44,1589.43,77.0
37,94,1411.07,642.66,1588.44,76.0
37,95,1408.24,642.91,1587.31,75.0
37,96,1403.71,642.64,1597.41,74.0
37,97,1408.1,643.25,1595.02,73.0
37,98,1406.89,642.51,1585.84,72.0
37,99,1415.18,642.83,1595.02,71.0
37,100,1406.54,642.25,1591.71,70.0
37,101,1409.2,642.8,1582.79,69.0
37,102,1412.22,642.82,1591.73,68.0
37,103,1416.65,642.96,1589.82,67.0
37,104,1406.87,642.85,1594.16,66.0
37,105,1410.75,642.78,1587.19,65.0
37,106,1412.05,642.49,1594.29,64.0
37,107,1402.35,642.81,1586.56,63.0
37,108,1409.01,642.38,1580.0,62.0
37,109,1413.71,642.75,1593.44,61.0
37,110,1404.23,642.32,1591.99,60.0
37,111,1407.31,642.28,1592.08,59.0
37,112,1409.36,642.91,1592.04,58.0
37,113,1410.96,642.95,1591.5,57.0
37,114,1406.73,643.23,1588.02,56.0
37,115,1409.43,643.18,1587.01,55.0
37,116,1409.19,642.6,1590.07,54.0
37,117,1407.45,643.05,1592.83,53.0
37,118,1422.06,643.18,1592.46,52.0
37,119,1410.48,643.16,1588.24,51.0
37,120,1413.22,642.95,1594.96,50.0
37,121,1422.59,643.19,1586.61,49.0
37,122,1411.7,643.05,1582.08,48.0
37,123,1415.42,642.61,1593.83,47.0
37,124,1414.56,643.11,1587.36,46.0
37,125,1418.46,643.31,1590.95,45.0
37,126,1410.82,643.34,1594.74,44.0
37,127,1414.05,642.61,1593.17,43.0
37,128,1416.59,642.99,1595.74,42.0
37,129,1416.01,642.36,1592.32,41.0
37,130,1415.35,643.31,1586.27,40.0
37,131,1414.7,642.7,1586.31,39.0
37,132,1417.36,643.47,1593.79,38.0
37,133,1415.17,643.21,1595.7,37.0
37,134,1415.32,642.93,1595.39,36.0
37,135,1417.45,642.92,1599.63,35.0
37,136,1414.51,643.04,1593.55,34.0
37,137,1420.06,643.18,1592.38,33.0
37,138,1410.92,643.44,1591.35,32.0
37,139,1417.32,643.67,1602.55,31.0
37,140,1412.81,643.12,1600.13,30.0
37,141,1417.61,643.68,1597.93,29.0
37,142,1417.74,642.97,1590.14,28.0
37,143,1415.23,643.26,1592.18,27.0
37,144,1420.38,643.22,1597.41,26.0
37,145,1420.81,643.21,1599.99,25.0
37,146,1427.11,643.3,1597.96,24.0
37,147,1417.51,643.01,1594.42,23.0
37,148,1419.79,642.96,1596.76,22.0
37,149,1424.04,643.24,1596.37,21.0
37,150,1422.3,643.29,1599.33,20.0
37,151,1416.13,643.2,1594.26,19.0
37,152,1427.34,643.02,1601.18,18.0
37,153,1424.47,643.44,1597.64,17.0
37,154,1417.42,643.21,1595.54,16.0
37,155,1418.74,643.65,1594.14,15.0
37,156,1421.92,643.58,1598.74,14.0
37,157,1419.62,643.43,1595.5,13.0
37,158,1427.85,643.56,1596.53,12.0
37,159,1423.41,643.46,1597.3,11.0
37,160,1424.75,643.77,1592.67,10.0
37,161,1426.97,643.65,1593.88,9.0
37,162,1422.98,643.65,1601.93,8.0
37,163,1419.81,643.65,1602.86,7.0
37,164,1428.52,643.86,1603.81,6.0
37,165,1427.53,643.53,1603.75,5.0
37,166,1429.56,642.96,1596.19,4.0
37,167,1428.05,643.82,1607.34,3.0
37,168,1428.01,643.95,1599.55,2.0
37,169,1428.01,643.61,1598.41,1.0
37,170,1425.87,643.85,1603.36,0.0
38,1,1409.25,642.25,1589.3,193.0
38,2,1402.84,642.42,1586.56,192.0
38,3,1404.94,643.33,1593.66,191.0
38,4,1408.01,642.93,1590.03,190.0
38,5,1412.24,642.69,1587.7,189.0
38,6,1411.93,642.88,1589.93,188.0
38,7,1406.36,642.65,1589.61,187.0
38,8,1412.36,642.23,1585.79,186.0
38,9,1406.74,642.16,1587.54,185.0
38,10,1410.93,643.0,1589.58,184.0
38,11,1410.93,642.12,1589.44,183.0
38,12,1414.47,643.24,1588.18,182.0
38,13,1412.48,642.81,1590.28,181.0
38,14,1403.03,642.41,1587.56,180.0
38,15,1412.99,642.44,1594.9,179.0
38,16,1412.53,642.64,1582.04,178.0
38,17,1400.59,642.34,1587.03,177.0
38,18,1410.65,643.02,1585.7,176.0
38,19,1412.33,642.84,1596.47,175.0
38,20,1406.41,642.13,1593.09,174.0
38,21,1400.38,642.24,1594.31,173.0
38,22,1421.1,642.09,1587.18,172.0
38,23,1408.2,642.26,1584.89,171.0
38,24,1409.61,642.39,1586.82,170.0
38,25,1407.94,642.63,1581.1,169.0
38,26,1403.16,643.14,1595.06,168.0
38,27,1401.65,642.46,1591.91,167.0
38,28,1412.18,642.43,1592.08,166.0
38,29,1407.41,642.64,1586.68,165.0
38,30,1407.62,642.44,1589.07,164.0
38,31,1409.44,642.84,1589.54,163.0
38,32,1395.47,643.16,1587.08,162.0
38,33,1412.4,642.67,1587.12,161.0
38,34,1405.96,642.28,1589.41,160.0
38,35,1408.37,641.88,1583.35,159.0
38,36,1399.64,642.91,1595.17,158.0
38,37,1407.84,642.66,1592.21,157.0
38,38,1405.72,642.96,1588.21,156.0
38,39,1409.37,642.6,1582.37,155.0
38,40,1409.21,642.77,1591.33,154.0
38,41,1410.36,642.56,1590.95,153.0
38,42,1414.37,642.66,1589.06,152.0
38,43,1412.06,642.84,1586.78,151.0
38,44,1398.19,642.72,1582.54,150.0
38,45,1407.52,642.3,1590.58,149.0
38,46,1409.1,642.82,1588.4,148.0
38,47,1407.74,642.64,1589.48,147.0
38,48,1406.74,642.49,1595.8,146.0
38,49,1409.42,642.91,1586.08,145.0
38,50,1413.28,642.08,1592.84,144.0
38,51,1406.63,642.64,1588.2,143.0
38,52,1407.94,643.0,1585.87,142.0
38,53,1404.66,643.04,1590.97,141.0
38,54,1405.83,642.16,1588.87,140.0
38,55,1409.16,643.13,1584.03,139.0
38,56,1406.19,642.48,1592.67,138.0
38,57,1404.46,643.35,1589.08,137.0
38,58,1409.41,642.84,1604.36,136.0
38,59,1401.74,642.8,1588.15,135.0
38,60,1411.57,643.35,1596.09,134.0
38,61,1405.75,642.23,1591.98,133.0
38,62,1405.14,642.8,1588.81,132.0
38,63,1409.6,642.44,1585.8,131.0
38,64,1404.47,642.88,1592.13,130.0
38,65,1405.82,642.89,1600.54,129.0
38,66,1411.24,642.54,1592.63,128.0
38,67,1403.88,642.0,1599.84,127.0
38,68,1404.84,642.72,1591.46,126.0
38,69,1413.15,643.01,1591.1,125.0
38,70,1404.53,642.52,1592.06,124.0
38,71,1398.16,642.9,1585.93,123.0
38,72,1409.37,643.14,1594.27,122.0
38,73,1406.75,642.76,1591.18,121.0
38,74,1408.38,642.45,1585.85,120.0
38,75,1403.69,642.93,1588.53,119.0
38,76,1408.84,642.53,1584.43,118.0
38,77,1407.19,642.65,1589.27,117.0
38,78,1406.31,642.65,1593.05,116.0
38,79,1414.25,643.06,1590.31,115.0
38,80,1406.79,642.22,1589.19,114.0
38,81,1409.91,643.31,1589.78,113.0
38,82,1404.55,642.24,1586.66,112.0
38,83,1410.64,642.21,1584.46,111.0
38,84,1408.25,642.67,1597.0,110.0
38,85,1405.64,642.99,1589.45,109.0
38,86,1407.81,643.23,1584.84,108.0
38,87,1412.47,643.01,1588.51,107.0
38,88,1413.3,643.14,1594.67,106.0
38,89,1406.46,642.43,1589.96,105.0
38,90,1399.51,642.48,1589.25,104.0
38,91,1411.22,642.19,1589.17,103.0
38,92,1405.69,642.52,1592.64,102.0
38,93,1409.64,642.89,1591.07,101.0
38,94,1407.9,642.77,1586.61,100.0
38,95,1411.2,642.9,1594.15,99.0
38,96,1406.95,642.94,1588.48,98.0
38,97,1403.5,642.51,1587.39,97.0
38,98,1405.71,642.77,1591.31,96.0
38,99,1412.09,642.73,1597.89,95.0
38,100,1412.3,642.91,1587.0,94.0
38,101,1408.13,642.86,1596.66,93.0
38,102,1408.52,642.61,1590.32,92.0
38,103,1414.99,642.71,1594.07,91.0
38,104,1412.96,643.17,1583.23,90.0
38,105,1418.3,642.96,1592.03,89.0
38,106,1402.58,642.17,1591.61,88.0
38,107,1418.64,643.22,1588.06,87.0
38,108,1415.08,642.36,1590.23,86.0
38,109,1410.0,642.82,1589.7,85.0
38,110,1412.21,642.21,1592.95,84.0
38,111,1409.05,643.14,1589.98,83.0
38,112,1403.47,642.96,1595.07,82.0
38,113,1399.48,642.56,1591.98,81.0
38,114,1410.77,642.94,1592.81,80.0
38,115,1408.63,643.28,1582.88,79.0
38,116,1408.38,642.74,1584.78,78.0
38,117,1403.03,642.25,1592.93,77.0
38,118,1421.01,642.26,1585.67,76.0
38,119,1410.51,643.27,1585.15,75.0
38,120,1409.18,642.79,1595.13,74.0
38,121,1411.28,643.19,1590.55,73.0
38,122,1407.04,642.37,1587.66,72.0
38,123,1418.21,642.6,1594.37,71.0
38,124,1409.86,642.56,1590.51,70.0
38,125,1408.79,642.82,1589.36,69.0
38,126,1410.26,643.36,1598.07,68.0
38,127,1412.05,642.64,1596.74,67.0
38,128,1412.8,643.06,1585.61,66.0
38,129,1417.85,642.52,1592.15,65.0
38,130,1408.32,642.51,1593.14,64.0
38,131,1414.99,643.24,1592.74,63.0
38,132,1413.44,643.14,1597.58,62.0
38,133,1418.87,642.88,1593.02,61.0
38,134,1410.15,643.08,1587.14,60.0
38,135,1409.71,643.07,1597.93,59.0
38,136,1412.75,642.63,1596.09,58.0
38,137,1405.32,642.63,1595.19,57.0
38,138,1411.02,643.16,1586.84,56.0
38,139,1415.12,642.55,1594.27,55.0
38,140,1412.93,642.62,1587.43,54.0
38,141,1407.34,643.28,1591.59,53.0
38,142,1416.99,643.16,1596.77,52.0
38,143,1421.51,642.5,1600.87,51.0
38,144,1411.79,642.75,1591.26,50.0
38,145,1412.79,643.36,1591.29,49.0
38,146,1414.32,643.38,1600.91,48.0
38,147,1415.64,643.59,1604.7,47.0
38,148,1422.18,643.11,1598.43,46.0
38,149,1416.73,643.24,1592.16,45.0
38,150,1416.68,642.24,1600.0,44.0
38,151,1417.77,642.95,1594.61,43.0
38,152,1420.25,642.84,1597.48,42.0
38,153,1418.01,642.84,1604.77,41.0
38,154,1418.38,643.17,1589.94,40.0
38,155,1417.73,643.49,1596.46,39.0
38,156,1412.15,643.47,1603.73,38.0
38,157,1413.71,642.94,1592.51,37.0
38,158,1419.62,643.0,1593.39,36.0
38,159,1416.71,642.96,1594.29,35.0
38,160,1419.87,642.84,1586.99,34.0
38,161,1419.95,643.27,1604.36,33.0
38,162,1415.36,643.42,1592.85,32.0
38,163,1424.59,643.06,1591.02,31.0
38,164,1419.41,643.07,1593.36,30.0
38,165,1412.85,643.2,1599.33,29.0
38,166,1416.44,643.76,1600.07,28.0
38,167,1419.83,643.09,1590.66,27.0
38,168,1423.66,643.04,1593.17,26.0
38,169,1419.62,642.93,1601.55,25.0
38,170,1415.21,642.65,1604.55,24.0
38,171,1422.14,643.45,1594.43,23.0
38,172,1424.64,643.02,1597.33,22.0
38,173,1418.63,643.22,1605.01,21.0
38,174,1430.24,643.24,1599.67,20.0
38,175,1418.61,643.35,1592.64,19.0
38,176,1421.22,643.15,1597.64,18.0
38,177,1423.77,643.35,1602.44,17.0
38,178,1421.11,643.82,1600.23,16.0
38,179,1426.04,643.55,1594.33,15.0
38,180,1425.28,643.4,1594.51,14.0
38,181,1416.64,643.57,1591.28,13.0
38,182,1422.16,643.56,1603.5,12.0
38,183,1420.58,642.83,1590.86,11.0
38,184,1423.57,642.96,1597.06,10.0
38,185,1429.47,643.58,1598.91,9.0
38,186,1425.29,643.58,1597.97,8.0
38,187,1432.11,643.52,1606.12,7.0
38,188,1425.12,643.33,1598.92,6.0
38,189,1429.18,643.92,1602.98,5.0
38,190,1435.51,643.97,1601.42,4.0
38,191,1428.62,643.13,1604.78,3.0
38,192,1430.7,643.65,1602.43,2.0
38,193,1429.92,643.45,1604.46,1.0
38,194,1426.16,643.95,1606.9,0.0
39,1,1410.0,642.72,1592.37,127.0
39,2,1407.99,642.61,1586.25,126.0
39,3,1407.48,642.26,1586.25,125.0
39,4,1405.23,642.46,1587.9,124.0
39,5,1408.78,642.31,1587.08,123.0
39,6,1405.05,642.6,1592.86,122.0
39,7,1406.06,642.65,1596.39,121.0
39,8,1403.31,643.4,1592.81,120.0
39,9,1406.26,642.13,1592.98,119.0
39,10,1402.45,642.43,1590.41,118.0
39,11,1409.87,642.76,1588.85,117.0
39,12,1415.5,642.53,1585.95,116.0
39,13,1402.06,642.98,1585.78,115.0
39,14,1413.83,643.09,1592.43,114.0
39,15,1402.86,642.68,1595.97,113.0
39,16,1407.21,643.0,1591.13,112.0
39,17,1412.54,642.46,1584.58,111.0
39,18,1405.7,642.77,1586.47,110.0
39,19,1405.95,642.73,1592.2,109.0
39,20,1404.46,642.85,1590.91,108.0
39,21,1410.79,642.79,1595.16,107.0
39,22,1413.57,642.13,1582.68,106.0
39,23,1411.81,642.55,1589.03,105.0
39,24,1403.83,642.03,1591.94,104.0
39,25,1412.02,642.73,1587.03,103.0
39,26,1415.05,641.85,1590.95,102.0
39,27,1412.91,642.88,1595.83,101.0
39,28,1408.73,642.54,1595.34,100.0
39,29,1407.22,642.74,1586.9,99.0
39,30,1411.79,642.95,1592.19,98.0
39,31,1405.8,642.53,1588.21,97.0
39,32,1398.77,642.92,1587.21,96.0
39,33,1410.36,642.94,1585.95,95.0
39,34,1408.57,642.63,1592.9,94.0
39,35,1406.85,642.7,1594.01,93.0
39,36,1413.11,642.91,1583.59,92.0
39,37,1405.47,642.21,1590.96,91.0
39,38,1410.03,642.71,1591.42,90.0
39,39,1404.33,642.72,1588.11,89.0
39,40,1407.81,642.83,1589.27,88.0
39,41,1404.03,642.76,1592.32,87.0
39,42,1414.16,642.47,1590.93,86.0
39,43,1413.13,643.11,1594.15,85.0
39,44,1414.35,643.34,1593.9,84.0
39,45,1411.81,643.39,1588.25,83.0
39,46,1411.79,642.56,1588.53,82.0
39,47,1414.16,642.76,1584.28,81.0
39,48,1408.86,643.25,1589.47,80.0
39,49,1408.56,642.66,1591.59,79.0
39,50,1415.61,643.36,1583.21,78.0
39,51,1408.4,642.8,1597.39,77.0
39,52,1406.88,642.02,1583.74,76.0
39,53,1402.11,642.38,1589.71,75.0
39,54,1412.68,642.63,1590.54,74.0
39,55,1407.2,642.77,1592.77,73.0
39,56,1414.37,642.96,1588.39,72.0
39,57,1409.3,642.71,1591.09,71.0
39,58,1406.84,642.84,1589.72,70.0
39,59,1413.46,643.17,1593.03,69.0
39,60,1410.06,642.96,1587.9,68.0
39,61,1407.5,643.32,1602.39,67.0
39,62,1407.29,642.85,1585.81,66.0
39,63,1410.53,642.96,1596.67,65.0
39,64,1407.61,642.51,1585.11,64.0
39,65,1415.16,642.8,1594.73,63.0
39,66,1416.51,642.41,1588.58,62.0
39,67,1417.61,642.9,1593.03,61.0
39,68,1414.87,642.88,1590.92,60.0
39,69,1419.44,643.44,1591.99,59.0
39,70,1412.73,643.0,1587.58,58.0
39,71,1407.47,642.52,1595.32,57.0
39,72,1408.48,642.95,1580.98,56.0
39,73,1413.97,642.86,1599.87,55.0
39,74,1411.48,642.27,1593.26,54.0
39,75,1416.06,643.1,1590.47,53.0
39,76,1412.78,643.23,1587.38,52.0
39,77,1416.88,643.19,1595.87,51.0
39,78,1414.4,642.89,1592.22,50.0
39,79,1413.13,642.94,1592.51,49.0
39,80,1413.4,642.74,1593.62,48.0
39,81,1410.52,643.05,1595.45,47.0
39,82,1415.88,643.05,1587.95,46.0
39,83,1418.84,643.35,1592.37,45.0
39,84,1421.08,643.65,1589.78,44.0
39,85,1407.79,642.83,1590.63,43.0
39,86,1413.98,643.43,1596.16,42.0
39,87,1418.57,643.27,1592.2,41.0
39,88,1409.74,643.23,1589.07,40.0
39,89,1413.09,643.12,1594.06,39.0
39,90,1419.96,642.98,1596.38,38.0
39,91,1417.74,643.05,1597.78,37.0
39,92,1416.18,643.54,1598.69,36.0
39,93,1413.46,642.62,1595.7,35.0
39,94,1413.72,642.29,1589.79,34.0
39,95,1414.27,642.9,1588.53,33.0
39,96,1420.19,643.12,1604.64,32.0
39,97,1415.77,643.0,1587.72,31.0
39,98,1416.1,643.23,1588.41,30.0
39,99,1423.01,643.25,1595.48,29.0
39,100,1420.8,642.79,1594.87,28.0
39,101,1409.44,642.8,1589.7,27.0
39,102,1428.36,642.9,1600.39,26.0
39,103,1414.03,642.98,1586.03,25.0
39,104,1421.64,643.0,1604.27,24.0
39,105,1419.62,643.15,1594.41,23.0
39,106,1423.65,642.46,1604.07,22.0
39,107,1427.77,643.16,1594.26,21.0
39,108,1410.83,643.24,1598.05,20.0
39,109,1423.07,643.39,1596.78,19.0
39,110,1423.25,643.58,1602.8,18.0
39,111,1430.95,643.24,1600.73,17.0
39,112,1423.67,642.82,1604.01,16.0
39,113,1417.9,643.2,1590.01,15.0
39,114,1424.94,643.73,1593.04,14.0
39,115,1422.15,643.66,1601.05,13.0
39,116,1430.13,643.89,1603.68,12.0
39,117,1422.08,643.6,1603.65,11.0
39,118,1431.35,643.72,1596.04,10.0
39,119,1421.53,643.79,1601.46,9.0
39,120,1427.32,643.49,1597.64,8.0
39,121,1427.89,643.66,1599.46,7.0
39,122,1432.9,643.83,1599.38,6.0
39,123,1429.54,643.56,1606.05,5.0
39,124,1426.38,643.4,1601.14,4.0
39,125,1436.58,643.82,1600.98,3.0
39,126,1426.13,644.24,1605.85,2.0
39,127,1426.95,644.53,1595.03,1.0
39,128,1428.14,643.66,1604.19,0.0
40,1,1412.72,642.71,1594.14,187.0
40,2,1414.86,642.91,1585.97,186.0
40,3,1410.39,643.19,1593.68,185.0
40,4,1397.07,642.76,1592.3,184.0
40,5,1412.14,642.9,1586.67,183.0
40,6,1411.76,642.83,1593.66,182.0
40,7,1408.85,642.46,1589.19,181.0
40,8,1413.12,642.78,1591.79,180.0
40,9,1410.11,642.79,1597.62,179.0
40,10,1411.55,642.83,1586.46,178.0
40,11,1419.81,642.36,1590.28,177.0
40,12,1410.43,642.51,1588.0,176.0
40,13,1407.93,642.94,1589.98,175.0
40,14,1409.9,642.18,1590.02,174.0
40,15,1412.32,643.19,1591.23,173.0
40,16,1412.44,643.2,1591.5,172.0
40,17,1414.27,642.56,1591.77,171.0
40,18,1413.64,642.64,1588.2,170.0
40,19,1405.28,643.19,1582.17,169.0
40,20,1407.63,642.33,1590.42,168.0
40,21,1413.32,642.51,1593.76,167.0
40,22,1408.6,643.2,1585.89,166.0
40,23,1406.47,642.38,1597.07,165.0
40,24,1408.76,642.8,1588.47,164.0
40,25,1406.65,643.16,1592.65,163.0
40,26,1402.24,642.79,1596.22,162.0
40,27,1408.86,643.05,1586.74,161.0
40,28,1409.8,643.11,1591.34,160.0
40,29,1409.44,642.29,1592.54,159.0
40,30,1403.24,642.58,1587.66,158.0
40,31,1410.67,642.67,1589.31,157.0
40,32,1412.57,643.13,1590.3,156.0
40,33,1410.32,642.74,1592.62,155.0
40,34,1412.12,643.08,1595.37,154.0
40,35,1409.24,642.83,1592.36,153.0
40,36,1419.64,643.12,1594.8,152.0
40,37,1410.43,642.54,1587.98,151.0
40,38,1414.05,642.6,1586.63,150.0
40,39,1409.54,642.48,1589.93,149.0
40,40,1409.94,643.2,1587.55,148.0
40,41,1405.1,642.44,1594.77,147.0
40,42,1414.16,642.97,1592.56,146.0
40,43,1407.18,642.63,1589.56,145.0
40,44,1406.72,642.73,1589.39,144.0
40,45,1408.39,642.77,1590.79,143.0
40,46,1412.87,642.62,1592.66,142.0
40,47,1414.45,642.57,1589.71,141.0
40,48,1415.7,642.64,1594.51,140.0
40,49,1411.14,642.48,1588.87,139.0
40,50,1408.61,642.66,1593.37,138.0
40,51,1407.15,642.56,1587.02,137.0
40,52,1413.37,643.28,1599.39,136.0
40,53,1408.84,642.35,1596.21,135.0
40,54,1419.34,642.88,1592.2,134.0
40,55,1414.24,643.17,1584.07,133.0
40,56,1405.11,642.34,1590.22,132.0
40,57,1406.19,642.72,1590.75,131.0
40,58,1409.57,642.73,1589.18,130.0
40,59,1409.68,643.05,1592.81,129.0
40,60,1409.03,642.9,1590.62,128.0
40,61,1413.51,642.63,1593.3,127.0
40,62,1414.58,642.24,1593.8,126.0
40,63,1412.29,642.68,1598.3,125.0
40,64,1411.15,642.84,1583.9,124.0
40,65,1403.66,642.79,1590.67,123.0
40,66,1404.16,642.66,1590.61,122.0
40,67,1407.57,642.59,1589.7,121.0
40,68,1410.59,643.53,1596.04,120.0
40,69,1410.34,643.06,1592.68,119.0
40,70,1411.94,643.06,1594.98,118.0
40,71,1415.67,642.31,1594.95,117.0
40,72,1413.75,642.5,1591.17,116.0
40,73,1411.64,642.35,1581.96,115.0
40,74,1409.01,642.53,1596.6,114.0
40,75,1415.56,642.87,1588.77,113.0
40,76,1417.79,642.43,1593.47,112.0
40,77,1413.79,642.24,1596.49,111.0
40,78,1408.29,643.17,1589.04,110.0
40,79,1417.75,642.82,1590.31,109.0
40,80,1413.66,642.64,1593.31,108.0
40,81,1405.56,642.99,1592.2,107.0
40,82,1415.43,642.58,1594.91,106.0
40,83,1410.25,643.09,1594.49,105.0
40,84,1412.34,642.87,1587.46,104.0
40,85,1414.32,642.88,1588.02,103.0
40,86,1418.97,643.29,1594.18,102.0
40,87,1410.74,643.14,1590.84,101.0
40,88,1408.72,642.41,1592.78,100.0
40,89,1417.96,642.81,1592.81,99.0
40,90,1412.49,642.71,1590.56,98.0
40,91,1416.53,643.58,1592.55,97.0
40,92,1414.66,643.02,1592.39,96.0
40,93,1414.46,643.38,1596.95,95.0
40,94,1415.38,642.96,1593.34,94.0
40,95,1414.74,643.21,1592.83,93.0
40,96,1413.48,642.28,1598.15,92.0
40,97,1413.47,642.68,1591.1,91.0
40,98,1414.3,642.44,1594.5,90.0
40,99,1410.74,642.56,1593.36,89.0
40,100,1410.7,642.61,1592.13,88.0
40,101,1420.24,642.92,1589.92,87.0
40,102,1421.29,642.88,1596.55,86.0
40,103,1411.95,643.17,1595.13,85.0
40,104,1413.01,643.21,1584.57,84.0
40,105,1415.68,642.88,1590.1,83.0
40,106,1422.89,643.24,1588.99,82.0
40,107,1411.95,643.05,1590.21,81.0
40,108,1417.07,643.65,1591.38,80.0
40,109,1415.79,642.65,1589.15,79.0
40,110,1413.05,643.05,1601.65,78.0
40,111,1412.76,642.86,1592.16,77.0
40,112,1415.28,642.63,1593.34,76.0
40,113,1406.46,643.29,1595.24,75.0
40,114,1410.8,643.35,1596.76,74.0
40,115,1412.2,642.49,1592.47,73.0
40,116,1416.41,643.39,1595.58,72.0
40,117,1416.29,642.99,1590.89,71.0
40,118,1414.41,642.83,1594.88,70.0
40,119,1406.44,643.23,1592.27,69.0
40,120,1412.09,643.69,1596.67,68.0
40,121,1412.01,642.66,1590.1,67.0
40,122,1418.72,643.39,1588.78,66.0
40,123,1414.84,642.99,1597.06,65.0
40,124,1419.88,643.19,1593.54,64.0
40,125,1412.83,642.48,1588.22,63.0
40,126,1421.92,643.31,1600.8,62.0
40,127,1412.73,642.99,1596.53,61.0
40,128,1415.51,643.47,1593.05,60.0
40,129,1415.94,643.12,1597.15,59.0
40,130,1422.86,642.58,1589.19,58.0
40,131,1416.33,643.04,1596.71,57.0
40,132,1424.12,642.91,1595.06,56.0
40,133,1420.19,642.81,1599.75,55.0
40,134,1416.87,642.96,1591.02,54.0
40,135,1416.27,643.28,1593.03,53.0
40,136,1417.51,642.75,1593.1,52.0
40,137,1411.93,642.75,1590.91,51.0
40,138,1414.9,642.84,1600.93,50.0
40,139,1411.65,643.02,1591.79,49.0
40,140,1416.32,643.11,1601.04,48.0
40,141,1420.84,642.41,1593.39,47.0
40,142,1417.29,643.46,1598.31,46.0
40,143,1415.5,642.89,1595.6,45.0
40,144,1418.99,643.72,1596.64,44.0
40,145,1420.09,642.87,1594.2,43.0
40,146,1414.27,643.31,1594.14,42.0
40,147,1417.04,643.31,1593.49,41.0
40,148,1420.1,643.54,1596.47,40.0
40,149,1421.33,642.77,1598.98,39.0
40,150,1423.88,643.56,1598.29,38.0
40,151,1420.46,642.84,1597.36,37.0
40,152,1411.43,643.65,1596.73,36.0
40,153,1416.22,643.23,1594.83,35.0
40,154,1418.6,643.13,1596.86,34.0
40,155,1417.95,643.04,1597.9,33.0
40,156,1423.83,643.44,1593.4,32.0
40,157,1420.97,642.91,1596.23,31.0
40,158,1421.75,642.96,1598.97,30.0
40,159,1415.27,643.41,1598.67,29.0
40,160,1422.9,642.87,1595.69,28.0
40,161,1425.36,643.53,1583.91,27.0
40,162,1423.7,643.69,1601.18,26.0
40,163,1417.51,643.17,1594.13,25.0
40,164,1424.2,643.53,1602.3,24.0
40,165,1421.72,643.45,1597.18,23.0
40,166,1422.24,643.59,1598.48,22.0
40,167,1422.9,643.61,1592.84,21.0
40,168,1424.77,643.2,1596.3,20.0
40,169,1423.45,643.27,1598.73,19.0
40,170,1422.47,643.29,1599.9,18.0
40,171,1421.72,643.44,1599.69,17.0
40,172,1422.74,643.42,1597.18,16.0
40,173,1429.6,643.95,1599.81,15.0
40,174,1430.95,643.51,1604.6,14.0
40,175,1423.96,643.63,1598.28,13.0
40,176,1415.96,643.97,1607.64,12.0
40,177,1425.87,644.26,1598.58,11.0
40,178,1429.43,643.93,1603.02,10.0
40,179,1419.48,643.3,1598.63,9.0
40,180,1431.78,643.68,1606.65,8.0
40,181,1429.35,643.33,1606.82,7.0
40,182,1430.81,643.81,1607.54,6.0
40,183,1428.22,643.7,1602.54,5.0
40,184,1425.46,643.59,1604.29,4.0
40,185,1427.3,643.32,1604.87,3.0
40,186,1427.59,643.6,1614.93,2.0
40,187,1428.42,644.06,1604.34,1.0
40,188,1432.96,643.87,1611.92,0.0
41,1,1400.05,642.66,1581.02,215.0
41,2,1403.99,642.35,1591.17,214.0
41,3,1398.08,642.2,1589.71,213.0
41,4,1408.89,641.74,1585.53,212.0
41,5,1406.45,642.11,1578.21,211.0
41,6,1404.52,642.63,1589.03,210.0
41,7,1400.55,642.26,1579.0,209.0
41,8,1399.75,642.35,1582.59,208.0
41,9,1398.77,642.21,1582.04,207.0
41,10,1391.09,641.93,1586.49,206.0
41,11,1395.51,642.08,1581.89,205.0
41,12,1397.28,642.52,1580.81,204.0
41,13,1398.72,642.49,1585.24,203.0
41,14,1402.3,642.69,1585.0,202.0
41,15,1393.25,642.1,1584.93,201.0
41,16,1405.22,642.68,1583.94,200.0
41,17,1406.69,642.23,1591.01,199.0
41,18,1398.87,641.96,1584.48,198.0
41,19,1396.24,641.75,1584.57,197.0
41,20,1400.14,641.94,1588.72,196.0
41,21,1395.03,642.12,1587.0,195.0
41,22,1401.3,641.57,1583.3,194.0
41,23,1399.07,642.65,1588.16,193.0
41,24,1391.27,642.47,1581.81,192.0
41,25,1396.86,641.98,1582.24,191.0
41,26,1396.47,642.28,1579.99,190.0
41,27,1404.92,642.58,1584.5,189.0
41,28,1405.05,642.04,1582.13,188.0
41,29,1402.21,642.15,1584.24,187.0
41,30,1399.26,642.04,1585.09,186.0
41,31,1402.33,642.15,1586.98,185.0
41,32,1401.77,641.95,1582.23,184.0
41,33,1400.33,642.38,1581.22,183.0
41,34,1399.54,642.04,1585.91,182.0
41,35,1399.08,642.34,1584.76,181.0
41,36,1392.32,642.04,1586.15,180.0
41,37,1393.5,642.24,1581.95,179.0
41,38,1399.35,642.2,1591.46,178.0
41,39,1400.98,642.23,1583.6,177.0
41,40,1403.14,642.64,1580.17,176.0
41,41,1402.59,641.85,1582.34,175.0
41,42,1391.1,641.81,1588.33,174.0
41,43,1393.64,642.07,1577.23,173.0
41,44,1394.68,641.65,1585.47,172.0
41,45,1400.23,641.97,1582.37,171.0
41,46,1400.64,641.99,1591.46,170.0
41,47,1399.9,642.37,1585.87,169.0
41,48,1398.75,642.47,1585.33,168.0
41,49,1410.01,642.86,1588.91,167.0
41,50,1398.79,642.33,1577.37,166.0
41,51,1406.36,642.37,1584.74,165.0
41,52,1400.62,641.94,1586.37,164.0
41,53,1399.86,642.87,1587.74,163.0
41,54,1390.39,642.52,1586.43,162.0
41,55,1397.37,642.07,1584.27,161.0
41,56,1392.76,642.37,1593.66,160.0
41,57,1398.37,643.02,1591.66,159.0
41,58,1402.08,642.04,1583.3,158.0
41,59,1398.72,642.13,1585.0,157.0
41,60,1395.29,642.01,1587.08,156.0
41,61,1403.8,642.13,1576.83,155.0
41,62,1398.85,642.28,1585.19,154.0
41,63,1400.66,642.79,1583.41,153.0
41,64,1399.08,642.27,1583.89,152.0
41,65,1397.3,642.03,1587.47,151.0
41,66,1396.98,642.12,1587.24,150.0
41,67,1397.86,642.57,1592.68,149.0
41,68,1415.21,642.38,1594.09,148.0
41,69,1406.24,642.51,1578.47,147.0
41,70,1400.06,641.91,1589.73,146.0
41,71,1404.21,642.21,1583.86,145.0
41,72,1400.07,642.31,1586.55,144.0
41,73,1398.11,643.0,1581.44,143.0
41,74,1399.17,642.54,1588.95,142.0
41,75,1408.89,641.97,1596.15,141.0
41,76,1401.28,642.6,1583.46,140.0
41,77,1401.89,642.21,1581.49,139.0
41,78,1398.42,641.94,1589.77,138.0
41,79,1404.53,642.75,1585.32,137.0
41,80,1404.14,642.25,1574.75,136.0
41,81,1399.08,641.47,1584.14,135.0
41,82,1403.61,642.13,1594.1,134.0
41,83,1404.47,642.43,1588.62,133.0
41,84,1390.03,643.14,1582.52,132.0
41,85,1405.65,642.14,1587.45,131.0
41,86,1398.48,642.01,1591.37,130.0
41,87,1403.97,642.76,1585.28,129.0
41,88,1398.25,642.34,1583.29,128.0
41,89,1403.46,641.91,1585.96,127.0
41,90,1403.89,642.18,1593.36,126.0
41,91,1400.1,642.92,1580.98,125.0
41,92,1391.57,642.52,1585.5,124.0
41,93,1402.3,641.9,1592.2,123.0
41,94,1399.7,641.86,1581.17,122.0
41,95,1406.45,642.23,1581.02,121.0
41,96,1402.66,642.61,1584.33,120.0
41,97,1403.21,642.59,1590.74,119.0
41,98,1401.43,642.44,1584.77,118.0
41,99,1398.2,642.24,1585.08,117.0
41,100,1406.99,642.87,1597.59,116.0
41,101,1404.61,643.08,1588.91,115.0
41,102,1407.7,643.02,1583.21,114.0
41,103,1406.22,642.07,1585.52,113.0
41,104,1406.73,642.25,1588.69,112.0
41,105,1412.53,642.3,1586.0,111.0
41,106,1405.95,642.33,1587.36,110.0
41,107,1406.36,642.4,1585.43,109.0
41,108,1405.84,642.38,1586.82,108.0
41,109,1395.54,642.63,1585.81,107.0
41,110,1406.41,642.09,1589.77,106.0
41,111,1401.59,642.09,1585.93,105.0
41,112,1395.67,642.07,1585.89,104.0
41,113,1405.26,642.39,1589.31,103.0
41,114,1393.8,642.44,1587.88,102.0
41,115,1402.18,642.72,1582.15,101.0
41,116,1403.87,642.19,1591.14,100.0
41,117,1404.49,642.25,1584.14,99.0
41,118,1407.69,642.78,1584.74,98.0
41,119,1398.44,642.71,1586.06,97.0
41,120,1412.08,642.36,1585.47,96.0
41,121,1400.21,642.68,1583.15,95.0
41,122,1408.33,642.52,1591.09,94.0
41,123,1403.33,642.96,1583.8,93.0
41,124,1406.41,642.3,1595.06,92.0
41,125,1405.34,642.68,1584.56,91.0
41,126,1401.41,642.5,1583.8,90.0
41,127,1402.07,642.73,1582.78,89.0
41,128,1411.28,642.9,1590.67,88.0
41,129,1406.71,642.26,1586.66,87.0
41,130,1404.81,642.8,1589.53,86.0
41,131,1403.7,642.19,1585.34,85.0
41,132,1405.44,642.83,1593.33,84.0
41,133,1409.9,642.42,1580.2,83.0
41,134,1404.59,642.17,1590.65,82.0
41,135,1405.24,642.88,1592.81,81.0
41,136,1410.61,642.39,1592.89,80.0
41,137,1400.78,642.32,1590.52,79.0
41,138,1405.0,642.54,1587.16,78.0
41,139,1400.2,642.78,1592.59,77.0
41,140,1405.88,642.64,1586.41,76.0
41,141,1401.32,643.2,1583.27,75.0
41,142,1407.36,642.61,1586.44,74.0
41,143,1407.71,642.69,1593.62,73.0
41,144,1399.27,642.89,1583.18,72.0
41,145,1407.37,642.57,1586.68,71.0
41,146,1408.99,642.65,1585.78,70.0
41,147,1407.71,642.25,1593.33,69.0
41,148,1409.34,642.86,1588.61,68.0
41,149,1409.11,642.91,1591.03,67.0
41,150,1410.32,642.92,1595.44,66.0
41,151,1413.37,642.02,1592.7,65.0
41,152,1407.4,642.91,1593.76,64.0
41,153,1408.85,642.88,1590.68,63.0
41,154,1404.21,643.0,1585.28,62.0
41,155,1413.32,642.09,1594.44,61.0
41,156,1403.18,642.76,1592.1,60.0
41,157,1408.85,642.59,1597.51,59.0
41,158,1413.18,642.32,1592.73,58.0
41,159,1409.84,642.61,1593.13,57.0
41,160,1409.44,642.72,1595.89,56.0
41,161,1407.25,642.41,1589.33,55.0
41,162,1410.54,643.2,1598.11,54.0
41,163,1409.36,642.37,1598.88,53.0
41,164,1413.97,642.47,1596.59,52.0
41,165,1409.72,642.64,1586.58,51.0
41,166,1408.81,643.26,1590.1,50.0
41,167,1411.28,642.65,1589.84,49.0
41,168,1413.42,643.26,1597.34,48.0
41,169,1412.46,642.96,1594.28,47.0
41,170,1407.76,643.11,1589.34,46.0
41,171,1405.76,643.12,1591.17,45.0
41,172,1415.16,642.27,1594.37,44.0
41,173,1413.04,642.79,1586.63,43.0
41,174,1410.72,642.95,1585.76,42.0
41,175,1416.94,642.59,1595.91,41.0
41,176,1408.97,642.89,1589.53,40.0
41,177,1414.19,643.14,1590.16,39.0
41,178,1410.69,642.88,1587.66,38.0
41,179,1416.75,643.16,1590.5,37.0
41,180,1411.95,642.64,1595.51,36.0
41,181,1417.32,642.71,1597.78,35.0
41,182,1413.15,642.99,1598.58,34.0
41,183,1409.14,643.03,1591.14,33.0
41,184,1414.72,643.24,1601.58,32.0
41,185,1414.12,642.8,1590.27,31.0
41,186,1418.46,642.74,1595.82,30.0
41,187,1420.22,642.82,1595.98,29.0
41,188,1420.56,642.37,1598.42,28.0
41,189,1421.09,643.62,1598.57,27.0
41,190,1421.2,642.48,1597.18,26.0
41,191,1415.36,643.17,1598.63,25.0
41,192,1418.73,643.29,1593.07,24.0
41,193,1419.76,643.36,1595.21,23.0
41,194,1422.46,642.96,1594.57,22.0
41,195,1421.22,642.35,1596.48,21.0
41,196,1414.8,643.28,1600.51,20.0
41,197,1419.88,643.62,1599.12,19.0
41,198,1416.36,643.23,1596.67,18.0
41,199,1419.63,643.3,1592.09,17.0
41,200,1421.77,643.03,1593.26,16.0
41,201,1416.68,643.08,1596.2,15.0
41,202,1417.11,642.8,1594.17,14.0
41,203,1424.74,643.22,1594.8,13.0
41,204,1421.35,643.03,1598.1,12.0
41,205,1415.37,643.34,1600.74,11.0
41,206,1419.32,643.63,1599.01,10.0
41,207,1420.83,643.4,1601.51,9.0
41,208,1428.41,643.68,1599.48,8.0
41,209,1422.52,643.63,1597.54,7.0
41,210,1421.63,642.86,1597.65,6.0
41,211,1429.42,643.95,1601.42,5.0
41,212,1423.13,643.91,1603.06,4.0
41,213,1434.97,643.49,1605.82,3.0
41,214,1431.63,644.07,1602.54,2.0
41,215,1423.4,643.82,1610.3,1.0
41,216,1428.74,643.51,1603.91,0.0
42,1,1394.47,642.6,1580.46,195.0
42,2,1400.28,642.4,1588.76,194.0
42,3,1405.86,642.98,1590.3,193.0
42,4,1402.98,642.12,1588.84,192.0
42,5,1403.11,642.14,1590.78,191.0
42,6,1402.05,642.26,1589.8,190.0
42,7,1403.07,642.3,1581.98,189.0
42,8,1400.34,642.21,1591.28,188.0
42,9,1403.2,642.62,1584.98,187.0
42,10,1399.21,642.46,1586.76,186.0
42,11,1407.86,642.86,1585.34,185.0
42,12,1408.09,642.87,1587.0,184.0
42,13,1404.46,642.63,1587.9,183.0
42,14,1407.37,641.6,1584.05,182.0
42,15,1405.38,642.97,1583.8,181.0
42,16,1402.89,641.99,1584.39,180.0
42,17,1407.31,642.21,1586.78,179.0
42,18,1403.38,642.34,1590.23,178.0
42,19,1396.44,642.35,1589.2,177.0
42,20,1405.74,642.48,1585.53,176.0
42,21,1401.32,642.57,1589.6,175.0
42,22,1395.81,642.52,1582.14,174.0
42,23,1399.29,642.6,1588.97,173.0
42,24,1398.86,642.49,1591.16,172.0
42,25,1400.98,642.7,1589.23,171.0
42,26,1402.15,642.52,1590.99,170.0
42,27,1397.25,642.58,1586.81,169.0
42,28,1403.94,642.6,1594.31,168.0
42,29,1399.87,642.29,1591.81,167.0
42,30,1399.82,642.55,1587.38,166.0
42,31,1406.62,642.43,1590.14,165.0
42,32,1407.89,642.43,1587.18,164.0
42,33,1399.88,642.3,1583.36,163.0
42,34,1401.65,642.33,1585.62,162.0
42,35,1401.11,642.32,1591.3,161.0
42,36,1401.59,642.19,1582.64,160.0
42,37,1398.96,642.16,1586.15,159.0
42,38,1400.8,642.18,1583.79,158.0
42,39,1406.29,642.52,1596.48,157.0
42,40,1398.87,642.43,1590.29,156.0
42,41,1402.36,642.28,1583.74,155.0
42,42,1394.88,642.58,1591.51,154.0
42,43,1397.3,642.27,1586.44,153.0
42,44,1402.05,642.56,1586.05,152.0
42,45,1400.26,642.65,1589.3,151.0
42,46,1402.15,642.6,1582.95,150.0
42,47,1409.7,641.91,1584.57,149.0
42,48,1398.01,642.42,1579.85,148.0
42,49,1402.59,641.96,1587.29,147.0
42,50,1398.57,642.18,1589.03,146.0
42,51,1399.31,642.46,1578.23,145.0
42,52,1400.06,642.6,1583.53,144.0
42,53,1401.36,641.67,1585.26,143.0
42,54,1406.55,642.22,1591.28,142.0
42,55,1401.41,641.74,1592.06,141.0
42,56,1401.12,642.94,1580.95,140.0
42,57,1407.54,642.81,1586.81,139.0
42,58,1407.56,642.2,1582.29,138.0
42,59,1406.69,642.42,1585.21,137.0
42,60,1404.46,642.58,1584.22,136.0
42,61,1403.87,642.78,1584.67,135.0
42,62,1404.65,642.23,1581.89,134.0
42,63,1398.8,642.33,1593.19,133.0
42,64,1397.83,641.56,1587.81,132.0
42,65,1403.63,641.92,1596.28,131.0
42,66,1404.1,642.53,1588.37,130.0
42,67,1402.71,642.8,1589.87,129.0
42,68,1402.35,642.68,1583.74,128.0
42,69,1408.68,641.69,1587.11,127.0
42,70,1404.95,642.49,1587.66,126.0
42,71,1398.67,642.93,1585.49,125.0
42,72,1405.07,642.63,1592.41,124.0
42,73,1408.1,642.77,1586.44,123.0
42,74,1403.97,642.5,1597.06,122.0
42,75,1405.22,642.77,1587.86,121.0
42,76,1398.63,642.19,1587.75,120.0
42,77,1398.4,642.84,1582.92,119.0
42,78,1404.35,642.44,1583.65,118.0
42,79,1406.7,642.16,1591.8,117.0
42,80,1406.18,642.2,1593.28,116.0
42,81,1402.4,642.34,1592.02,115.0
42,82,1399.06,642.18,1589.29,114.0
42,83,1404.95,643.08,1589.53,113.0
42,84,1406.94,642.31,1582.3,112.0
42,85,1402.36,642.12,1580.62,111.0
42,86,1407.56,642.39,1582.91,110.0
42,87,1405.89,642.11,1585.71,109.0
42,88,1404.17,642.84,1587.33,108.0
42,89,1406.99,642.68,1585.22,107.0
42,90,1404.58,642.11,1595.14,106.0
42,91,1404.74,642.27,1587.04,105.0
42,92,1398.73,642.42,1590.07,104.0
42,93,1408.3,642.88,1593.89,103.0
42,94,1406.39,643.12,1584.26,102.0
42,95,1407.3,642.5,1591.8,101.0
42,96,1401.27,642.53,1587.78,100.0
42,97,1407.65,642.23,1591.34,99.0
42,98,1409.05,642.27,1581.53,98.0
42,99,1400.96,642.31,1589.53,97.0
42,100,1415.23,642.47,1583.36,96.0
42,101,1409.67,642.44,1587.48,95.0
42,102,1402.73,642.66,1586.97,94.0
42,103,1401.47,642.47,1586.53,93.0
42,104,1404.26,642.44,1592.21,92.0
42,105,1409.14,642.61,1581.77,91.0
42,106,1399.94,643.0,1587.62,90.0
42,107,1408.89,642.83,1586.9,89.0
42,108,1412.22,642.57,1594.0,88.0
42,109,1405.58,642.32,1589.48,87.0
42,110,1405.16,642.29,1593.36,86.0
42,111,1401.7,642.35,1589.33,85.0
42,112,1396.6,643.1,1588.23,84.0
42,113,1403.83,642.49,1589.67,83.0
42,114,1405.41,642.64,1583.95,82.0
42,115,1406.2,642.99,1585.6,81.0
42,116,1414.6,642.67,1589.76,80.0
42,117,1407.65,642.43,1592.52,79.0
42,118,1408.11,642.63,1591.1,78.0
42,119,1404.92,642.7,1586.32,77.0
42,120,1416.27,642.54,1596.01,76.0
42,121,1404.85,642.8,1592.27,75.0
42,122,1406.48,642.89,1592.26,74.0
42,123,1413.88,643.17,1592.74,73.0
42,124,1401.82,642.32,1592.74,72.0
42,125,1406.45,642.66,1587.76,71.0
42,126,1402.32,643.05,1592.25,70.0
42,127,1406.38,642.66,1591.56,69.0
42,128,1405.36,643.14,1582.39,68.0
42,129,1410.67,643.01,1588.49,67.0
42,130,1411.24,642.74,1600.61,66.0
42,131,1409.57,642.67,1588.56,65.0
42,132,1404.08,642.49,1591.43,64.0
42,133,1410.27,642.78,1583.57,63.0
42,134,1409.49,642.48,1595.38,62.0
42,135,1405.53,642.99,1591.63,61.0
42,136,1405.61,643.1,1591.21,60.0
42,137,1411.66,642.28,1592.76,59.0
42,138,1408.1,642.57,1589.98,58.0
42,139,1405.22,642.94,1589.61,57.0
42,140,1405.4,642.37,1594.72,56.0
42,141,1410.81,643.11,1592.95,55.0
42,142,1406.16,642.57,1597.92,54.0
42,143,1417.38,642.81,1591.0,53.0
42,144,1413.64,642.79,1587.89,52.0
42,145,1410.01,643.26,1590.45,51.0
42,146,1413.29,642.42,1593.48,50.0
42,147,1414.34,642.83,1589.55,49.0
42,148,1414.94,642.65,1584.66,48.0
42,149,1415.65,642.89,1591.57,47.0
42,150,1414.34,643.3,1594.3,46.0
42,151,1416.34,643.12,1594.8,45.0
42,152,1410.1,642.46,1583.45,44.0
42,153,1414.02,642.61,1602.9,43.0
42,154,1412.42,642.53,1594.16,42.0
42,155,1409.98,642.71,1599.41,41.0
42,156,1408.78,643.18,1597.49,40.0
42,157,1410.3,643.26,1595.57,39.0
42,158,1414.66,643.31,1596.1,38.0
42,159,1408.06,642.78,1592.07,37.0
42,160,1419.06,643.16,1591.42,36.0
42,161,1414.18,642.88,1592.89,35.0
42,162,1411.32,643.67,1591.29,34.0
42,163,1415.74,642.71,1588.59,33.0
42,164,1416.45,643.02,1595.72,32.0
42,165,1410.85,642.84,1604.75,31.0
42,166,1418.39,642.79,1588.22,30.0
42,167,1418.51,642.79,1601.99,29.0
42,168,1417.77,642.76,1585.85,28.0
42,169,1419.87,643.88,1592.45,27.0
42,170,1420.22,642.45,1603.25,26.0
42,171,1416.96,642.83,1593.71,25.0
42,172,1421.67,643.19,1595.04,24.0
42,173,1416.72,643.27,1598.13,23.0
42,174,1420.3,642.57,1595.19,22.0
42,175,1425.55,642.89,1597.12,21.0
42,176,1416.81,643.17,1598.07,20.0
42,177,1421.39,643.29,1598.36,19.0
42,178,1429.26,643.28,1602.19,18.0
42,179,1422.85,642.92,1593.47,17.0
42,180,1422.19,643.88,1594.16,16.0
42,181,1423.19,643.7,1597.51,15.0
42,182,1419.02,642.81,1594.91,14.0
42,183,1420.31,643.51,1596.55,13.0
42,184,1422.49,643.17,1595.57,12.0
42,185,1424.57,643.6,1597.89,11.0
42,186,1420.03,643.32,1593.94,10.0
42,187,1420.56,643.59,1597.24,9.0
42,188,1426.14,643.28,1595.16,8.0
42,189,1425.11,643.38,1599.39,7.0
42,190,1425.06,643.38,1596.25,6.0
42,191,1429.17,643.67,1600.82,5.0
42,192,1424.39,643.78,1591.52,4.0
42,193,1423.5,643.95,1600.73,3.0
42,194,1425.53,643.16,1598.79,2.0
42,195,1428.71,643.6,1602.5,1.0
42,196,1427.68,643.34,1597.41,0.0
43,1,1392.51,642.56,1579.64,206.0
43,2,1397.92,642.22,1582.02,205.0
43,3,1402.59,641.95,1590.17,204.0
43,4,1403.11,641.71,1579.53,203.0
43,5,1396.1,642.26,1581.65,202.0
43,6,1401.53,642.01,1579.15,201.0
43,7,1399.35,642.21,1585.22,200.0
43,8,1408.26,642.16,1587.14,199.0
43,9,1402.13,642.79,1586.06,198.0
43,10,1392.57,642.4,1582.86,197.0
43,11,1392.9,642.49,1587.46,196.0
43,12,1392.18,642.41,1580.83,195.0
43,13,1396.87,642.0,1585.31,194.0
43,14,1389.83,641.51,1586.26,193.0
43,15,1401.37,642.06,1586.13,192.0
43,16,1403.54,641.45,1584.97,191.0
43,17,1391.52,641.91,1585.83,190.0
43,18,1391.45,642.31,1583.02,189.0
43,19,1397.75,642.06,1582.3,188.0
43,20,1396.72,642.6,1582.62,187.0
43,21,1406.47,642.87,1585.17,186.0
43,22,1401.18,641.9,1585.31,185.0
43,23,1397.37,641.58,1583.52,184.0
43,24,1399.52,642.24,1580.87,183.0
43,25,1396.5,641.58,1581.59,182.0
43,26,1396.91,642.57,1587.18,181.0
43,27,1402.89,642.34,1581.22,180.0
43,28,1397.76,642.23,1590.76,179.0
43,29,1399.45,641.99,1586.08,178.0
43,30,1401.48,641.87,1586.0,177.0
43,31,1395.89,642.16,1578.15,176.0
43,32,1398.38,642.07,1587.17,175.0
43,33,1400.17,642.42,1579.29,174.0
43,34,1397.26,642.83,1580.3,173.0
43,35,1394.03,641.89,1586.02,172.0
43,36,1401.36,642.07,1586.2,171.0
43,37,1401.09,642.07,1584.22,170.0
43,38,1402.39,641.7,1587.69,169.0
43,39,1402.98,642.36,1583.99,168.0
43,40,1399.59,641.5,1582.71,167.0
43,41,1395.35,641.33,1578.11,166.0
43,42,1393.56,642.14,1590.56,165.0
43,43,1401.26,642.22,1591.15,164.0
43,44,1399.4,641.61,1587.39,163.0
43,45,1397.69,642.12,1574.46,162.0
43,46,1403.2,642.9,1592.46,161.0
43,47,1397.52,642.65,1584.16,160.0
43,48,1395.26,642.12,1588.77,159.0
43,49,1399.86,642.37,1585.87,158.0
43,50,1402.28,642.25,1581.7,157.0
43,51,1404.44,642.17,1581.84,156.0
43,52,1397.17,642.88,1579.57,155.0
43,53,1393.86,642.51,1589.91,154.0
43,54,1404.57,642.06,1589.72,153.0
43,55,1394.98,642.38,1582.75,152.0
43,56,1399.56,642.02,1588.22,151.0
43,57,1392.25,642.01,1576.0,150.0
43,58,1397.47,642.32,1577.23,149.0
43,59,1404.68,642.52,1579.68,148.0
43,60,1402.7,642.16,1578.91,147.0
43,61,1393.56,642.05,1583.88,146.0
43,62,1406.74,641.73,1585.66,145.0
43,63,1408.87,642.12,1584.42,144.0
43,64,1396.52,642.49,1590.79,143.0
43,65,1395.71,642.39,1590.98,142.0
43,66,1397.85,641.94,1588.61,141.0
43,67,1396.13,642.02,1582.15,140.0
43,68,1404.65,642.28,1587.95,139.0
43,69,1395.47,642.58,1590.21,138.0
43,70,1398.12,642.66,1587.33,137.0
43,71,1398.33,642.32,1586.76,136.0
43,72,1399.32,642.31,1587.55,135.0
43,73,1398.09,642.32,1584.71,134.0
43,74,1399.5,642.23,1586.7,133.0
43,75,1405.31,642.73,1590.24,132.0
43,76,1399.38,642.18,1589.92,131.0
43,77,1402.19,641.78,1587.86,130.0
43,78,1404.39,642.33,1588.02,129.0
43,79,1404.41,642.23,1585.36,128.0
43,80,1399.8,642.24,1588.28,127.0
43,81,1396.92,642.17,1588.47,126.0
43,82,1406.96,642.25,1586.85,125.0
43,83,1400.57,641.73,1585.31,124.0
43,84,1400.41,642.46,1585.79,123.0
43,85,1402.42,642.11,1586.98,122.0
43,86,1406.32,642.06,1589.44,121.0
43,87,1399.63,642.2,1580.3,120.0
43,88,1405.14,642.52,1590.43,119.0
43,89,1402.46,642.2,1583.89,118.0
43,90,1397.98,642.43,1585.06,117.0
43,91,1409.55,642.37,1586.32,116.0
43,92,1400.17,642.55,1588.36,115.0
43,93,1401.12,642.63,1584.23,114.0
43,94,1403.83,642.09,1588.54,113.0
43,95,1400.9,641.86,1586.88,112.0
43,96,1404.43,642.3,1582.73,111.0
43,97,1401.48,642.06,1582.45,110.0
43,98,1408.2,642.21,1578.77,109.0
43,99,1401.77,642.87,1589.73,108.0
43,100,1403.32,642.27,1581.92,107.0
43,101,1399.16,641.98,1582.06,106.0
43,102,1406.12,642.04,1584.51,105.0
43,103,1402.32,642.2,1580.8,104.0
43,104,1398.11,642.28,1585.34,103.0
43,105,1409.21,642.52,1585.86,102.0
43,106,1403.34,642.65,1585.48,101.0
43,107,1399.98,642.04,1585.57,100.0
43,108,1411.24,642.08,1583.97,99.0
43,109,1403.07,642.58,1590.24,98.0
43,110,1405.36,642.75,1588.29,97.0
43,111,1408.64,641.92,1587.56,96.0
43,112,1403.45,642.16,1587.85,95.0
43,113,1407.02,642.32,1586.97,94.0
43,114,1400.5,642.5,1591.84,93.0
43,115,1404.07,642.67,1588.77,92.0
43,116,1403.23,642.47,1585.17,91.0
43,117,1402.84,643.17,1582.12,90.0
43,118,1399.44,642.13,1584.44,89.0
43,119,1393.69,642.71,1583.89,88.0
43,120,1401.69,642.5,1577.56,87.0
43,121,1405.57,642.39,1585.15,86.0
43,122,1406.2,642.69,1583.95,85.0
43,123,1405.65,642.1,1591.24,84.0
43,124,1404.41,642.76,1592.55,83.0
43,125,1404.92,642.22,1580.76,82.0
43,126,1398.6,642.21,1590.18,81.0
43,127,1405.41,642.8,1587.91,80.0
43,128,1403.74,641.59,1584.45,79.0
43,129,1402.12,642.46,1591.85,78.0
43,130,1397.85,642.38,1584.15,77.0
43,131,1411.13,642.48,1585.04,76.0
43,132,1402.99,642.62,1586.4,75.0
43,133,1401.2,642.44,1583.32,74.0
43,134,1400.71,642.6,1582.49,73.0
43,135,1407.53,642.9,1589.89,72.0
43,136,1402.51,642.46,1580.98,71.0
43,137,1401.37,642.83,1586.39,70.0
43,138,1412.68,642.95,1591.72,69.0
43,139,1411.71,642.67,1585.19,68.0
43,140,1410.57,642.98,1584.45,67.0
43,141,1406.15,643.18,1587.55,66.0
43,142,1403.9,642.75,1585.17,65.0
43,143,1407.72,642.68,1590.81,64.0
43,144,1405.78,642.36,1587.43,63.0
43,145,1403.53,642.38,1585.08,62.0
43,146,1406.05,642.58,1587.68,61.0
43,147,1413.65,643.0,1591.15,60.0
43,148,1402.5,642.12,1591.63,59.0
43,149,1411.24,642.36,1587.03,58.0
43,150,1412.85,642.79,1585.79,57.0
43,151,1411.83,642.69,1595.21,56.0
43,152,1404.12,642.98,1582.31,55.0
43,153,1408.88,642.77,1588.31,54.0
43,154,1413.02,642.83,1592.39,53.0
43,155,1407.27,642.69,1592.13,52.0
43,156,1402.82,642.62,1588.84,51.0
43,157,1406.14,642.35,1595.45,50.0
43,158,1412.63,642.09,1584.69,49.0
43,159,1408.76,642.44,1597.68,48.0
43,160,1412.27,643.04,1588.09,47.0
43,161,1406.44,642.86,1587.92,46.0
43,162,1403.67,642.39,1589.28,45.0
43,163,1414.82,642.76,1595.41,44.0
43,164,1402.03,642.65,1585.03,43.0
43,165,1411.59,642.93,1590.32,42.0
43,166,1413.1,642.07,1595.52,41.0
43,167,1413.16,642.51,1594.18,40.0
43,168,1417.67,643.36,1595.29,39.0
43,169,1415.39,643.33,1598.98,38.0
43,170,1419.71,643.11,1592.69,37.0
43,171,1413.41,643.09,1603.7,36.0
43,172,1414.79,642.89,1596.93,35.0
43,173,1421.28,643.15,1592.42,34.0
43,174,1408.48,642.86,1598.37,33.0
43,175,1412.74,642.85,1592.66,32.0
43,176,1425.33,642.66,1596.4,31.0
43,177,1415.62,642.85,1593.96,30.0
43,178,1416.44,642.78,1591.34,29.0
43,179,1422.57,643.4,1587.33,28.0
43,180,1419.86,643.55,1593.57,27.0
43,181,1420.38,643.66,1592.45,26.0
43,182,1409.49,643.57,1599.93,25.0
43,183,1424.6,642.94,1596.31,24.0
43,184,1417.62,643.11,1598.28,23.0
43,185,1421.94,643.11,1599.24,22.0
43,186,1423.01,643.38,1594.39,21.0
43,187,1423.47,643.06,1589.79,20.0
43,188,1417.53,643.11,1595.05,19.0
43,189,1419.61,643.26,1591.49,18.0
43,190,1421.69,642.91,1597.86,17.0
43,191,1430.8,643.36,1609.12,16.0
43,192,1425.77,643.24,1593.08,15.0
43,193,1426.15,643.51,1596.91,14.0
43,194,1424.64,642.76,1599.91,13.0
43,195,1417.3,643.66,1592.89,12.0
43,196,1428.56,643.62,1591.9,11.0
43,197,1423.51,642.95,1603.35,10.0
43,198,1428.28,643.5,1603.9,9.0
43,199,1429.39,644.14,1595.39,8.0
43,200,1427.07,643.47,1596.53,7.0
43,201,1432.08,643.41,1600.81,6.0
43,202,1420.43,643.51,1597.68,5.0
43,203,1433.01,644.13,1602.22,4.0
43,204,1427.41,643.58,1602.82,3.0
43,205,1431.71,643.73,1599.89,2.0
43,206,1426.61,643.55,1593.77,1.0
43,207,1427.53,643.99,1599.57,0.0
44,1,1399.96,642.34,1588.01,191.0
44,2,1398.69,642.08,1589.48,190.0
44,3,1403.39,642.48,1588.43,189.0
44,4,1400.65,642.25,1587.5,188.0
44,5,1397.06,642.27,1582.42,187.0
44,6,1395.61,642.26,1580.58,186.0
44,7,1396.38,642.53,1586.86,185.0
44,8,1400.99,642.09,1582.29,184.0
44,9,1399.25,642.03,1583.63,183.0
44,10,1397.72,642.11,1587.75,182.0
44,11,1400.62,642.82,1585.92,181.0
44,12,1401.81,641.87,1582.53,180.0
44,13,1398.39,642.14,1581.03,179.0
44,14,1397.95,642.05,1583.57,178.0
44,15,1400.41,642.46,1586.98,177.0
44,16,1399.49,642.47,1586.89,176.0
44,17,1392.66,641.87,1586.57,175.0
44,18,1398.5,642.34,1585.13,174.0
44,19,1397.23,642.22,1588.82,173.0
44,20,1400.22,641.61,1585.55,172.0
44,21,1400.56,642.27,1582.88,171.0
44,22,1402.21,642.64,1586.07,170.0
44,23,1407.4,642.35,1588.38,169.0
44,24,1403.85,642.01,1587.3,168.0
44,25,1407.01,641.9,1582.93,167.0
44,26,1407.53,642.17,1583.88,166.0
44,27,1402.76,641.95,1588.72,165.0
44,28,1402.16,642.54,1587.39,164.0
44,29,1399.05,642.5,1580.64,163.0
44,30,1392.49,642.29,1582.46,162.0
44,31,1402.58,642.08,1583.63,161.0
44,32,1394.85,642.19,1581.05,160.0
44,33,1399.83,642.15,1584.41,159.0
44,34,1399.0,642.48,1584.48,158.0
44,35,1399.18,642.3,1585.36,157.0
44,36,1403.19,642.58,1584.78,156.0
44,37,1394.51,642.6,1582.61,155.0
44,38,1403.97,642.42,1586.97,154.0
44,39,1394.96,642.18,1591.04,153.0
44,40,1396.7,642.01,1591.54,152.0
44,41,1394.48,642.12,1587.96,151.0
44,42,1400.18,642.3,1581.61,150.0
44,43,1405.43,642.85,1584.95,149.0
44,44,1403.83,642.52,1589.34,148.0
44,45,1394.85,642.32,1588.13,147.0
44,46,1398.48,641.89,1590.64,146.0
44,47,1401.37,642.71,1587.24,145.0
44,48,1399.46,641.91,1585.57,144.0
44,49,1392.92,642.17,1587.31,143.0
44,50,1400.73,642.27,1583.16,142.0
44,51,1398.62,642.4,1583.27,141.0
44,52,1392.05,642.05,1589.38,140.0
44,53,1402.1,641.83,1582.04,139.0
44,54,1403.48,642.43,1583.19,138.0
44,55,1403.39,642.17,1581.51,137.0
44,56,1395.94,642.29,1586.34,136.0
44,57,1397.99,641.84,1580.42,135.0
44,58,1400.81,642.01,1588.84,134.0
44,59,1393.48,642.43,1587.83,133.0
44,60,1402.46,641.91,1577.88,132.0
44,61,1399.97,642.23,1583.35,131.0
44,62,1403.45,642.51,1578.82,130.0
44,63,1400.23,642.74,1592.33,129.0
44,64,1398.84,642.15,1586.66,128.0
44,65,1401.47,642.2,1585.56,127.0
44,66,1402.3,642.28,1580.55,126.0
44,67,1404.48,642.17,1587.07,125.0
44,68,1407.83,642.11,1594.45,124.0
44,69,1405.79,642.68,1590.8,123.0
44,70,1396.19,642.27,1584.79,122.0
44,71,1395.51,642.38,1589.48,121.0
44,72,1399.49,642.81,1579.42,120.0
44,73,1402.47,642.38,1590.39,119.0
44,74,1398.05,642.05,1583.81,118.0
44,75,1401.6,641.84,1583.26,117.0
44,76,1400.94,641.42,1588.58,116.0
44,77,1403.23,642.23,1584.8,115.0
44,78,1399.1,642.8,1592.27,114.0
44,79,1401.22,642.59,1586.49,113.0
44,80,1400.86,642.55,1584.95,112.0
44,81,1399.14,642.53,1589.79,111.0
44,82,1397.73,642.76,1586.91,110.0
44,83,1401.12,642.02,1590.09,109.0
44,84,1405.21,642.01,1582.05,108.0
44,85,1405.19,642.39,1586.33,107.0
44,86,1405.93,642.33,1585.37,106.0
44,87,1404.96,642.49,1585.81,105.0
44,88,1402.94,642.63,1581.33,104.0
44,89,1396.77,642.73,1586.98,103.0
44,90,1401.58,642.07,1591.48,102.0
44,91,1400.62,642.19,1591.44,101.0
44,92,1406.86,642.35,1590.1,100.0
44,93,1403.31,642.1,1588.77,99.0
44,94,1400.99,642.28,1583.81,98.0
44,95,1398.52,642.75,1592.79,97.0
44,96,1400.48,642.49,1583.97,96.0
44,97,1406.64,642.82,1584.23,95.0
44,98,1410.67,642.49,1594.28,94.0
44,99,1404.21,642.98,1591.75,93.0
44,100,1406.94,642.15,1586.21,92.0
44,101,1401.68,642.2,1587.07,91.0
44,102,1397.22,642.83,1593.85,90.0
44,103,1405.48,642.04,1587.1,89.0
44,104,1401.9,642.31,1585.1,88.0
44,105,1406.02,642.68,1591.46,87.0
44,106,1405.94,642.43,1597.52,86.0
44,107,1405.62,642.66,1584.18,85.0
44,108,1408.09,642.85,1591.46,84.0
44,109,1407.15,641.94,1587.18,83.0
44,110,1402.34,641.94,1585.36,82.0
44,111,1413.13,642.48,1591.23,81.0
44,112,1406.74,642.63,1594.59,80.0
44,113,1402.32,642.58,1583.42,79.0
44,114,1408.27,642.36,1592.21,78.0
44,115,1408.59,642.6,1591.42,77.0
44,116,1409.88,642.64,1586.8,76.0
44,117,1410.91,642.14,1588.91,75.0
44,118,1403.0,642.18,1591.13,74.0
44,119,1397.27,642.33,1593.12,73.0
44,120,1409.86,642.19,1586.54,72.0
44,121,1403.65,642.27,1588.56,71.0
44,122,1400.5,642.06,1602.52,70.0
44,123,1410.31,642.64,1591.2,69.0
44,124,1410.38,642.76,1591.77,68.0
44,125,1408.95,642.4,1585.51,67.0
44,126,1404.06,642.84,1588.67,66.0
44,127,1410.69,642.63,1586.74,65.0
44,128,1410.54,642.81,1583.34,64.0
44,129,1402.96,642.35,1592.87,63.0
44,130,1400.09,642.81,1597.69,62.0
44,131,1402.02,642.78,1590.57,61.0
44,132,1406.53,642.5,1589.77,60.0
44,133,1402.16,642.73,1597.1,59.0
44,134,1403.9,642.52,1591.02,58.0
44,135,1407.67,642.83,1592.46,57.0
44,136,1401.34,642.76,1587.59,56.0
44,137,1404.97,642.37,1587.97,55.0
44,138,1411.12,642.82,1586.14,54.0
44,139,1413.54,642.94,1593.56,53.0
44,140,1409.65,642.73,1594.24,52.0
44,141,1409.17,642.16,1593.88,51.0
44,142,1409.27,642.43,1588.93,50.0
44,143,1406.67,642.41,1592.43,49.0
44,144,1414.47,642.58,1600.6,48.0
44,145,1413.63,642.39,1591.41,47.0
44,146,1411.9,643.05,1592.85,46.0
44,147,1406.77,642.9,1591.72,45.0
44,148,1406.18,643.22,1587.33,44.0
44,149,1419.63,642.91,1589.38,43.0
44,150,1416.35,642.94,1589.12,42.0
44,151,1414.73,643.18,1590.53,41.0
44,152,1414.93,643.24,1600.25,40.0
44,153,1421.29,643.13,1599.5,39.0
44,154,1409.05,642.95,1594.38,38.0
44,155,1417.07,642.86,1592.11,37.0
44,156,1402.36,642.7,1590.73,36.0
44,157,1408.39,642.68,1588.35,35.0
44,158,1417.6,642.97,1597.05,34.0
44,159,1420.52,643.36,1593.94,33.0
44,160,1413.09,642.88,1594.11,32.0
44,161,1412.83,642.82,1591.53,31.0
44,162,1417.63,643.0,1592.35,30.0
44,163,1418.28,643.27,1599.87,29.0
44,164,1414.31,642.88,1599.02,28.0
44,165,1416.86,643.62,1590.23,27.0
44,166,1417.72,643.3,1591.58,26.0
44,167,1415.13,642.96,1598.57,25.0
44,168,1418.34,643.51,1598.32,24.0
44,169,1413.27,643.53,1597.58,23.0
44,170,1419.16,643.18,1596.1,22.0
44,171,1415.78,643.41,1602.73,21.0
44,172,1423.8,643.29,1595.31,20.0
44,173,1418.06,643.28,1590.18,19.0
44,174,1421.7,642.9,1594.58,18.0
44,175,1420.72,643.02,1597.59,17.0
44,176,1416.46,643.2,1597.94,16.0
44,177,1418.51,643.3,1590.15,15.0
44,178,1424.81,643.42,1601.12,14.0
44,179,1420.42,643.67,1598.08,13.0
44,180,1428.6,643.23,1603.69,12.0
44,181,1421.07,643.45,1589.36,11.0
44,182,1429.24,643.72,1598.43,10.0
44,183,1418.55,643.47,1600.71,9.0
44,184,1425.71,643.32,1598.81,8.0
44,185,1427.6,643.4,1607.53,7.0
44,186,1427.48,643.19,1594.66,6.0
44,187,1425.84,643.45,1597.05,5.0
44,188,1423.73,643.76,1601.4,4.0
44,189,1428.0,643.2,1601.34,3.0
44,190,1428.14,643.42,1607.76,2.0
44,191,1422.36,644.13,1596.87,1.0
44,192,1438.96,643.95,1608.5,0.0
45,1,1403.72,642.4,1584.27,157.0
45,2,1398.95,642.57,1580.54,156.0
45,3,1396.16,641.83,1586.01,155.0
45,4,1399.46,642.51,1588.56,154.0
45,5,1402.37,642.43,1577.38,153.0
45,6,1394.36,642.25,1586.89,152.0
45,7,1394.63,642.59,1586.75,151.0
45,8,1397.04,641.75,1583.59,150.0
45,9,1393.75,642.48,1575.54,149.0
45,10,1395.36,642.19,1586.95,148.0
45,11,1395.97,642.04,1581.9,147.0
45,12,1401.5,642.23,1589.56,146.0
45,13,1396.11,641.83,1580.03,145.0
45,14,1395.27,642.2,1578.76,144.0
45,15,1399.03,642.15,1585.59,143.0
45,16,1396.88,642.28,1586.88,142.0
45,17,1406.43,642.06,1583.64,141.0
45,18,1400.46,642.47,1590.93,140.0
45,19,1390.08,641.91,1584.73,139.0
45,20,1394.04,642.11,1589.46,138.0
45,21,1396.32,642.23,1582.61,137.0
45,22,1404.5,642.64,1583.37,136.0
45,23,1391.76,642.31,1590.53,135.0
45,24,1406.04,642.15,1583.11,134.0
45,25,1397.36,642.74,1581.95,133.0
45,26,1405.01,641.57,1586.48,132.0
45,27,1403.04,641.64,1587.1,131.0
45,28,1396.93,642.0,1588.32,130.0
45,29,1394.31,641.66,1586.43,129.0
45,30,1398.59,641.87,1578.31,128.0
45,31,1401.2,641.99,1592.57,127.0
45,32,1395.14,642.83,1586.52,126.0
45,33,1395.86,642.15,1587.98,125.0
45,34,1394.74,642.1,1592.79,124.0
45,35,1400.39,642.21,1585.5,123.0
45,36,1397.19,642.04,1585.16,122.0
45,37,1403.56,641.71,1580.55,121.0
45,38,1401.91,642.21,1583.07,120.0
45,39,1392.69,641.98,1589.63,119.0
45,40,1400.18,642.08,1581.91,118.0
45,41,1400.5,642.24,1586.62,117.0
45,42,1396.96,642.32,1585.49,116.0
45,43,1401.41,642.17,1587.28,115.0
45,44,1394.7,642.07,1586.47,114.0
45,45,1398.05,642.15,1595.0,113.0
45,46,1401.57,643.17,1588.53,112.0
45,47,1403.25,641.91,1581.36,111.0
45,48,1392.41,642.02,1590.0,110.0
45,49,1403.24,642.18,1580.0,109.0
45,50,1404.79,641.62,1588.67,108.0
45,51,1403.06,642.69,1582.0,107.0
45,52,1394.36,642.68,1579.54,106.0
45,53,1405.98,642.34,1586.75,105.0
45,54,1395.67,642.62,1585.88,104.0
45,55,1405.3,641.84,1584.92,103.0
45,56,1404.08,642.12,1586.36,102.0
45,57,1407.04,642.23,1590.47,101.0
45,58,1406.97,642.46,1576.54,100.0
45,59,1402.79,642.11,1584.14,99.0
45,60,1401.7,642.43,1583.83,98.0
45,61,1397.41,641.93,1583.9,97.0
45,62,1399.12,642.66,1591.98,96.0
45,63,1395.48,642.07,1584.08,95.0
45,64,1400.19,642.49,1589.82,94.0
45,65,1407.63,642.39,1593.18,93.0
45,66,1396.07,641.96,1585.76,92.0
45,67,1396.55,641.87,1585.9,91.0
45,68,1398.97,642.58,1583.13,90.0
45,69,1395.54,642.62,1587.53,89.0
45,70,1395.88,642.25,1574.14,88.0
45,71,1398.68,642.72,1584.31,87.0
45,72,1404.83,642.51,1588.4,86.0
45,73,1399.45,642.32,1579.67,85.0
45,74,1397.47,642.39,1587.38,84.0
45,75,1403.37,642.09,1582.95,83.0
45,76,1395.56,642.41,1585.34,82.0
45,77,1407.11,642.98,1582.0,81.0
45,78,1395.71,642.05,1579.35,80.0
45,79,1399.75,642.3,1581.95,79.0
45,80,1399.13,642.6,1586.31,78.0
45,81,1403.49,642.16,1582.74,77.0
45,82,1403.76,642.78,1592.09,76.0
45,83,1410.41,642.68,1579.5,75.0
45,84,1397.54,642.02,1585.48,74.0
45,85,1401.11,641.77,1584.73,73.0
45,86,1409.26,642.6,1587.16,72.0
45,87,1402.91,642.13,1589.53,71.0
45,88,1403.07,642.32,1586.83,70.0
45,89,1400.39,642.41,1581.56,69.0
45,90,1401.74,642.14,1587.53,68.0
45,91,1407.44,642.37,1591.12,67.0
45,92,1401.2,643.09,1585.68,66.0
45,93,1404.11,642.03,1590.02,65.0
45,94,1405.0,641.78,1584.07,64.0
45,95,1408.11,642.14,1590.07,63.0
45,96,1402.07,642.46,1585.39,62.0
45,97,1416.06,642.84,1578.81,61.0
45,98,1402.65,642.84,1591.81,60.0
45,99,1405.05,642.53,1591.41,59.0
45,100,1403.26,642.89,1591.7,58.0
45,101,1408.92,642.58,1591.14,57.0
45,102,1407.72,642.73,1591.97,56.0
45,103,1398.91,642.01,1591.76,55.0
45,104,1396.56,642.77,1590.06,54.0
45,105,1406.54,642.8,1592.17,53.0
45,106,1409.05,642.48,1585.6,52.0
45,107,1397.23,642.6,1587.39,51.0
45,108,1410.68,642.83,1596.88,50.0
45,109,1405.34,642.63,1588.53,49.0
45,110,1397.98,642.43,1592.76,48.0
45,111,1405.0,642.73,1592.62,47.0
45,112,1412.62,642.75,1589.28,46.0
45,113,1408.3,642.61,1596.68,45.0
45,114,1415.25,642.77,1588.77,44.0
45,115,1408.69,642.37,1591.74,43.0
45,116,1410.1,643.5,1590.02,42.0
45,117,1405.87,642.77,1593.86,41.0
45,118,1411.91,642.34,1594.66,40.0
45,119,1409.28,642.7,1593.11,39.0
45,120,1411.55,642.61,1590.46,38.0
45,121,1410.42,642.58,1585.67,37.0
45,122,1412.71,643.23,1594.62,36.0
45,123,1414.6,642.7,1591.27,35.0
45,124,1411.03,642.56,1591.61,34.0
45,125,1407.79,642.4,1596.69,33.0
45,126,1410.67,643.0,1592.58,32.0
45,127,1408.21,642.58,1591.46,31.0
45,128,1412.73,642.59,1602.34,30.0
45,129,1407.04,643.41,1592.32,29.0
45,130,1407.96,642.48,1589.37,28.0
45,131,1420.19,642.72,1589.95,27.0
45,132,1424.87,642.88,1594.96,26.0
45,133,1411.52,642.68,1590.71,25.0
45,134,1411.83,643.25,1594.86,24.0
45,135,1412.63,642.76,1589.9,23.0
45,136,1419.31,642.76,1594.54,22.0
45,137,1422.48,643.2,1593.87,21.0
45,138,1421.47,643.42,1597.93,20.0
45,139,1420.45,642.94,1595.91,19.0
45,140,1416.68,642.94,1593.51,18.0
45,141,1412.57,643.94,1599.46,17.0
45,142,1421.87,643.05,1603.39,16.0
45,143,1421.25,643.2,1597.22,15.0
45,144,1415.1,642.92,1595.77,14.0
45,145,1422.74,643.03,1603.58,13.0
45,146,1426.24,642.82,1597.71,12.0
45,147,1426.02,643.18,1596.71,11.0
45,148,1420.69,642.91,1599.65,10.0
45,149,1423.59,644.02,1599.97,9.0
45,150,1425.67,643.49,1604.24,8.0
45,151,1423.71,643.39,1600.49,7.0
45,152,1424.4,643.42,1602.13,6.0
45,153,1431.16,643.34,1596.16,5.0
45,154,1423.22,643.46,1601.63,4.0
45,155,1430.01,643.07,1604.21,3.0
45,156,1431.6,643.6,1603.98,2.0
45,157,1432.96,644.07,1597.36,1.0
45,158,1437.88,643.7,1598.55,0.0
46,1,1391.37,642.37,1597.38,255.0
46,2,1409.91,641.63,1581.33,254.0
46,3,1397.54,642.33,1578.91,253.0
46,4,1396.42,642.0,1583.15,252.0
46,5,1398.25,641.83,1586.45,251.0
46,6,1400.48,642.42,1585.59,250.0
46,7,1398.44,641.93,1584.73,249.0
46,8,1402.27,642.07,1592.24,248.0
46,9,1400.12,641.96,1575.2,247.0
46,10,1400.74,641.89,1584.45,246.0
46,11,1392.87,642.35,1580.72,245.0
46,12,1396.65,642.27,1579.14,244.0
46,13,1395.55,641.96,1578.4,243.0
46,14,1398.12,642.44,1590.72,242.0
46,15,1394.38,642.53,1595.76,241.0
46,16,1393.89,642.43,1580.42,240.0
46,17,1400.88,641.81,1582.04,239.0
46,18,1406.51,642.48,1577.11,238.0
46,19,1399.89,642.22,1586.32,237.0
46,20,1396.41,641.98,1578.05,236.0
46,21,1400.84,641.66,1593.58,235.0
46,22,1396.03,642.2,1589.03,234.0
46,23,1393.88,642.09,1577.46,233.0
46,24,1406.26,641.54,1586.69,232.0
46,25,1399.16,641.9,1583.38,231.0
46,26,1397.53,642.09,1581.7,230.0
46,27,1395.56,642.75,1582.76,229.0
46,28,1400.69,641.25,1584.57,228.0
46,29,1398.68,642.19,1577.07,227.0
46,30,1397.7,642.33,1578.99,226.0
46,31,1396.89,642.35,1586.94,225.0
46,32,1403.01,641.39,1584.24,224.0
46,33,1400.78,642.32,1586.57,223.0
46,34,1390.82,642.28,1584.32,222.0
46,35,1396.24,641.91,1585.18,221.0
46,36,1398.65,642.14,1582.79,220.0
46,37,1399.04,642.44,1589.08,219.0
46,38,1398.42,641.8,1592.73,218.0
46,39,1400.02,642.51,1587.55,217.0
46,40,1402.52,642.26,1582.52,216.0
46,41,1402.66,642.06,1586.78,215.0
46,42,1402.43,642.58,1580.61,214.0
46,43,1398.94,641.91,1587.01,213.0
46,44,1400.49,642.1,1585.31,212.0
46,45,1397.49,642.03,1582.99,211.0
46,46,1403.21,642.31,1585.1,210.0
46,47,1394.22,642.1,1587.82,209.0
46,48,1396.17,641.72,1586.79,208.0
46,49,1402.59,642.19,1584.21,207.0
46,50,1399.0,641.88,1583.42,206.0
46,51,1397.22,642.52,1585.09,205.0
46,52,1402.92,641.98,1584.31,204.0
46,53,1393.6,641.49,1586.15,203.0
46,54,1403.39,641.79,1585.71,202.0
46,55,1399.69,641.58,1587.89,201.0
46,56,1392.32,641.85,1583.58,200.0
46,57,1396.11,641.39,1577.48,199.0
46,58,1394.52,641.87,1587.2,198.0
46,59,1398.98,642.26,1593.24,197.0
46,60,1394.38,642.27,1591.28,196.0
46,61,1396.3,642.06,1575.38,195.0
46,62,1396.19,642.55,1583.99,194.0
46,63,1397.2,641.74,1588.73,193.0
46,64,1393.84,642.02,1579.38,192.0
46,65,1403.07,642.41,1580.93,191.0
46,66,1397.46,642.06,1582.64,190.0
46,67,1407.56,642.16,1586.12,189.0
46,68,1395.15,642.06,1581.71,188.0
46,69,1395.81,641.88,1581.09,187.0
46,70,1400.05,642.03,1596.28,186.0
46,71,1399.9,642.22,1579.76,185.0
46,72,1398.18,642.15,1589.85,184.0
46,73,1406.88,642.67,1587.78,183.0
46,74,1408.11,641.8,1588.06,182.0
46,75,1403.82,642.34,1586.19,181.0
46,76,1399.72,642.15,1583.52,180.0
46,77,1396.77,642.25,1583.0,179.0
46,78,1396.5,642.34,1582.61,178.0
46,79,1399.42,642.56,1586.46,177.0
46,80,1396.54,642.28,1584.89,176.0
46,81,1407.25,642.45,1583.75,175.0
46,82,1401.64,641.85,1578.57,174.0
46,83,1402.18,642.81,1585.51,173.0
46,84,1397.6,642.56,1586.77,172.0
46,85,1401.49,642.2,1583.17,171.0
46,86,1401.22,642.01,1585.1,170.0
46,87,1397.32,642.09,1577.48,169.0
46,88,1402.9,642.17,1584.29,168.0
46,89,1400.32,641.94,1585.92,167.0
46,90,1397.15,642.26,1583.33,166.0
46,91,1395.06,642.2,1582.65,165.0
46,92,1391.34,642.17,1586.37,164.0
46,93,1399.69,641.77,1583.12,163.0
46,94,1399.85,641.63,1582.07,162.0
46,95,1391.34,641.95,1589.76,161.0
46,96,1395.81,642.35,1584.95,160.0
46,97,1400.53,642.25,1589.59,159.0
46,98,1401.72,642.45,1582.07,158.0
46,99,1395.97,642.12,1583.66,157.0
46,100,1400.26,642.09,1589.3,156.0
46,101,1402.98,642.25,1584.69,155.0
46,102,1401.17,642.14,1589.9,154.0
46,103,1399.28,642.31,1589.09,153.0
46,104,1398.41,642.33,1586.11,152.0
46,105,1403.97,642.06,1581.5,151.0
46,106,1404.25,642.56,1588.31,150.0
46,107,1403.38,642.09,1585.39,149.0
46,108,1396.58,642.3,1584.56,148.0
46,109,1402.55,642.17,1584.41,147.0
46,110,1406.25,642.03,1589.15,146.0
46,111,1409.16,641.86,1578.0,145.0
46,112,1405.23,642.11,1588.49,144.0
46,113,1398.14,642.87,1579.88,143.0
46,114,1403.2,642.41,1584.35,142.0
46,115,1396.37,642.06,1580.11,141.0
46,116,1396.1,642.12,1576.85,140.0
46,117,1399.41,641.61,1590.28,139.0
46,118,1403.76,642.82,1585.61,138.0
46,119,1403.84,642.36,1580.69,137.0
46,120,1402.52,642.22,1589.39,136.0
46,121,1403.22,643.06,1588.51,135.0
46,122,1402.71,642.32,1590.31,134.0
46,123,1404.42,642.24,1585.83,133.0
46,124,1397.0,642.34,1591.26,132.0
46,125,1397.6,642.07,1585.72,131.0
46,126,1401.24,642.47,1584.82,130.0
46,127,1398.11,642.57,1576.26,129.0
46,128,1401.05,642.07,1591.44,128.0
46,129,1401.19,642.06,1588.78,127.0
46,130,1401.71,642.12,1585.19,126.0
46,131,1402.75,642.65,1590.0,125.0
46,132,1399.16,642.36,1593.0,124.0
46,133,1402.53,642.32,1587.8,123.0
46,134,1397.17,642.48,1584.94,122.0
46,135,1400.67,642.46,1581.75,121.0
46,136,1398.29,642.74,1589.92,120.0
46,137,1394.91,642.35,1584.34,119.0
46,138,1399.29,642.21,1581.99,118.0
46,139,1398.9,642.23,1578.2,117.0
46,140,1402.27,642.49,1585.37,116.0
46,141,1399.21,642.32,1588.41,115.0
46,142,1404.14,642.58,1597.06,114.0
46,143,1410.27,642.42,1576.86,113.0
46,144,1398.11,642.39,1585.54,112.0
46,145,1402.98,642.41,1583.38,111.0
46,146,1400.02,642.87,1585.59,110.0
46,147,1400.17,642.63,1587.11,109.0
46,148,1391.66,641.98,1586.2,108.0
46,149,1407.4,642.27,1599.0,107.0
46,150,1405.9,642.53,1588.86,106.0
46,151,1399.71,642.59,1591.88,105.0
46,152,1406.12,642.19,1589.74,104.0
46,153,1398.14,642.38,1592.88,103.0
46,154,1402.48,642.44,1581.87,102.0
46,155,1407.71,642.82,1584.59,101.0
46,156,1406.28,642.15,1582.61,100.0
46,157,1408.52,642.41,1585.54,99.0
46,158,1398.19,642.65,1584.83,98.0
46,159,1406.27,642.45,1584.8,97.0
46,160,1404.36,642.22,1590.53,96.0
46,161,1409.91,642.21,1589.13,95.0
46,162,1403.82,642.35,1584.18,94.0
46,163,1403.75,642.54,1591.17,93.0
46,164,1406.39,642.51,1592.86,92.0
46,165,1406.71,641.79,1591.36,91.0
46,166,1413.01,642.28,1589.3,90.0
46,167,1410.44,642.78,1589.49,89.0
46,168,1402.62,642.36,1581.13,88.0
46,169,1412.88,642.59,1589.57,87.0
46,170,1401.72,641.97,1584.25,86.0
46,171,1399.5,642.08,1585.77,85.0
46,172,1400.21,642.8,1591.14,84.0
46,173,1407.57,642.45,1590.03,83.0
46,174,1405.46,642.67,1590.89,82.0
46,175,1410.57,642.45,1592.7,81.0
46,176,1406.87,642.93,1592.43,80.0
46,177,1398.33,642.52,1595.76,79.0
46,178,1404.84,642.37,1590.92,78.0
46,179,1410.92,642.91,1589.62,77.0
46,180,1409.72,642.68,1588.08,76.0
46,181,1403.43,642.5,1591.55,75.0
46,182,1403.75,642.8,1590.19,74.0
46,183,1412.53,642.71,1589.82,73.0
46,184,1405.93,642.43,1586.52,72.0
46,185,1403.91,643.14,1588.13,71.0
46,186,1406.41,642.46,1586.31,70.0
46,187,1404.1,642.66,1590.92,69.0
46,188,1401.12,642.67,1592.47,68.0
46,189,1413.48,642.75,1584.23,67.0
46,190,1403.57,642.87,1585.6,66.0
46,191,1411.98,642.46,1594.04,65.0
46,192,1407.14,642.32,1590.97,64.0
46,193,1412.8,642.6,1583.92,63.0
46,194,1405.65,642.9,1590.96,62.0
46,195,1409.92,642.95,1594.64,61.0
46,196,1412.13,642.63,1594.68,60.0
46,197,1410.07,642.53,1585.77,59.0
46,198,1416.63,643.29,1595.46,58.0
46,199,1418.39,642.37,1594.03,57.0
46,200,1413.03,642.84,1590.0,56.0
46,201,1410.45,642.76,1597.84,55.0
46,202,1407.87,642.9,1587.11,54.0
46,203,1415.19,643.24,1593.95,53.0
46,204,1408.69,642.89,1590.84,52.0
46,205,1412.51,642.17,1586.56,51.0
46,206,1409.29,642.67,1595.42,50.0
46,207,1414.38,642.96,1583.59,49.0
46,208,1409.99,642.38,1590.81,48.0
46,209,1405.62,643.77,1591.19,47.0
46,210,1413.19,643.12,1593.6,46.0
46,211,1418.27,642.57,1588.32,45.0
46,212,1414.68,642.95,1591.71,44.0
46,213,1412.55,643.06,1593.17,43.0
46,214,1419.95,643.12,1590.3,42.0
46,215,1414.73,642.93,1593.56,41.0
46,216,1421.8,642.99,1593.96,40.0
46,217,1415.76,642.88,1602.49,39.0
46,218,1424.43,642.72,1596.36,38.0
46,219,1411.71,643.32,1589.54,37.0
46,220,1422.97,643.34,1590.47,36.0
46,221,1418.26,642.98,1597.19,35.0
46,222,1416.66,642.88,1593.61,34.0
46,223,1411.61,642.98,1589.55,33.0
46,224,1414.86,642.97,1588.82,32.0
46,225,1418.5,643.45,1596.3,31.0
46,226,1415.17,642.81,1596.51,30.0
46,227,1409.57,642.97,1593.94,29.0
46,228,1413.37,642.75,1588.39,28.0
46,229,1428.51,643.35,1589.93,27.0
46,230,1420.94,643.72,1594.68,26.0
46,231,1423.59,643.11,1593.33,25.0
46,232,1415.79,642.88,1591.95,24.0
46,233,1416.7,643.05,1588.18,23.0
46,234,1420.76,642.81,1596.73,22.0
46,235,1420.9,643.47,1603.38,21.0
46,236,1416.92,643.12,1595.44,20.0
46,237,1410.64,643.08,1594.62,19.0
46,238,1423.18,643.2,1598.58,18.0
46,239,1422.03,643.68,1597.92,17.0
46,240,1424.97,643.0,1595.13,16.0
46,241,1424.73,642.72,1596.83,15.0
46,242,1427.35,642.97,1600.41,14.0
46,243,1421.55,643.45,1601.32,13.0
46,244,1419.28,643.63,1594.24,12.0
46,245,1422.32,643.13,1603.5,11.0
46,246,1430.25,643.59,1598.63,10.0
46,247,1424.21,643.2,1606.34,9.0
46,248,1427.26,643.71,1596.39,8.0
46,249,1428.19,643.26,1598.26,7.0
46,250,1427.77,643.7,1603.89,6.0
46,251,1426.78,643.71,1601.83,5.0
46,252,1426.03,643.74,1604.29,4.0
46,253,1425.3,644.27,1601.35,3.0
46,254,1430.12,643.9,1595.95,2.0
46,255,1429.98,643.75,1602.1,1.0
46,256,1433.99,644.44,1602.57,0.0
47,1,1402.34,642.27,1581.75,213.0
47,2,1401.33,642.6,1575.94,212.0
47,3,1398.87,641.69,1584.8,211.0
47,4,1387.93,642.01,1578.91,210.0
47,5,1397.29,641.86,1591.14,209.0
47,6,1397.98,641.82,1571.99,208.0
47,7,1406.01,641.85,1584.89,207.0
47,8,1397.07,641.62,1587.61,206.0
47,9,1396.05,641.81,1581.84,205.0
47,10,1400.35,641.86,1587.28,204.0
47,11,1398.69,641.95,1577.31,203.0
47,12,1404.15,642.14,1582.58,202.0
47,13,1399.37,642.37,1581.81,201.0
47,14,1395.7,642.08,1578.29,200.0
47,15,1396.66,642.11,1590.53,199.0
47,16,1398.9,642.02,1588.73,198.0
47,17,1393.7,641.94,1580.17,197.0
47,18,1400.7,642.56,1585.06,196.0
47,19,1395.54,642.2,1582.16,195.0
47,20,1405.51,641.98,1579.78,194.0
47,21,1408.07,641.8,1586.68,193.0
47,22,1398.95,641.88,1588.12,192.0
47,23,1405.64,642.33,1589.08,191.0
47,24,1400.66,641.97,1581.26,190.0
47,25,1397.31,641.97,1576.05,189.0
47,26,1403.91,642.01,1584.22,188.0
47,27,1404.14,641.35,1582.95,187.0
47,28,1400.8,642.39,1586.61,186.0
47,29,1396.1,641.98,1582.56,185.0
47,30,1393.06,641.88,1579.53,184.0
47,31,1393.44,642.18,1581.87,183.0
47,32,1392.99,643.04,1583.57,182.0
47,33,1402.32,642.78,1587.47,181.0
47,34,1402.53,642.43,1588.71,180.0
47,35,1397.95,642.82,1580.7,179.0
47,36,1395.97,642.19,1582.73,178.0
47,37,1395.16,642.43,1584.72,177.0
47,38,1399.56,641.77,1585.13,176.0
47,39,1401.82,641.68,1584.17,175.0
47,40,1398.57,642.22,1584.92,174.0
47,41,1395.16,642.1,1587.49,173.0
47,42,1401.27,642.3,1577.88,172.0
47,43,1402.6,642.4,1586.97,171.0
47,44,1397.36,642.25,1587.39,170.0
47,45,1395.63,642.81,1583.7,169.0
47,46,1403.93,642.14,1590.31,168.0
47,47,1392.74,642.07,1586.49,167.0
47,48,1400.99,641.94,1589.09,166.0
47,49,1398.19,642.52,1587.69,165.0
47,50,1395.11,641.9,1582.73,164.0
47,51,1402.21,641.81,1574.52,163.0
47,52,1399.8,642.51,1583.03,162.0
47,53,1401.24,641.92,1579.32,161.0
47,54,1392.59,642.31,1585.36,160.0
47,55,1397.11,642.0,1575.47,159.0
47,56,1394.51,642.1,1584.43,158.0
47,57,1400.94,642.16,1586.05,157.0
47,58,1405.6,641.68,1589.86,156.0
47,59,1401.18,641.92,1578.76,155.0
47,60,1394.72,641.78,1585.71,154.0
47,61,1408.5,641.57,1584.27,153.0
47,62,1398.9,641.99,1585.13,152.0
47,63,1410.9,642.47,1586.03,151.0
47,64,1394.21,642.22,1584.91,150.0
47,65,1405.33,641.83,1581.59,149.0
47,66,1394.33,642.4,1584.11,148.0
47,67,1400.62,642.07,1583.78,147.0
47,68,1392.88,642.11,1583.42,146.0
47,69,1390.08,642.49,1584.51,145.0
47,70,1403.26,642.47,1582.76,144.0
47,71,1396.32,641.75,1582.75,143.0
47,72,1402.9,642.5,1578.69,142.0
47,73,1404.29,642.25,1580.98,141.0
47,74,1392.6,641.75,1584.17,140.0
47,75,1400.37,642.66,1584.61,139.0
47,76,1400.9,642.46,1578.97,138.0
47,77,1395.13,642.2,1584.25,137.0
47,78,1404.65,642.47,1584.68,136.0
47,79,1401.6,642.35,1587.21,135.0
47,80,1395.98,642.7,1586.8,134.0
47,81,1402.91,641.75,1584.43,133.0
47,82,1404.18,642.3,1587.32,132.0
47,83,1396.24,642.02,1587.69,131.0
47,84,1395.91,642.5,1582.47,130.0
47,85,1401.33,642.25,1585.16,129.0
47,86,1397.12,642.49,1588.2,128.0
47,87,1401.77,641.96,1581.52,127.0
47,88,1400.54,642.64,1585.66,126.0
47,89,1404.45,642.83,1585.81,125.0
47,90,1403.15,642.23,1588.38,124.0
47,91,1407.84,642.06,1581.02,123.0
47,92,1392.23,642.38,1591.43,122.0
47,93,1402.2,642.21,1585.38,121.0
47,94,1403.6,642.18,1579.57,120.0
47,95,1397.43,642.21,1593.68,119.0
47,96,1401.09,642.14,1581.19,118.0
47,97,1402.92,642.15,1584.34,117.0
47,98,1396.84,641.42,1583.37,116.0
47,99,1404.53,642.58,1581.79,115.0
47,100,1401.92,642.08,1585.68,114.0
47,101,1399.9,641.96,1591.32,113.0
47,102,1402.69,642.66,1582.29,112.0
47,103,1404.6,642.98,1588.43,111.0
47,104,1398.75,642.49,1585.78,110.0
47,105,1404.37,642.09,1588.22,109.0
47,106,1409.09,642.07,1575.03,108.0
47,107,1405.92,641.99,1585.05,107.0
47,108,1401.48,642.69,1584.46,106.0
47,109,1414.4,642.33,1592.21,105.0
47,110,1403.36,642.46,1580.4,104.0
47,111,1411.44,642.82,1585.75,103.0
47,112,1401.81,642.06,1592.48,102.0
47,113,1405.17,642.18,1584.18,101.0
47,114,1410.45,642.19,1585.06,100.0
47,115,1404.52,642.26,1587.72,99.0
47,116,1399.63,642.87,1584.7,98.0
47,117,1407.32,642.15,1586.76,97.0
47,118,1395.94,642.24,1585.84,96.0
47,119,1408.39,641.88,1587.51,95.0
47,120,1399.21,642.14,1593.16,94.0
47,121,1402.36,642.37,1588.91,93.0
47,122,1399.27,642.05,1588.81,92.0
47,123,1405.05,642.28,1585.77,91.0
47,124,1405.08,642.98,1586.0,90.0
47,125,1406.34,642.1,1586.56,89.0
47,126,1411.11,642.35,1586.81,88.0
47,127,1405.95,642.33,1588.33,87.0
47,128,1404.22,642.55,1589.6,86.0
47,129,1402.94,642.35,1583.8,85.0
47,130,1406.25,642.47,1590.18,84.0
47,131,1401.11,642.4,1579.94,83.0
47,132,1411.1,641.79,1583.46,82.0
47,133,1401.96,642.72,1593.37,81.0
47,134,1400.58,642.84,1582.69,80.0
47,135,1407.0,641.86,1595.35,79.0
47,136,1406.68,642.74,1588.33,78.0
47,137,1401.39,642.7,1589.12,77.0
47,138,1411.46,642.45,1589.6,76.0
47,139,1408.4,642.57,1584.05,75.0
47,140,1399.76,642.84,1589.97,74.0
47,141,1413.07,642.65,1588.13,73.0
47,142,1408.59,642.72,1580.05,72.0
47,143,1405.27,642.7,1587.59,71.0
47,144,1401.06,642.14,1589.38,70.0
47,145,1399.62,642.65,1588.8,69.0
47,146,1406.7,642.43,1586.78,68.0
47,147,1404.59,642.62,1597.94,67.0
47,148,1405.85,642.56,1589.14,66.0
47,149,1402.6,642.25,1589.77,65.0
47,150,1405.4,642.83,1588.18,64.0
47,151,1404.79,642.57,1590.14,63.0
47,152,1401.36,642.14,1591.49,62.0
47,153,1415.96,642.39,1591.33,61.0
47,154,1412.01,642.71,1591.36,60.0
47,155,1414.5,643.1,1586.7,59.0
47,156,1413.24,642.45,1588.64,58.0
47,157,1407.19,642.78,1585.01,57.0
47,158,1411.36,643.21,1590.29,56.0
47,159,1412.21,642.53,1592.17,55.0
47,160,1405.85,642.49,1591.0,54.0
47,161,1403.99,642.75,1595.15,53.0
47,162,1410.46,643.19,1596.5,52.0
47,163,1403.14,642.68,1595.57,51.0
47,164,1415.32,643.57,1590.89,50.0
47,165,1417.79,642.63,1595.56,49.0
47,166,1409.8,642.87,1591.43,48.0
47,167,1407.03,643.15,1591.64,47.0
47,168,1420.46,641.92,1589.02,46.0
47,169,1409.48,643.02,1597.23,45.0
47,170,1409.65,643.0,1590.81,44.0
47,171,1411.85,642.69,1592.59,43.0
47,172,1420.82,642.83,1593.27,42.0
47,173,1408.5,642.76,1589.72,41.0
47,174,1416.84,642.73,1603.82,40.0
47,175,1414.65,643.37,1586.66,39.0
47,176,1412.74,643.2,1588.0,38.0
47,177,1410.96,642.59,1591.89,37.0
47,178,1419.35,643.0,1589.3,36.0
47,179,1409.71,642.74,1599.01,35.0
47,180,1413.38,643.11,1595.48,34.0
47,181,1412.54,643.25,1596.7,33.0
47,182,1415.35,642.92,1602.84,32.0
47,183,1417.87,643.47,1593.24,31.0
47,184,1414.17,643.28,1600.34,30.0
47,185,1414.65,643.2,1589.6,29.0
47,186,1420.9,643.03,1597.18,28.0
47,187,1415.94,643.1,1591.92,27.0
47,188,1422.6,642.79,1594.86,26.0
47,189,1416.07,643.6,1588.23,25.0
47,190,1417.1,642.58,1599.1,24.0
47,191,1410.03,642.93,1599.84,23.0
47,192,1419.79,643.23,1597.43,22.0
47,193,1415.5,643.8,1603.73,21.0
47,194,1425.64,643.52,1595.3,20.0
47,195,1422.83,643.19,1599.61,19.0
47,196,1417.23,643.63,1597.71,18.0
47,197,1419.36,642.95,1605.33,17.0
47,198,1424.51,642.75,1595.13,16.0
47,199,1424.43,643.28,1599.02,15.0
47,200,1426.1,643.08,1596.65,14.0
47,201,1415.24,643.6,1593.02,13.0
47,202,1422.52,643.1,1600.95,12.0
47,203,1426.57,643.41,1593.11,11.0
47,204,1436.65,642.93,1604.59,10.0
47,205,1426.06,643.65,1604.96,9.0
47,206,1425.61,643.19,1598.99,8.0
47,207,1426.49,643.31,1605.32,7.0
47,208,1420.91,644.02,1598.2,6.0
47,209,1427.12,643.22,1597.77,5.0
47,210,1422.21,643.78,1606.28,4.0
47,211,1433.16,642.96,1605.71,3.0
47,212,1427.67,643.4,1600.06,2.0
47,213,1422.89,643.9,1604.52,1.0
47,214,1433.3,643.5,1602.64,0.0
48,1,1403.88,642.39,1576.34,230.0
48,2,1401.49,642.06,1581.14,229.0
48,3,1404.37,642.07,1584.44,228.0
48,4,1395.88,642.16,1585.47,227.0
48,5,1400.11,642.84,1586.98,226.0
48,6,1404.26,642.25,1587.09,225.0
48,7,1399.55,642.3,1582.04,224.0
48,8,1397.54,641.9,1576.47,223.0
48,9,1396.15,642.04,1583.9,222.0
48,10,1394.31,642.86,1583.54,221.0
48,11,1401.42,642.33,1581.65,220.0
48,12,1396.97,642.4,1590.97,219.0
48,13,1395.69,642.69,1581.93,218.0
48,14,1394.82,642.28,1587.36,217.0
48,15,1394.65,642.17,1587.61,216.0
48,16,1389.4,642.13,1586.28,215.0
48,17,1395.88,641.99,1588.51,214.0
48,18,1396.3,641.72,1584.75,213.0
48,19,1395.01,642.57,1585.16,212.0
48,20,1403.8,641.78,1584.29,211.0
48,21,1398.66,641.93,1580.07,210.0
48,22,1409.48,642.34,1585.29,209.0
48,23,1401.51,642.51,1572.34,208.0
48,24,1399.38,642.16,1587.86,207.0
48,25,1390.8,642.04,1581.05,206.0
48,26,1396.71,642.17,1588.21,205.0
48,27,1395.44,642.32,1583.89,204.0
48,28,1400.78,641.94,1578.18,203.0
48,29,1396.77,641.87,1589.61,202.0
48,30,1393.3,641.98,1590.33,201.0
48,31,1398.14,642.28,1587.01,200.0
48,32,1399.54,642.58,1584.43,199.0
48,33,1398.03,642.27,1582.17,198.0
48,34,1401.23,642.31,1576.99,197.0
48,35,1393.4,641.84,1583.47,196.0
48,36,1406.3,642.2,1589.6,195.0
48,37,1395.63,642.45,1583.54,194.0
48,38,1403.58,642.52,1583.12,193.0
48,39,1403.94,642.17,1584.48,192.0
48,40,1402.27,642.37,1580.52,191.0
48,41,1398.46,641.92,1592.88,190.0
48,42,1396.98,641.86,1591.61,189.0
48,43,1398.16,641.95,1587.48,188.0
48,44,1400.69,642.02,1588.3,187.0
48,45,1406.77,642.43,1583.17,186.0
48,46,1404.53,642.1,1591.04,185.0
48,47,1394.9,642.22,1586.22,184.0
48,48,1396.86,641.83,1583.38,183.0
48,49,1408.52,642.54,1589.97,182.0
48,50,1400.48,642.12,1590.3,181.0
48,51,1400.15,642.23,1581.67,180.0
48,52,1401.76,642.28,1584.95,179.0
48,53,1400.43,642.13,1584.49,178.0
48,54,1399.05,642.54,1575.01,177.0
48,55,1400.9,642.5,1583.85,176.0
48,56,1391.58,642.25,1587.02,175.0
48,57,1403.2,642.18,1590.35,174.0
48,58,1402.41,642.01,1585.1,173.0
48,59,1398.39,642.23,1578.8,172.0
48,60,1392.42,641.96,1586.16,171.0
48,61,1399.36,642.01,1586.52,170.0
48,62,1403.23,641.88,1592.04,169.0
48,63,1398.86,641.88,1585.01,168.0
48,64,1399.85,642.28,1586.88,167.0
48,65,1392.72,642.23,1587.09,166.0
48,66,1406.96,642.39,1580.02,165.0
48,67,1404.21,642.53,1585.13,164.0
48,68,1401.44,642.23,1583.38,163.0
48,69,1396.62,642.17,1582.02,162.0
48,70,1401.9,642.53,1588.61,161.0
48,71,1399.17,642.39,1585.74,160.0
48,72,1400.71,642.08,1589.47,159.0
48,73,1397.73,642.27,1590.06,158.0
48,74,1400.9,642.03,1578.3,157.0
48,75,1400.42,642.01,1587.37,156.0
48,76,1396.48,642.77,1587.9,155.0
48,77,1399.73,642.68,1586.78,154.0
48,78,1391.09,641.83,1587.16,153.0
48,79,1397.4,642.55,1583.0,152.0
48,80,1395.96,642.1,1587.39,151.0
48,81,1396.2,641.83,1584.25,150.0
48,82,1404.42,642.65,1587.84,149.0
48,83,1399.29,642.58,1589.08,148.0
48,84,1403.77,642.16,1584.08,147.0
48,85,1400.3,642.53,1587.82,146.0
48,86,1393.24,642.1,1582.17,145.0
48,87,1398.08,642.43,1583.44,144.0
48,88,1405.22,642.53,1588.09,143.0
48,89,1400.71,641.92,1588.82,142.0
48,90,1408.35,642.39,1584.2,141.0
48,91,1407.43,643.01,1588.81,140.0
48,92,1402.49,642.11,1582.91,139.0
48,93,1401.94,641.81,1588.72,138.0
48,94,1400.85,642.35,1590.94,137.0
48,95,1396.02,642.5,1583.11,136.0
48,96,1403.77,642.24,1589.59,135.0
48,97,1401.46,642.13,1580.52,134.0
48,98,1404.85,642.36,1581.34,133.0
48,99,1404.64,642.79,1582.66,132.0
48,100,1397.66,642.38,1591.08,131.0
48,101,1402.75,641.95,1589.3,130.0
48,102,1404.51,642.05,1587.96,129.0
48,103,1402.82,641.91,1584.21,128.0
48,104,1397.78,642.21,1584.14,127.0
48,105,1397.38,642.3,1587.08,126.0
48,106,1402.06,642.54,1584.65,125.0
48,107,1399.73,642.97,1580.2,124.0
48,108,1403.39,642.43,1583.52,123.0
48,109,1399.29,642.96,1577.68,122.0
48,110,1398.75,642.52,1584.89,121.0
48,111,1402.74,642.11,1579.14,120.0
48,112,1404.72,642.46,1587.86,119.0
48,113,1395.82,642.23,1586.49,118.0
48,114,1396.42,642.22,1586.35,117.0
48,115,1393.97,642.22,1583.95,116.0
48,116,1404.9,642.24,1593.76,115.0
48,117,1406.38,642.39,1580.64,114.0
48,118,1399.51,642.2,1586.34,113.0
48,119,1390.45,642.18,1586.09,112.0
48,120,1401.07,642.44,1588.55,111.0
48,121,1399.93,642.03,1589.41,110.0
48,122,1400.63,642.3,1586.82,109.0
48,123,1396.62,641.93,1592.87,108.0
48,124,1405.08,641.75,1585.63,107.0
48,125,1397.73,642.3,1582.96,106.0
48,126,1400.93,642.45,1579.8,105.0
48,127,1407.52,642.73,1586.03,104.0
48,128,1406.02,642.28,1585.67,103.0
48,129,1398.93,642.28,1580.19,102.0
48,130,1402.09,641.61,1595.71,101.0
48,131,1395.28,642.65,1586.1,100.0
48,132,1396.18,642.31,1590.47,99.0
48,133,1399.92,642.74,1586.64,98.0
48,134,1399.67,642.52,1587.53,97.0
48,135,1397.59,642.47,1591.14,96.0
48,136,1405.06,642.11,1582.87,95.0
48,137,1403.65,642.81,1586.86,94.0
48,138,1410.02,642.03,1586.7,93.0
48,139,1408.99,642.41,1583.75,92.0
48,140,1402.22,642.48,1583.78,91.0
48,141,1400.18,642.4,1579.98,90.0
48,142,1400.04,642.23,1587.81,89.0
48,143,1405.89,642.53,1586.18,88.0
48,144,1406.95,642.37,1588.01,87.0
48,145,1402.7,642.75,1581.33,86.0
48,146,1405.39,642.73,1584.24,85.0
48,147,1401.95,642.42,1594.6,84.0
48,148,1402.21,642.5,1588.13,83.0
48,149,1408.11,642.29,1587.15,82.0
48,150,1409.73,642.59,1585.96,81.0
48,151,1400.86,642.33,1585.5,80.0
48,152,1412.93,642.31,1590.34,79.0
48,153,1397.83,642.68,1594.39,78.0
48,154,1400.94,642.16,1585.91,77.0
48,155,1406.51,642.92,1587.86,76.0
48,156,1400.6,642.28,1590.67,75.0
48,157,1402.09,642.7,1592.57,74.0
48,158,1413.96,642.32,1590.45,73.0
48,159,1406.52,642.42,1582.51,72.0
48,160,1401.63,642.39,1585.96,71.0
48,161,1403.13,642.69,1588.77,70.0
48,162,1402.08,642.67,1588.73,69.0
48,163,1408.85,642.39,1588.28,68.0
48,164,1405.64,642.5,1585.7,67.0
48,165,1403.59,643.0,1591.63,66.0
48,166,1407.68,642.51,1587.01,65.0
48,167,1401.43,641.53,1591.51,64.0
48,168,1407.15,642.54,1583.44,63.0
48,169,1403.35,642.81,1582.34,62.0
48,170,1395.53,642.32,1601.41,61.0
48,171,1403.44,642.99,1592.53,60.0
48,172,1407.25,642.02,1595.99,59.0
48,173,1400.44,642.9,1590.64,58.0
48,174,1407.27,642.75,1584.64,57.0
48,175,1410.35,642.79,1597.99,56.0
48,176,1409.23,642.99,1589.6,55.0
48,177,1411.14,642.59,1589.32,54.0
48,178,1404.49,642.05,1585.45,53.0
48,179,1412.07,642.38,1588.41,52.0
48,180,1405.82,642.39,1595.3,51.0
48,181,1402.01,642.53,1592.39,50.0
48,182,1401.83,643.01,1585.15,49.0
48,183,1407.05,642.84,1594.15,48.0
48,184,1398.63,642.52,1591.88,47.0
48,185,1409.81,642.53,1598.55,46.0
48,186,1409.04,642.4,1590.33,45.0
48,187,1413.47,642.62,1599.39,44.0
48,188,1405.29,642.34,1593.36,43.0
48,189,1408.22,643.0,1589.45,42.0
48,190,1409.3,643.22,1589.68,41.0
48,191,1416.42,642.66,1586.88,40.0
48,192,1410.89,643.01,1595.3,39.0
48,193,1409.87,642.46,1596.92,38.0
48,194,1414.64,642.62,1592.95,37.0
48,195,1404.95,642.51,1587.81,36.0
48,196,1412.13,643.5,1590.29,35.0
48,197,1410.23,642.69,1592.0,34.0
48,198,1415.33,642.36,1585.28,33.0
48,199,1414.11,643.13,1594.73,32.0
48,200,1410.07,642.42,1591.26,31.0
48,201,1410.85,642.81,1598.64,30.0
48,202,1411.55,642.06,1590.76,29.0
48,203,1416.51,642.78,1596.3,28.0
48,204,1418.81,643.34,1587.42,27.0
48,205,1419.31,642.65,1588.68,26.0
48,206,1417.79,642.67,1596.45,25.0
48,207,1409.2,643.08,1600.75,24.0
48,208,1410.65,643.33,1591.12,23.0
48,209,1421.92,642.83,1596.06,22.0
48,210,1417.16,642.71,1600.12,21.0
48,211,1417.84,642.91,1600.75,20.0
48,212,1416.99,643.02,1594.41,19.0
48,213,1408.66,643.28,1597.42,18.0
48,214,1413.88,643.13,1594.97,17.0
48,215,1421.3,643.07,1601.76,16.0
48,216,1407.63,643.4,1601.0,15.0
48,217,1421.11,643.29,1594.66,14.0
48,218,1415.13,643.33,1598.76,13.0
48,219,1422.96,643.35,1601.96,12.0
48,220,1418.94,643.43,1600.6,11.0
48,221,1425.57,643.08,1598.16,10.0
48,222,1419.42,643.71,1603.59,9.0
48,223,1418.92,643.59,1604.0,8.0
48,224,1426.57,643.36,1606.43,7.0
48,225,1430.13,643.87,1598.18,6.0
48,226,1419.28,642.95,1604.22,5.0
48,227,1426.16,643.75,1608.61,4.0
48,228,1420.08,643.82,1598.89,3.0
48,229,1425.22,644.18,1600.93,2.0
48,230,1429.6,643.39,1600.58,1.0
48,231,1435.19,644.02,1609.54,0.0
49,1,1401.2,642.31,1595.57,214.0
49,2,1400.51,642.37,1583.9,213.0
49,3,1408.52,643.07,1588.82,212.0
49,4,1410.89,642.74,1589.17,211.0
49,5,1406.88,642.67,1597.75,210.0
49,6,1406.92,642.48,1591.5,209.0
49,7,1403.15,642.79,1586.42,208.0
49,8,1402.64,642.84,1583.72,207.0
49,9,1408.57,642.54,1589.21,206.0
49,10,1402.66,642.1,1582.51,205.0
49,11,1406.77,642.65,1586.08,204.0
49,12,1404.06,641.96,1591.5,203.0
49,13,1389.68,642.66,1584.42,202.0
49,14,1412.11,642.46,1582.09,201.0
49,15,1406.92,642.69,1586.17,200.0
49,16,1405.52,642.53,1588.85,199.0
49,17,1410.71,642.56,1593.82,198.0
49,18,1406.56,642.75,1593.13,197.0
49,19,1396.56,642.42,1581.02,196.0
49,20,1406.91,642.7,1586.6,195.0
49,21,1401.38,642.28,1597.79,194.0
49,22,1404.09,642.91,1588.33,193.0
49,23,1408.5,642.27,1588.82,192.0
49,24,1408.63,643.54,1581.77,191.0
49,25,1404.64,643.03,1590.76,190.0
49,26,1408.56,642.17,1589.64,189.0
49,27,1409.84,642.41,1592.51,188.0
49,28,1405.18,642.25,1584.27,187.0
49,29,1411.59,643.17,1589.79,186.0
49,30,1402.61,642.59,1584.97,185.0
49,31,1403.36,642.51,1589.2,184.0
49,32,1409.03,642.93,1589.06,183.0
49,33,1408.19,642.05,1590.63,182.0
49,34,1404.79,642.65,1593.91,181.0
49,35,1404.67,643.45,1590.74,180.0
49,36,1404.88,641.9,1591.63,179.0
49,37,1408.03,642.49,1592.13,178.0
49,38,1409.77,642.64,1583.5,177.0
49,39,1404.45,642.39,1582.69,176.0
49,40,1410.14,642.29,1585.78,175.0
49,41,1411.41,642.77,1589.44,174.0
49,42,1401.27,642.81,1591.09,173.0
49,43,1407.63,642.41,1586.5,172.0
49,44,1410.46,642.46,1586.31,171.0
49,45,1405.66,642.58,1587.28,170.0
49,46,1415.29,642.26,1594.31,169.0
49,47,1409.25,642.58,1592.7,168.0
49,48,1405.65,642.32,1585.86,167.0
49,49,1407.57,642.48,1584.77,166.0
49,50,1403.72,642.35,1587.4,165.0
49,51,1404.47,642.1,1593.78,164.0
49,52,1403.74,642.44,1589.79,163.0
49,53,1404.18,642.09,1593.19,162.0
49,54,1403.5,642.57,1589.47,161.0
49,55,1409.4,642.66,1593.9,160.0
49,56,1412.24,642.43,1595.59,159.0
49,57,1402.66,642.28,1587.92,158.0
49,58,1409.13,642.95,1592.41,157.0
49,59,1409.11,642.43,1589.59,156.0
49,60,1402.88,642.73,1595.22,155.0
49,61,1410.74,642.92,1596.38,154.0
49,62,1411.51,642.92,1594.92,153.0
49,63,1408.98,642.19,1586.72,152.0
49,64,1408.2,642.73,1602.22,151.0
49,65,1407.33,642.33,1594.69,150.0
49,66,1412.31,642.64,1590.76,149.0
49,67,1406.63,642.05,1583.12,148.0
49,68,1415.83,643.14,1584.12,147.0
49,69,1405.75,642.25,1585.18,146.0
49,70,1410.67,642.89,1587.82,145.0
49,71,1407.86,642.49,1592.68,144.0
49,72,1406.75,642.49,1587.98,143.0
49,73,1412.9,642.83,1581.49,142.0
49,74,1417.38,642.55,1589.2,141.0
49,75,1406.02,643.03,1587.12,140.0
49,76,1412.26,642.54,1586.46,139.0
49,77,1412.17,642.45,1586.36,138.0
49,78,1411.91,643.28,1596.87,137.0
49,79,1406.54,642.77,1586.31,136.0
49,80,1411.07,642.71,1591.58,135.0
49,81,1413.28,643.05,1596.82,134.0
49,82,1410.41,642.71,1587.19,133.0
49,83,1411.53,642.96,1584.66,132.0
49,84,1409.7,642.69,1594.57,131.0
49,85,1407.77,642.75,1594.64,130.0
49,86,1405.42,642.9,1587.98,129.0
49,87,1411.49,642.13,1594.83,128.0
49,88,1411.61,642.73,1590.17,127.0
49,89,1404.61,642.35,1592.32,126.0
49,90,1412.16,642.55,1598.89,125.0
49,91,1403.77,642.89,1594.01,124.0
49,92,1410.7,642.65,1584.1,123.0
49,93,1408.16,643.02,1593.62,122.0
49,94,1404.21,642.85,1598.51,121.0
49,95,1404.04,642.59,1591.74,120.0
49,96,1412.07,642.67,1591.06,119.0
49,97,1412.59,642.85,1590.23,118.0
49,98,1418.35,642.67,1583.72,117.0
49,99,1410.44,643.3,1589.48,116.0
49,100,1408.95,642.55,1587.58,115.0
49,101,1407.76,642.64,1584.88,114.0
49,102,1406.31,642.21,1595.3,113.0
49,103,1408.27,642.66,1589.73,112.0
49,104,1410.59,642.26,1586.04,111.0
49,105,1406.62,642.7,1594.92,110.0
49,106,1416.69,643.03,1588.9,109.0
49,107,1408.18,642.65,1591.83,108.0
49,108,1405.7,642.33,1599.75,107.0
49,109,1411.15,642.72,1592.49,106.0
49,110,1409.69,642.73,1589.49,105.0
49,111,1407.06,642.99,1595.28,104.0
49,112,1406.83,642.75,1592.07,103.0
49,113,1411.27,642.57,1592.95,102.0
49,114,1411.2,642.61,1588.87,101.0
49,115,1415.31,643.18,1587.02,100.0
49,116,1405.01,642.81,1590.1,99.0
49,117,1407.67,643.17,1596.81,98.0
49,118,1416.41,642.89,1588.57,97.0
49,119,1411.27,643.1,1583.6,96.0
49,120,1410.25,642.63,1594.69,95.0
49,121,1413.19,642.88,1589.37,94.0
49,122,1413.56,642.21,1591.46,93.0
49,123,1411.09,642.99,1594.62,92.0
49,124,1411.18,642.49,1591.09,91.0
49,125,1409.5,643.12,1592.99,90.0
49,126,1403.94,643.05,1589.8,89.0
49,127,1404.83,642.62,1581.8,88.0
49,128,1417.94,642.61,1592.03,87.0
49,129,1407.12,642.86,1583.56,86.0
49,130,1408.89,642.46,1586.31,85.0
49,131,1415.46,642.74,1591.85,84.0
49,132,1415.01,643.06,1595.34,83.0
49,133,1408.2,643.19,1589.07,82.0
49,134,1418.93,642.81,1595.47,81.0
49,135,1416.63,642.85,1589.96,80.0
49,136,1409.45,642.89,1590.77,79.0
49,137,1415.05,643.04,1587.7,78.0
49,138,1408.44,642.46,1595.26,77.0
49,139,1418.85,643.15,1591.5,76.0
49,140,1412.54,642.58,1597.01,75.0
49,141,1414.95,642.95,1587.88,74.0
49,142,1414.31,642.83,1592.21,73.0
49,143,1419.28,642.61,1591.78,72.0
49,144,1415.31,643.31,1588.59,71.0
49,145,1412.29,642.58,1597.26,70.0
49,146,1420.95,642.83,1588.1,69.0
49,147,1413.08,643.06,1583.77,68.0
49,148,1419.15,643.71,1599.8,67.0
49,149,1406.58,642.32,1595.76,66.0
49,150,1411.83,642.72,1592.9,65.0
49,151,1407.43,642.37,1601.61,64.0
49,152,1420.99,642.93,1587.16,63.0
49,153,1415.15,642.79,1593.76,62.0
49,154,1412.76,643.25,1591.43,61.0
49,155,1415.94,642.57,1589.48,60.0
49,156,1415.85,642.79,1594.77,59.0
49,157,1413.11,642.49,1594.0,58.0
49,158,1414.66,642.93,1596.7,57.0
49,159,1421.05,642.86,1592.2,56.0
49,160,1412.96,643.1,1587.88,55.0
49,161,1418.8,643.71,1597.09,54.0
49,162,1420.69,643.02,1594.63,53.0
49,163,1410.52,642.71,1596.12,52.0
49,164,1413.06,643.16,1593.52,51.0
49,165,1418.34,642.99,1598.2,50.0
49,166,1420.58,642.91,1596.27,49.0
49,167,1419.46,643.04,1591.8,48.0
49,168,1425.86,642.28,1594.04,47.0
49,169,1417.26,642.95,1588.35,46.0
49,170,1422.19,642.7,1596.33,45.0
49,171,1414.76,643.1,1595.11,44.0
49,172,1421.2,643.32,1600.19,43.0
49,173,1420.94,643.48,1600.94,42.0
49,174,1418.93,643.27,1594.78,41.0
49,175,1418.26,642.88,1598.03,40.0
49,176,1423.65,643.02,1594.53,39.0
49,177,1416.9,643.4,1600.06,38.0
49,178,1417.26,643.01,1599.47,37.0
49,179,1417.57,643.2,1595.24,36.0
49,180,1412.99,643.66,1591.83,35.0
49,181,1417.27,642.75,1592.99,34.0
49,182,1427.34,643.19,1602.6,33.0
49,183,1411.85,642.75,1591.31,32.0
49,184,1420.59,642.9,1591.54,31.0
49,185,1417.62,642.74,1596.08,30.0
49,186,1417.4,642.97,1597.13,29.0
49,187,1414.84,643.46,1598.97,28.0
49,188,1422.8,642.66,1589.6,27.0
49,189,1420.13,642.79,1595.15,26.0
49,190,1418.94,642.74,1600.09,25.0
49,191,1428.35,643.79,1592.77,24.0
49,192,1425.99,642.7,1598.82,23.0
49,193,1423.97,643.75,1600.14,22.0
49,194,1428.22,643.25,1594.99,21.0
49,195,1427.23,643.82,1604.4,20.0
49,196,1424.58,643.29,1593.68,19.0
49,197,1428.75,643.44,1600.98,18.0
49,198,1426.73,643.59,1598.16,17.0
49,199,1425.14,643.91,1594.75,16.0
49,200,1425.16,643.4,1597.43,15.0
49,201,1423.72,643.55,1600.32,14.0
49,202,1435.41,643.26,1599.96,13.0
49,203,1424.97,643.58,1596.89,12.0
49,204,1423.68,643.64,1590.75,11.0
49,205,1425.09,642.99,1603.6,10.0
49,206,1426.65,643.48,1603.09,9.0
49,207,1423.79,643.72,1596.69,8.0
49,208,1431.92,643.2,1594.51,7.0
49,209,1418.24,644.08,1604.93,6.0
49,210,1433.41,643.57,1596.47,5.0
49,211,1433.55,643.48,1605.85,4.0
49,212,1428.57,643.34,1598.92,3.0
49,213,1428.56,643.8,1597.25,2.0
49,214,1427.87,643.64,1599.32,1.0
49,215,1433.24,644.2,1593.84,0.0
50,1,1400.44,642.12,1582.5,197.0
50,2,1404.14,642.62,1589.9,196.0
50,3,1403.42,642.55,1582.75,195.0
50,4,1403.46,642.61,1586.91,194.0
50,5,1401.43,642.41,1589.7,193.0
50,6,1402.43,642.46,1585.34,192.0
50,7,1402.34,642.37,1584.77,191.0
50,8,1401.11,642.38,1585.62,190.0
50,9,1398.03,642.54,1581.7,189.0
50,10,1395.96,642.33,1585.82,188.0
50,11,1396.43,642.05,1578.46,187.0
50,12,1400.18,642.76,1581.49,186.0
50,13,1398.64,642.6,1576.37,185.0
50,14,1406.48,641.95,1588.64,184.0
50,15,1399.52,642.19,1588.83,183.0
50,16,1405.48,641.81,1584.15,182.0
50,17,1402.0,642.83,1585.08,181.0
50,18,1401.72,642.47,1582.63,180.0
50,19,1404.04,642.67,1585.14,179.0
50,20,1399.71,642.42,1583.58,178.0
50,21,1412.19,642.56,1585.06,177.0
50,22,1407.2,642.39,1584.2,176.0
50,23,1400.32,642.83,1593.36,175.0
50,24,1400.53,642.73,1580.39,174.0
50,25,1399.42,642.4,1589.16,173.0
50,26,1397.69,642.74,1579.32,172.0
50,27,1402.83,642.46,1586.65,171.0
50,28,1407.03,642.28,1586.5,170.0
50,29,1399.2,642.92,1591.07,169.0
50,30,1407.7,642.62,1590.45,168.0
50,31,1408.24,642.46,1584.46,167.0
50,32,1399.63,642.63,1589.42,166.0
50,33,1405.19,642.14,1582.13,165.0
50,34,1408.77,642.82,1582.82,164.0
50,35,1400.34,642.12,1590.81,163.0
50,36,1403.16,642.38,1586.38,162.0
50,37,1401.3,642.66,1591.79,161.0
50,38,1404.96,642.28,1587.84,160.0
50,39,1404.47,642.21,1586.89,159.0
50,40,1398.9,643.19,1587.36,158.0
50,41,1406.08,642.47,1584.96,157.0
50,42,1399.3,641.82,1585.3,156.0
50,43,1410.44,642.39,1589.71,155.0
50,44,1403.72,642.07,1590.7,154.0
50,45,1401.26,641.8,1592.23,153.0
50,46,1404.42,642.26,1586.46,152.0
50,47,1404.75,642.78,1594.91,151.0
50,48,1403.97,642.22,1580.13,150.0
50,49,1403.74,642.85,1586.51,149.0
50,50,1396.05,642.17,1593.23,148.0
50,51,1408.59,642.12,1588.94,147.0
50,52,1410.41,642.16,1585.63,146.0
50,53,1401.62,642.53,1587.93,145.0
50,54,1407.92,642.03,1586.26,144.0
50,55,1410.24,641.89,1587.63,143.0
50,56,1408.51,642.45,1583.2,142.0
50,57,1398.91,643.12,1584.99,141.0
50,58,1404.61,642.32,1586.96,140.0
50,59,1400.68,642.72,1586.05,139.0
50,60,1416.54,642.44,1589.24,138.0
50,61,1404.19,642.39,1584.21,137.0
50,62,1403.63,642.64,1597.04,136.0
50,63,1410.05,642.14,1589.99,135.0
50,64,1403.64,642.21,1592.14,134.0
50,65,1405.13,642.24,1585.01,133.0
50,66,1407.86,642.52,1584.84,132.0
50,67,1406.93,642.55,1592.28,131.0
50,68,1402.78,642.52,1585.26,130.0
50,69,1409.86,642.29,1581.25,129.0
50,70,1409.26,642.46,1586.49,128.0
50,71,1399.37,642.0,1588.12,127.0
50,72,1404.86,642.42,1584.73,126.0
50,73,1400.6,642.63,1586.71,125.0
50,74,1405.16,642.79,1587.78,124.0
50,75,1396.47,642.6,1593.14,123.0
50,76,1407.75,642.87,1590.79,122.0
50,77,1405.78,642.07,1584.43,121.0
50,78,1406.29,642.59,1586.9,120.0
50,79,1406.79,642.51,1589.88,119.0
50,80,1408.52,642.53,1584.91,118.0
50,81,1405.41,642.91,1584.75,117.0
50,82,1407.61,642.44,1587.53,116.0
50,83,1406.28,642.81,1584.97,115.0
50,84,1401.17,642.86,1594.21,114.0
50,85,1414.25,642.52,1587.23,113.0
50,86,1408.59,642.6,1589.77,112.0
50,87,1402.2,642.8,1590.97,111.0
50,88,1400.16,642.57,1596.7,110.0
50,89,1415.58,642.43,1588.87,109.0
50,90,1410.18,642.6,1593.47,108.0
50,91,1403.91,642.48,1594.0,107.0
50,92,1401.25,642.76,1590.0,106.0
50,93,1407.75,642.43,1584.14,105.0
50,94,1406.51,643.02,1589.56,104.0
50,95,1400.61,642.61,1589.19,103.0
50,96,1407.66,643.01,1584.82,102.0
50,97,1412.3,642.26,1586.61,101.0
50,98,1415.75,642.38,1592.25,100.0
50,99,1405.87,642.39,1585.49,99.0
50,100,1411.1,642.38,1588.59,98.0
50,101,1401.11,642.85,1592.22,97.0
50,102,1414.12,642.39,1582.43,96.0
50,103,1406.72,642.03,1589.44,95.0
50,104,1405.23,642.36,1582.35,94.0
50,105,1404.16,642.69,1586.81,93.0
50,106,1412.43,642.86,1595.04,92.0
50,107,1406.48,642.41,1585.63,91.0
50,108,1403.55,642.56,1586.63,90.0
50,109,1402.06,643.16,1592.98,89.0
50,110,1409.9,642.54,1589.83,88.0
50,111,1411.36,642.35,1583.83,87.0
50,112,1411.73,642.7,1593.62,86.0
50,113,1407.39,642.58,1594.04,85.0
50,114,1410.59,642.45,1581.39,84.0
50,115,1408.14,642.68,1587.94,83.0
50,116,1409.13,642.65,1590.26,82.0
50,117,1405.92,642.46,1595.36,81.0
50,118,1404.53,642.47,1584.45,80.0
50,119,1406.79,643.12,1590.39,79.0
50,120,1399.52,642.67,1583.85,78.0
50,121,1407.05,642.58,1594.4,77.0
50,122,1412.8,642.91,1586.67,76.0
50,123,1411.24,643.01,1578.72,75.0
50,124,1411.57,642.72,1594.11,74.0
50,125,1407.09,642.91,1594.05,73.0
50,126,1408.19,642.93,1593.66,72.0
50,127,1410.09,642.73,1586.43,71.0
50,128,1410.21,642.85,1587.73,70.0
50,129,1416.38,642.82,1591.14,69.0
50,130,1414.89,642.99,1598.6,68.0
50,131,1415.53,642.42,1588.11,67.0
50,132,1414.88,642.87,1591.02,66.0
50,133,1405.64,643.07,1590.9,65.0
50,134,1414.12,642.75,1594.49,64.0
50,135,1410.8,642.9,1596.24,63.0
50,136,1411.44,643.54,1595.47,62.0
50,137,1407.97,643.11,1585.13,61.0
50,138,1420.15,643.52,1597.84,60.0
50,139,1408.46,642.64,1587.2,59.0
50,140,1414.87,642.96,1592.7,58.0
50,141,1414.46,642.44,1586.14,57.0
50,142,1417.52,643.51,1592.92,56.0
50,143,1410.7,642.26,1596.39,55.0
50,144,1413.07,642.17,1598.41,54.0
50,145,1407.11,643.11,1585.16,53.0
50,146,1411.11,642.84,1592.44,52.0
50,147,1409.15,643.04,1592.47,51.0
50,148,1407.7,642.13,1593.57,50.0
50,149,1410.61,643.01,1584.21,49.0
50,150,1413.01,643.37,1590.63,48.0
50,151,1415.17,642.49,1590.38,47.0
50,152,1415.78,642.71,1594.38,46.0
50,153,1407.55,642.6,1586.45,45.0
50,154,1416.92,643.09,1597.35,44.0
50,155,1416.79,642.42,1593.18,43.0
50,156,1408.39,642.5,1593.73,42.0
50,157,1415.82,643.28,1594.64,41.0
50,158,1418.15,642.75,1598.37,40.0
50,159,1415.76,643.15,1596.77,39.0
50,160,1419.36,642.79,1590.19,38.0
50,161,1415.91,643.26,1591.34,37.0
50,162,1419.83,643.31,1596.57,36.0
50,163,1418.66,643.55,1588.15,35.0
50,164,1416.02,642.98,1593.81,34.0
50,165,1424.74,643.32,1597.08,33.0
50,166,1415.92,643.26,1597.49,32.0
50,167,1414.23,643.01,1593.06,31.0
50,168,1423.54,643.47,1598.0,30.0
50,169,1410.54,643.04,1598.54,29.0
50,170,1412.15,642.88,1601.32,28.0
50,171,1420.96,643.42,1591.19,27.0
50,172,1421.22,643.08,1600.57,26.0
50,173,1420.73,643.4,1597.41,25.0
50,174,1417.92,643.32,1600.74,24.0
50,175,1417.15,643.0,1597.26,23.0
50,176,1422.81,643.56,1599.13,22.0
50,177,1414.26,643.4,1594.05,21.0
50,178,1413.86,642.99,1596.98,20.0
50,179,1417.09,644.05,1595.72,19.0
50,180,1423.59,643.37,1602.04,18.0
50,181,1428.34,643.35,1598.91,17.0
50,182,1422.34,643.32,1588.47,16.0
50,183,1419.22,642.67,1599.99,15.0
50,184,1425.6,643.24,1604.23,14.0
50,185,1422.68,643.24,1605.9,13.0
50,186,1420.48,643.22,1599.08,12.0
50,187,1418.55,643.85,1597.32,11.0
50,188,1423.52,643.59,1596.38,10.0
50,189,1423.37,643.22,1604.68,9.0
50,190,1429.34,643.56,1605.26,8.0
50,191,1422.66,643.22,1605.49,7.0
50,192,1426.15,643.29,1600.19,6.0
50,193,1425.99,643.95,1599.52,5.0
50,194,1423.51,643.77,1604.93,4.0
50,195,1434.87,643.33,1605.31,3.0
50,196,1430.01,643.32,1602.26,2.0
50,197,1432.87,643.73,1599.94,1.0
50,198,1433.88,643.83,1608.2,0.0
51,1,1408.68,641.83,1583.55,212.0
51,2,1397.69,642.09,1580.84,211.0
51,3,1398.4,642.49,1591.56,210.0
51,4,1397.74,642.42,1573.22,209.0
51,5,1388.02,642.08,1587.52,208.0
51,6,1413.03,642.36,1588.81,207.0
51,7,1397.9,642.59,1586.67,206.0
51,8,1389.85,642.13,1585.18,205.0
51,9,1391.19,641.92,1581.31,204.0
51,10,1395.93,641.95,1579.59,203.0
51,11,1393.19,641.99,1585.7,202.0
51,12,1389.2,642.21,1583.55,201.0
51,13,1396.97,641.58,1587.14,200.0
51,14,1403.43,642.45,1579.21,199.0
51,15,1396.03,642.06,1584.57,198.0
51,16,1397.08,641.76,1587.33,197.0
51,17,1396.02,642.11,1578.84,196.0
51,18,1390.17,642.5,1585.74,195.0
51,19,1400.69,641.54,1586.4,194.0
51,20,1399.39,642.5,1590.56,193.0
51,21,1398.51,642.07,1581.87,192.0
51,22,1402.11,642.19,1577.01,191.0
51,23,1395.99,642.38,1584.38,190.0
51,24,1399.28,642.0,1583.36,189.0
51,25,1398.14,641.87,1587.45,188.0
51,26,1397.02,641.97,1586.1,187.0
51,27,1397.9,642.43,1587.92,186.0
51,28,1394.09,642.21,1580.72,185.0
51,29,1395.6,642.0,1589.57,184.0
51,30,1397.49,642.44,1583.31,183.0
51,31,1394.81,642.57,1589.98,182.0
51,32,1402.73,641.9,1588.91,181.0
51,33,1402.87,642.38,1580.28,180.0
51,34,1394.64,642.04,1580.13,179.0
51,35,1403.04,642.07,1584.53,178.0
51,36,1400.76,642.27,1585.42,177.0
51,37,1400.38,642.31,1578.13,176.0
51,38,1397.83,642.53,1578.81,175.0
51,39,1399.7,642.27,1578.65,174.0
51,40,1401.09,642.3,1587.11,173.0
51,41,1402.95,642.37,1589.88,172.0
51,42,1406.52,641.77,1583.89,171.0
51,43,1390.27,641.75,1590.87,170.0
51,44,1401.64,642.35,1579.96,169.0
51,45,1407.09,642.3,1585.72,168.0
51,46,1393.9,642.59,1580.8,167.0
51,47,1394.6,641.89,1584.02,166.0
51,48,1396.94,641.94,1590.27,165.0
51,49,1397.07,641.65,1583.44,164.0
51,50,1403.18,642.14,1583.81,163.0
51,51,1394.31,641.9,1585.3,162.0
51,52,1396.44,641.7,1579.66,161.0
51,53,1401.44,642.38,1583.5,160.0
51,54,1392.3,642.14,1580.92,159.0
51,55,1393.78,642.36,1584.86,158.0
51,56,1401.09,642.24,1581.96,157.0
51,57,1397.4,642.48,1585.54,156.0
51,58,1403.2,642.25,1574.28,155.0
51,59,1395.36,642.36,1580.13,154.0
51,60,1396.7,642.17,1585.85,153.0
51,61,1394.9,642.4,1588.12,152.0
51,62,1398.23,641.85,1583.34,151.0
51,63,1396.39,642.07,1584.81,150.0
51,64,1396.9,642.67,1584.89,149.0
51,65,1397.81,642.07,1575.34,148.0
51,66,1395.43,641.9,1582.86,147.0
51,67,1402.05,642.45,1586.96,146.0
51,68,1404.45,641.59,1589.74,145.0
51,69,1401.39,642.08,1582.23,144.0
51,70,1402.68,642.71,1578.36,143.0
51,71,1400.74,642.21,1584.91,142.0
51,72,1399.19,642.0,1588.95,141.0
51,73,1408.19,642.14,1585.35,140.0
51,74,1403.43,642.31,1584.92,139.0
51,75,1400.59,641.93,1582.39,138.0
51,76,1398.4,641.4,1587.43,137.0
51,77,1400.69,641.79,1586.4,136.0
51,78,1399.82,641.96,1584.84,135.0
51,79,1397.01,642.06,1591.14,134.0
51,80,1401.76,642.08,1594.77,133.0
51,81,1403.82,642.19,1581.73,132.0
51,82,1394.25,642.66,1581.41,131.0
51,83,1397.43,642.22,1593.58,130.0
51,84,1393.56,642.44,1581.15,129.0
51,85,1404.25,642.12,1577.38,128.0
51,86,1403.02,642.42,1582.38,127.0
51,87,1399.14,642.43,1584.33,126.0
51,88,1402.8,642.17,1582.77,125.0
51,89,1402.46,642.02,1588.12,124.0
51,90,1413.25,642.16,1578.5,123.0
51,91,1398.27,642.68,1588.64,122.0
51,92,1403.14,642.06,1590.85,121.0
51,93,1401.24,642.38,1582.21,120.0
51,94,1394.91,642.38,1583.13,119.0
51,95,1398.07,642.27,1581.92,118.0
51,96,1403.82,642.25,1590.46,117.0
51,97,1391.22,642.43,1584.49,116.0
51,98,1400.26,642.57,1591.28,115.0
51,99,1404.52,641.83,1584.9,114.0
51,100,1397.47,641.88,1585.76,113.0
51,101,1404.95,642.36,1585.79,112.0
51,102,1400.81,641.79,1591.13,111.0
51,103,1405.27,642.04,1584.07,110.0
51,104,1406.64,642.27,1587.61,109.0
51,105,1400.67,642.73,1593.41,108.0
51,106,1400.71,641.7,1583.71,107.0
51,107,1402.66,642.63,1587.13,106.0
51,108,1401.17,642.67,1594.21,105.0
51,109,1396.64,642.19,1582.48,104.0
51,110,1395.81,642.75,1586.65,103.0
51,111,1400.1,642.75,1588.95,102.0
51,112,1401.44,641.96,1587.49,101.0
51,113,1405.4,642.45,1585.81,100.0
51,114,1403.26,641.76,1592.86,99.0
51,115,1401.92,642.42,1585.85,98.0
51,116,1400.27,642.94,1591.19,97.0
51,117,1405.29,641.71,1591.2,96.0
51,118,1404.39,641.93,1584.34,95.0
51,119,1402.37,642.54,1582.16,94.0
51,120,1408.52,642.21,1591.5,93.0
51,121,1398.43,642.2,1585.56,92.0
51,122,1397.52,642.8,1579.7,91.0
51,123,1404.88,642.46,1592.13,90.0
51,124,1403.43,642.39,1586.52,89.0
51,125,1405.73,642.74,1587.06,88.0
51,126,1401.36,642.42,1584.69,87.0
51,127,1403.21,642.38,1585.9,86.0
51,128,1408.51,642.63,1589.79,85.0
51,129,1404.43,642.36,1587.22,84.0
51,130,1404.2,642.59,1589.78,83.0
51,131,1401.08,642.48,1587.54,82.0
51,132,1407.46,642.2,1591.16,81.0
51,133,1398.22,642.34,1586.2,80.0
51,134,1399.25,642.66,1587.71,79.0
51,135,1408.65,642.54,1589.22,78.0
51,136,1399.26,642.29,1592.78,77.0
51,137,1406.34,641.97,1583.39,76.0
51,138,1399.65,642.5,1590.9,75.0
51,139,1402.3,642.39,1587.85,74.0
51,140,1409.15,642.15,1591.47,73.0
51,141,1402.53,642.34,1585.16,72.0
51,142,1406.16,642.5,1580.16,71.0
51,143,1394.37,642.21,1585.8,70.0
51,144,1402.01,642.23,1590.29,69.0
51,145,1400.15,642.02,1588.04,68.0
51,146,1406.56,642.38,1586.36,67.0
51,147,1398.12,642.4,1595.14,66.0
51,148,1405.89,642.52,1587.43,65.0
51,149,1395.03,642.67,1589.04,64.0
51,150,1405.13,642.28,1590.71,63.0
51,151,1400.54,641.95,1590.87,62.0
51,152,1401.51,642.92,1588.44,61.0
51,153,1406.95,642.53,1588.27,60.0
51,154,1408.13,643.0,1591.31,59.0
51,155,1408.54,642.56,1591.63,58.0
51,156,1402.43,642.15,1590.95,57.0
51,157,1406.88,642.18,1590.38,56.0
51,158,1410.05,642.53,1587.2,55.0
51,159,1406.3,642.35,1599.09,54.0
51,160,1402.03,642.57,1593.9,53.0
51,161,1406.39,642.67,1585.22,52.0
51,162,1402.23,642.71,1591.91,51.0
51,163,1403.95,642.58,1598.53,50.0
51,164,1400.76,642.7,1594.44,49.0
51,165,1402.01,642.75,1589.77,48.0
51,166,1402.76,642.24,1592.89,47.0
51,167,1405.19,642.89,1592.23,46.0
51,168,1406.07,642.7,1589.03,45.0
51,169,1402.31,642.78,1595.33,44.0
51,170,1406.16,642.75,1590.84,43.0
51,171,1408.94,642.55,1591.88,42.0
51,172,1409.49,642.51,1593.21,41.0
51,173,1413.19,642.59,1596.35,40.0
51,174,1407.46,642.72,1595.45,39.0
51,175,1402.65,642.24,1587.01,38.0
51,176,1416.04,642.48,1590.33,37.0
51,177,1406.61,642.15,1594.84,36.0
51,178,1408.93,642.44,1592.11,35.0
51,179,1406.73,643.16,1596.79,34.0
51,180,1407.11,642.74,1592.03,33.0
51,181,1411.82,643.33,1584.48,32.0
51,182,1407.05,642.86,1594.21,31.0
51,183,1415.32,642.99,1592.53,30.0
51,184,1411.04,642.32,1597.43,29.0
51,185,1411.4,643.13,1594.44,28.0
51,186,1416.87,643.21,1589.96,27.0
51,187,1409.26,642.62,1591.46,26.0
51,188,1414.92,642.98,1596.83,25.0
51,189,1416.32,642.87,1595.66,24.0
51,190,1415.55,643.1,1600.81,23.0
51,191,1424.99,642.74,1584.78,22.0
51,192,1410.0,643.45,1594.21,21.0
51,193,1417.7,643.08,1591.05,20.0
51,194,1412.87,643.4,1593.76,19.0
51,195,1413.79,643.16,1596.05,18.0
51,196,1416.27,643.09,1596.96,17.0
51,197,1418.42,642.83,1597.94,16.0
51,198,1418.2,643.51,1591.09,15.0
51,199,1417.94,643.19,1592.24,14.0
51,200,1414.82,642.65,1594.92,13.0
51,201,1419.07,643.27,1605.04,12.0
51,202,1412.48,643.22,1605.12,11.0
51,203,1426.12,643.08,1590.92,10.0
51,204,1423.73,643.21,1604.24,9.0
51,205,1423.81,643.31,1592.63,8.0
51,206,1416.05,643.44,1601.34,7.0
51,207,1415.91,643.27,1602.47,6.0
51,208,1422.9,643.69,1606.39,5.0
51,209,1428.61,643.81,1604.36,4.0
51,210,1430.44,643.19,1605.01,3.0
51,211,1419.91,643.68,1609.75,2.0
51,212,1432.71,643.37,1602.44,1.0
51,213,1428.55,644.11,1606.6,0.0
52,1,1405.02,642.67,1587.47,212.0
52,2,1413.05,642.48,1593.3,211.0
52,3,1407.83,642.54,1587.35,210.0
52,4,1406.11,643.11,1579.1,209.0
52,5,1407.56,642.71,1573.75,208.0
52,6,1401.13,642.49,1587.19,207.0
52,7,1399.82,643.3,1592.37,206.0
52,8,1406.6,642.53,1587.08,205.0
52,9,1415.36,642.85,1589.17,204.0
52,10,1408.29,642.87,1591.95,203.0
52,11,1415.0,642.65,1579.6,202.0
52,12,1400.51,642.82,1595.83,201.0
52,13,1400.17,642.19,1583.7,200.0
52,14,1408.49,642.75,1594.47,199.0
52,15,1400.21,641.93,1589.33,198.0
52,16,1406.02,642.86,1589.64,197.0
52,17,1403.28,642.75,1591.46,196.0
52,18,1407.97,642.91,1595.55,195.0
52,19,1404.1,642.32,1590.09,194.0
52,20,1400.51,642.93,1587.17,193.0
52,21,1409.16,642.28,1589.67,192.0
52,22,1401.3,642.64,1588.46,191.0
52,23,1405.12,642.63,1587.5,190.0
52,24,1399.81,642.34,1593.9,189.0
52,25,1403.01,642.0,1585.47,188.0
52,26,1407.07,642.5,1591.04,187.0
52,27,1406.78,642.72,1593.13,186.0
52,28,1411.7,642.76,1581.04,185.0
52,29,1406.01,642.15,1582.21,184.0
52,30,1398.15,642.42,1587.37,183.0
52,31,1401.4,642.44,1583.62,182.0
52,32,1407.6,642.48,1591.17,181.0
52,33,1402.3,642.3,1586.39,180.0
52,34,1403.42,642.68,1584.03,179.0
52,35,1410.37,642.3,1587.16,178.0
52,36,1404.1,642.75,1588.34,177.0
52,37,1412.72,642.79,1587.64,176.0
52,38,1406.96,642.56,1588.22,175.0
52,39,1403.74,642.15,1582.64,174.0
52,40,1402.29,642.62,1586.68,173.0
52,41,1414.94,642.29,1587.24,172.0
52,42,1412.38,641.93,1592.62,171.0
52,43,1404.83,642.09,1586.98,170.0
52,44,1408.5,642.68,1585.75,169.0
52,45,1402.0,642.33,1592.62,168.0
52,46,1405.45,642.89,1593.78,167.0
52,47,1407.16,642.11,1597.61,166.0
52,48,1408.39,642.22,1593.27,165.0
52,49,1407.32,642.54,1588.04,164.0
52,50,1396.32,642.39,1582.07,163.0
52,51,1415.31,642.63,1590.51,162.0
52,52,1404.05,642.62,1589.22,161.0
52,53,1407.15,642.58,1587.35,160.0
52,54,1407.18,642.13,1587.43,159.0
52,55,1411.08,642.87,1584.3,158.0
52,56,1402.64,642.16,1590.39,157.0
52,57,1406.79,643.35,1589.99,156.0
52,58,1407.55,642.06,1593.26,155.0
52,59,1412.24,642.72,1590.37,154.0
52,60,1400.71,642.49,1591.51,153.0
52,61,1412.88,642.78,1586.24,152.0
52,62,1404.95,643.05,1586.66,151.0
52,63,1413.44,642.76,1585.3,150.0
52,64,1402.11,642.83,1579.29,149.0
52,65,1406.45,642.17,1583.69,148.0
52,66,1409.01,642.88,1585.93,147.0
52,67,1406.28,642.5,1589.89,146.0
52,68,1405.12,642.68,1588.8,145.0
52,69,1415.39,642.76,1588.36,144.0
52,70,1404.38,642.78,1588.81,143.0
52,71,1410.53,642.94,1591.37,142.0
52,72,1404.4,642.91,1597.59,141.0
52,73,1411.08,642.47,1590.49,140.0
52,74,1412.03,642.17,1588.47,139.0
52,75,1410.02,642.61,1589.82,138.0
52,76,1404.84,642.67,1592.31,137.0
52,77,1408.71,642.56,1589.75,136.0
52,78,1408.33,642.24,1589.66,135.0
52,79,1408.91,642.45,1586.88,134.0
52,80,1398.7,642.78,1586.86,133.0
52,81,1403.66,642.92,1587.84,132.0
52,82,1405.31,642.87,1590.25,131.0
52,83,1398.01,642.62,1598.7,130.0
52,84,1407.69,642.73,1589.53,129.0
52,85,1411.96,642.65,1589.74,128.0
52,86,1409.25,642.23,1589.89,127.0
52,87,1400.07,643.47,1586.99,126.0
52,88,1409.69,642.02,1588.8,125.0
52,89,1413.72,643.18,1591.26,124.0
52,90,1413.49,642.71,1592.16,123.0
52,91,1405.17,642.41,1587.71,122.0
52,92,1417.73,642.58,1583.64,121.0
52,93,1413.19,642.95,1595.82,120.0
52,94,1412.76,642.88,1585.11,119.0
52,95,1415.17,642.72,1590.33,118.0
52,96,1409.83,642.05,1590.72,117.0
52,97,1404.83,642.96,1595.02,116.0
52,98,1407.8,643.14,1587.96,115.0
52,99,1411.01,643.0,1591.02,114.0
52,100,1405.72,643.26,1593.08,113.0
52,101,1410.98,642.54,1595.29,112.0
52,102,1407.87,642.82,1587.71,111.0
52,103,1411.15,642.91,1587.56,110.0
52,104,1414.03,642.84,1590.26,109.0
52,105,1410.27,642.36,1591.98,108.0
52,106,1413.06,642.72,1590.47,107.0
52,107,1412.33,642.83,1592.05,106.0
52,108,1410.0,642.98,1586.2,105.0
52,109,1405.77,643.2,1599.43,104.0
52,110,1415.73,642.45,1586.18,103.0
52,111,1407.86,642.12,1596.54,102.0
52,112,1409.44,642.98,1591.13,101.0
52,113,1407.06,642.36,1587.1,100.0
52,114,1410.57,643.27,1593.46,99.0
52,115,1409.51,642.47,1588.83,98.0
52,116,1404.05,642.5,1590.65,97.0
52,117,1414.02,642.82,1586.54,96.0
52,118,1414.54,642.84,1592.01,95.0
52,119,1410.84,643.22,1590.49,94.0
52,120,1405.49,642.57,1591.26,93.0
52,121,1417.67,643.11,1594.33,92.0
52,122,1411.42,642.76,1590.9,91.0
52,123,1411.96,642.54,1592.51,90.0
52,124,1411.46,642.82,1588.69,89.0
52,125,1406.86,642.56,1587.06,88.0
52,126,1409.25,642.75,1585.99,87.0
52,127,1412.67,643.27,1588.16,86.0
52,128,1405.51,642.47,1587.97,85.0
52,129,1409.68,642.8,1598.13,84.0
52,130,1417.01,643.03,1591.24,83.0
52,131,1409.84,643.07,1581.96,82.0
52,132,1411.93,643.34,1599.6,81.0
52,133,1413.26,642.98,1591.52,80.0
52,134,1410.83,642.48,1592.64,79.0
52,135,1409.6,642.82,1593.76,78.0
52,136,1414.84,643.05,1591.96,77.0
52,137,1408.4,642.58,1593.7,76.0
52,138,1409.56,642.34,1592.09,75.0
52,139,1411.99,642.63,1589.8,74.0
52,140,1414.82,642.71,1598.93,73.0
52,141,1413.82,642.58,1592.66,72.0
52,142,1411.24,643.19,1594.68,71.0
52,143,1418.87,642.67,1593.13,70.0
52,144,1411.02,642.89,1595.02,69.0
52,145,1412.77,642.67,1592.52,68.0
52,146,1411.8,642.91,1586.34,67.0
52,147,1410.59,642.64,1589.85,66.0
52,148,1411.38,643.06,1589.94,65.0
52,149,1412.59,643.1,1597.46,64.0
52,150,1410.52,642.86,1587.21,63.0
52,151,1421.93,643.25,1599.24,62.0
52,152,1415.88,642.92,1597.08,61.0
52,153,1414.51,643.52,1602.62,60.0
52,154,1417.98,642.68,1593.19,59.0
52,155,1405.97,643.17,1591.52,58.0
52,156,1405.02,642.92,1594.75,57.0
52,157,1421.13,643.59,1593.04,56.0
52,158,1413.08,643.04,1599.19,55.0
52,159,1410.01,642.77,1597.74,54.0
52,160,1416.51,642.83,1595.43,53.0
52,161,1409.66,642.85,1602.13,52.0
52,162,1420.77,642.92,1589.5,51.0
52,163,1416.92,643.27,1591.84,50.0
52,164,1412.93,642.85,1599.89,49.0
52,165,1421.65,642.9,1598.95,48.0
52,166,1414.52,643.06,1591.63,47.0
52,167,1416.78,643.02,1588.04,46.0
52,168,1416.07,643.08,1589.96,45.0
52,169,1422.21,643.72,1597.26,44.0
52,170,1417.16,643.21,1599.29,43.0
52,171,1419.2,642.84,1597.16,42.0
52,172,1416.86,642.64,1593.68,41.0
52,173,1421.29,643.04,1599.44,40.0
52,174,1418.2,642.72,1599.19,39.0
52,175,1415.89,643.51,1595.08,38.0
52,176,1420.21,643.3,1590.24,37.0
52,177,1420.81,643.39,1597.72,36.0
52,178,1419.6,643.07,1597.72,35.0
52,179,1421.94,642.91,1600.76,34.0
52,180,1427.7,643.5,1593.73,33.0
52,181,1417.96,643.07,1595.19,32.0
52,182,1426.6,643.59,1595.18,31.0
52,183,1419.4,643.4,1597.72,30.0
52,184,1418.47,642.88,1597.34,29.0
52,185,1420.03,642.99,1596.16,28.0
52,186,1418.5,643.61,1601.25,27.0
52,187,1429.4,643.07,1600.19,26.0
52,188,1422.58,643.12,1594.41,25.0
52,189,1414.96,642.77,1605.53,24.0
52,190,1415.87,643.13,1594.22,23.0
52,191,1423.39,643.6,1595.77,22.0
52,192,1419.94,643.56,1598.38,21.0
52,193,1434.14,643.33,1606.89,20.0
52,194,1416.68,643.2,1597.44,19.0
52,195,1416.56,643.62,1597.0,18.0
52,196,1425.44,643.67,1598.61,17.0
52,197,1422.12,643.57,1604.82,16.0
52,198,1422.52,643.09,1601.98,15.0
52,199,1423.95,643.28,1599.03,14.0
52,200,1422.66,643.3,1599.22,13.0
52,201,1427.19,643.51,1599.52,12.0
52,202,1428.95,643.46,1596.47,11.0
52,203,1425.7,644.14,1602.23,10.0
52,204,1422.09,643.41,1600.64,9.0
52,205,1427.11,643.51,1598.22,8.0
52,206,1427.64,643.82,1595.32,7.0
52,207,1436.86,643.8,1606.58,6.0
52,208,1423.12,643.66,1603.87,5.0
52,209,1429.91,643.61,1604.1,4.0
52,210,1427.91,643.45,1605.72,3.0
52,211,1432.81,643.37,1606.32,2.0
52,212,1421.12,644.29,1602.27,1.0
52,213,1436.34,643.67,1601.99,0.0
53,1,1407.73,642.33,1589.39,194.0
53,2,1407.05,642.65,1586.85,193.0
53,3,1397.92,641.7,1583.06,192.0
53,4,1402.41,642.52,1584.19,191.0
53,5,1400.73,642.41,1587.38,190.0
53,6,1398.73,642.45,1588.68,189.0
53,7,1400.97,642.76,1585.02,188.0
53,8,1399.29,642.19,1586.23,187.0
53,9,1401.05,642.7,1582.96,186.0
53,10,1401.99,642.49,1584.81,185.0
53,11,1403.49,642.22,1583.8,184.0
53,12,1403.76,641.87,1590.68,183.0
53,13,1407.32,642.17,1595.97,182.0
53,14,1403.23,642.14,1579.92,181.0
53,15,1401.8,642.56,1587.85,180.0
53,16,1402.35,642.53,1580.18,179.0
53,17,1397.58,642.6,1587.78,178.0
53,18,1403.15,642.17,1593.15,177.0
53,19,1404.34,642.65,1583.6,176.0
53,20,1401.42,642.8,1591.1,175.0
53,21,1395.11,642.52,1586.83,174.0
53,22,1403.71,641.9,1587.96,173.0
53,23,1402.46,642.61,1585.59,172.0
53,24,1409.08,642.54,1590.73,171.0
53,25,1408.11,642.74,1583.09,170.0
53,26,1399.51,642.46,1585.87,169.0
53,27,1404.09,642.45,1580.47,168.0
53,28,1404.78,642.58,1590.89,167.0
53,29,1406.27,642.09,1590.18,166.0
53,30,1407.05,642.37,1588.81,165.0
53,31,1401.94,642.24,1586.54,164.0
53,32,1400.34,642.33,1587.83,163.0
53,33,1401.5,642.11,1585.96,162.0
53,34,1409.02,642.65,1585.09,161.0
53,35,1402.66,642.37,1584.34,160.0
53,36,1408.17,642.32,1592.96,159.0
53,37,1407.75,642.4,1589.56,158.0
53,38,1399.76,642.08,1592.01,157.0
53,39,1403.05,642.89,1588.75,156.0
53,40,1403.58,642.32,1589.66,155.0
53,41,1402.52,642.32,1591.26,154.0
53,42,1405.02,642.26,1587.45,153.0
53,43,1408.62,642.96,1590.48,152.0
53,44,1396.65,643.41,1592.38,151.0
53,45,1403.7,641.79,1586.09,150.0
53,46,1400.26,642.17,1585.53,149.0
53,47,1404.72,642.77,1584.68,148.0
53,48,1402.17,642.36,1588.1,147.0
53,49,1401.57,642.52,1589.92,146.0
53,50,1400.47,642.3,1583.21,145.0
53,51,1407.33,642.55,1590.24,144.0
53,52,1399.7,642.41,1592.82,143.0
53,53,1405.6,642.75,1598.02,142.0
53,54,1398.43,642.79,1584.54,141.0
53,55,1406.87,642.67,1592.11,140.0
53,56,1407.28,642.24,1592.0,139.0
53,57,1398.28,641.98,1581.24,138.0
53,58,1401.57,642.9,1595.09,137.0
53,59,1402.28,642.57,1590.82,136.0
53,60,1410.95,642.67,1592.16,135.0
53,61,1407.31,642.73,1592.11,134.0
53,62,1403.0,642.78,1586.26,133.0
53,63,1401.63,642.57,1584.07,132.0
53,64,1408.07,642.37,1583.46,131.0
53,65,1403.41,642.21,1590.83,130.0
53,66,1403.22,642.7,1589.4,129.0
53,67,1405.79,642.99,1590.4,128.0
53,68,1398.04,642.52,1587.8,127.0
53,69,1400.3,642.68,1590.93,126.0
53,70,1407.24,642.78,1588.58,125.0
53,71,1404.61,642.69,1589.16,124.0
53,72,1401.51,642.54,1598.75,123.0
53,73,1412.01,642.49,1588.8,122.0
53,74,1409.58,642.56,1590.85,121.0
53,75,1407.58,642.35,1585.98,120.0
53,76,1408.82,642.87,1586.4,119.0
53,77,1401.85,642.18,1588.19,118.0
53,78,1413.18,642.59,1589.05,117.0
53,79,1396.14,642.38,1585.03,116.0
53,80,1410.08,642.53,1584.9,115.0
53,81,1409.75,642.29,1592.86,114.0
53,82,1406.89,642.8,1591.78,113.0
53,83,1399.88,642.73,1592.55,112.0
53,84,1409.45,642.98,1588.77,111.0
53,85,1413.3,642.59,1586.46,110.0
53,86,1408.09,642.35,1584.41,109.0
53,87,1411.09,642.84,1589.9,108.0
53,88,1401.32,642.19,1592.5,107.0
53,89,1407.6,642.32,1592.64,106.0
53,90,1409.87,642.4,1589.2,105.0
53,91,1405.58,642.35,1587.43,104.0
53,92,1411.44,642.46,1591.63,103.0
53,93,1404.6,642.96,1585.07,102.0
53,94,1407.85,642.68,1586.29,101.0
53,95,1412.84,642.6,1587.04,100.0
53,96,1408.94,642.29,1596.43,99.0
53,97,1407.11,642.35,1581.37,98.0
53,98,1410.02,642.4,1587.2,97.0
53,99,1417.45,642.77,1588.04,96.0
53,100,1407.06,642.39,1588.38,95.0
53,101,1399.99,642.28,1588.93,94.0
53,102,1406.42,642.77,1587.02,93.0
53,103,1408.39,642.62,1593.98,92.0
53,104,1401.44,643.12,1592.45,91.0
53,105,1400.56,642.88,1587.68,90.0
53,106,1406.04,642.49,1590.96,89.0
53,107,1410.21,642.53,1588.82,88.0
53,108,1409.01,642.79,1592.31,87.0
53,109,1404.35,642.13,1590.81,86.0
53,110,1406.5,642.55,1585.66,85.0
53,111,1405.52,642.57,1589.76,84.0
53,112,1406.86,642.91,1591.62,83.0
53,113,1411.99,642.7,1585.47,82.0
53,114,1412.76,642.56,1593.36,81.0
53,115,1410.6,642.55,1589.46,80.0
53,116,1403.62,642.41,1588.68,79.0
53,117,1410.49,642.7,1593.44,78.0
53,118,1403.49,642.6,1590.73,77.0
53,119,1406.6,642.81,1595.17,76.0
53,120,1406.24,642.4,1592.45,75.0
53,121,1408.57,642.69,1591.1,74.0
53,122,1407.02,642.89,1585.09,73.0
53,123,1412.45,643.32,1595.18,72.0
53,124,1410.38,642.86,1591.25,71.0
53,125,1415.68,643.2,1587.13,70.0
53,126,1409.78,642.76,1585.75,69.0
53,127,1409.54,642.51,1590.28,68.0
53,128,1410.81,642.5,1586.28,67.0
53,129,1414.36,642.6,1586.63,66.0
53,130,1404.66,642.98,1594.42,65.0
53,131,1415.54,642.17,1591.61,64.0
53,132,1411.1,642.64,1583.62,63.0
53,133,1417.37,642.47,1592.05,62.0
53,134,1407.34,643.11,1595.75,61.0
53,135,1409.4,643.1,1596.3,60.0
53,136,1410.97,642.49,1594.19,59.0
53,137,1405.96,642.87,1586.57,58.0
53,138,1409.79,642.6,1586.84,57.0
53,139,1417.68,642.53,1589.31,56.0
53,140,1412.49,642.91,1597.66,55.0
53,141,1407.86,642.93,1589.98,54.0
53,142,1413.43,642.6,1588.17,53.0
53,143,1413.82,642.91,1599.75,52.0
53,144,1410.25,641.99,1593.98,51.0
53,145,1413.8,642.41,1593.01,50.0
53,146,1410.04,643.13,1595.32,49.0
53,147,1409.47,642.92,1583.95,48.0
53,148,1410.03,642.84,1598.57,47.0
53,149,1412.64,642.69,1599.77,46.0
53,150,1409.39,643.31,1588.61,45.0
53,151,1421.22,643.02,1595.37,44.0
53,152,1415.53,642.57,1589.71,43.0
53,153,1413.13,643.04,1594.75,42.0
53,154,1407.29,643.03,1596.1,41.0
53,155,1418.16,643.16,1591.2,40.0
53,156,1410.85,642.9,1590.62,39.0
53,157,1401.54,643.36,1597.67,38.0
53,158,1414.7,642.61,1586.39,37.0
53,159,1414.58,642.95,1593.91,36.0
53,160,1413.14,642.56,1592.66,35.0
53,161,1415.9,643.05,1596.4,34.0
53,162,1411.69,643.39,1589.57,33.0
53,163,1418.94,643.46,1593.89,32.0
53,164,1423.34,643.3,1593.14,31.0
53,165,1414.19,643.23,1593.42,30.0
53,166,1412.26,643.12,1597.62,29.0
53,167,1422.17,643.1,1595.83,28.0
53,168,1420.62,643.08,1600.46,27.0
53,169,1419.9,643.73,1599.73,26.0
53,170,1421.87,643.02,1595.92,25.0
53,171,1416.71,643.07,1595.05,24.0
53,172,1417.09,643.21,1591.8,23.0
53,173,1407.21,643.39,1601.08,22.0
53,174,1422.38,643.13,1601.25,21.0
53,175,1416.79,643.21,1596.61,20.0
53,176,1416.65,643.06,1594.02,19.0
53,177,1415.09,643.37,1597.61,18.0
53,178,1423.78,642.68,1596.45,17.0
53,179,1421.71,642.87,1596.82,16.0
53,180,1414.61,643.2,1599.77,15.0
53,181,1424.12,643.19,1598.61,14.0
53,182,1424.75,643.28,1596.58,13.0
53,183,1428.43,643.33,1597.62,12.0
53,184,1425.08,643.98,1598.65,11.0
53,185,1420.29,643.44,1600.4,10.0
53,186,1421.44,643.76,1603.49,9.0
53,187,1426.43,643.7,1600.45,8.0
53,188,1419.71,643.43,1605.95,7.0
53,189,1429.04,644.12,1602.6,6.0
53,190,1421.84,643.94,1599.71,5.0
53,191,1424.87,644.16,1608.16,4.0
53,192,1429.98,643.24,1607.08,3.0
53,193,1431.6,643.48,1605.99,2.0
53,194,1429.29,643.97,1605.24,1.0
53,195,1423.19,644.18,1612.63,0.0
54,1,1395.54,642.55,1582.13,256.0
54,2,1399.09,642.43,1585.29,255.0
54,3,1406.34,642.05,1578.18,254.0
54,4,1395.75,642.33,1582.9,253.0
54,5,1396.71,641.6,1580.9,252.0
54,6,1402.14,641.79,1586.12,251.0
54,7,1399.72,642.24,1581.51,250.0
54,8,1391.81,642.02,1584.37,249.0
54,9,1398.73,642.1,1580.37,248.0
54,10,1397.06,641.84,1587.73,247.0
54,11,1395.48,642.12,1591.03,246.0
54,12,1400.94,642.28,1585.08,245.0
54,13,1398.01,642.53,1583.77,244.0
54,14,1400.1,642.09,1576.44,243.0
54,15,1396.34,642.06,1583.65,242.0
54,16,1392.85,642.35,1591.18,241.0
54,17,1394.06,642.28,1586.23,240.0
54,18,1393.99,641.87,1579.23,239.0
54,19,1399.71,641.95,1584.51,238.0
54,20,1404.71,642.57,1580.06,237.0
54,21,1398.54,641.86,1581.29,236.0
54,22,1397.13,641.99,1587.52,235.0
54,23,1400.76,641.9,1580.25,234.0
54,24,1396.06,642.68,1583.76,233.0
54,25,1397.93,642.19,1590.68,232.0
54,26,1398.27,642.21,1582.08,231.0
54,27,1394.06,642.09,1582.84,230.0
54,28,1392.16,641.84,1583.22,229.0
54,29,1404.53,642.16,1590.72,228.0
54,30,1401.77,642.08,1583.34,227.0
54,31,1402.23,642.05,1586.25,226.0
54,32,1398.24,642.64,1584.63,225.0
54,33,1396.15,642.29,1578.38,224.0
54,34,1392.55,641.95,1583.94,223.0
54,35,1395.25,642.01,1574.81,222.0
54,36,1401.71,641.76,1584.06,221.0
54,37,1394.68,641.9,1584.95,220.0
54,38,1397.08,642.28,1582.82,219.0
54,39,1393.86,642.33,1585.26,218.0
54,40,1396.25,642.09,1585.52,217.0
54,41,1398.75,642.32,1575.94,216.0
54,42,1394.76,642.19,1581.22,215.0
54,43,1387.94,642.06,1581.53,214.0
54,44,1392.19,641.91,1586.91,213.0
54,45,1399.13,642.31,1580.91,212.0
54,46,1399.51,642.1,1588.99,211.0
54,47,1392.07,642.4,1579.86,210.0
54,48,1393.97,642.39,1592.11,209.0
54,49,1405.03,642.42,1580.66,208.0
54,50,1397.5,642.03,1583.54,207.0
54,51,1399.23,642.27,1583.88,206.0
54,52,1400.04,641.98,1578.4,205.0
54,53,1407.54,642.33,1580.99,204.0
54,54,1392.46,642.1,1581.1,203.0
54,55,1400.43,641.57,1588.91,202.0
54,56,1400.81,642.49,1583.25,201.0
54,57,1391.68,642.39,1580.33,200.0
54,58,1394.56,642.09,1592.4,199.0
54,59,1403.47,642.19,1585.77,198.0
54,60,1398.54,641.79,1575.58,197.0
54,61,1405.55,642.11,1579.02,196.0
54,62,1400.04,641.95,1581.94,195.0
54,63,1399.97,642.31,1576.09,194.0
54,64,1388.31,642.16,1592.19,193.0
54,65,1398.21,641.92,1593.2,192.0
54,66,1401.06,642.56,1583.41,191.0
54,67,1402.83,642.13,1586.19,190.0
54,68,1400.42,642.1,1590.38,189.0
54,69,1396.5,641.76,1581.71,188.0
54,70,1401.26,642.37,1590.55,187.0
54,71,1401.82,642.06,1592.71,186.0
54,72,1397.42,642.25,1585.7,185.0
54,73,1397.45,642.41,1587.43,184.0
54,74,1402.04,642.13,1579.33,183.0
54,75,1402.66,641.72,1592.22,182.0
54,76,1401.24,642.26,1588.11,181.0
54,77,1398.2,641.86,1584.14,180.0
54,78,1397.2,642.09,1590.28,179.0
54,79,1400.15,642.18,1587.41,178.0
54,80,1395.51,642.61,1588.24,177.0
54,81,1394.95,641.95,1581.03,176.0
54,82,1396.24,641.88,1580.45,175.0
54,83,1399.51,642.01,1585.08,174.0
54,84,1402.32,642.62,1585.66,173.0
54,85,1404.67,642.65,1587.19,172.0
54,86,1396.17,641.66,1587.7,171.0
54,87,1401.18,641.7,1582.42,170.0
54,88,1405.93,642.16,1592.99,169.0
54,89,1404.31,641.64,1594.32,168.0
54,90,1401.61,642.18,1590.28,167.0
54,91,1395.14,641.97,1582.99,166.0
54,92,1405.57,641.78,1589.91,165.0
54,93,1399.91,642.26,1586.87,164.0
54,94,1398.29,642.14,1583.67,163.0
54,95,1396.98,642.57,1584.73,162.0
54,96,1406.2,642.3,1586.66,161.0
54,97,1399.02,642.31,1590.24,160.0
54,98,1399.51,642.55,1587.71,159.0
54,99,1405.55,642.47,1595.37,158.0
54,100,1399.06,642.54,1579.7,157.0
54,101,1387.86,642.37,1583.81,156.0
54,102,1396.12,642.38,1587.64,155.0
54,103,1403.2,641.94,1578.25,154.0
54,104,1397.57,641.75,1589.03,153.0
54,105,1398.16,642.38,1590.66,152.0
54,106,1393.81,642.45,1580.18,151.0
54,107,1402.59,642.07,1591.93,150.0
54,108,1407.44,641.96,1590.26,149.0
54,109,1397.49,642.21,1580.99,148.0
54,110,1395.06,642.18,1587.56,147.0
54,111,1401.67,642.53,1584.33,146.0
54,112,1407.03,642.27,1587.04,145.0
54,113,1404.3,641.81,1586.81,144.0
54,114,1400.23,642.07,1579.82,143.0
54,115,1397.34,642.53,1585.47,142.0
54,116,1393.06,642.47,1580.79,141.0
54,117,1404.3,642.14,1587.44,140.0
54,118,1404.7,642.2,1587.26,139.0
54,119,1396.47,642.1,1589.47,138.0
54,120,1400.24,642.39,1582.88,137.0
54,121,1405.67,642.34,1591.76,136.0
54,122,1396.1,642.3,1593.16,135.0
54,123,1397.4,642.24,1590.11,134.0
54,124,1400.53,642.17,1588.28,133.0
54,125,1398.09,642.33,1584.97,132.0
54,126,1398.05,642.3,1586.81,131.0
54,127,1410.12,642.33,1579.33,130.0
54,128,1404.52,642.29,1583.79,129.0
54,129,1397.57,642.43,1591.09,128.0
54,130,1403.03,642.74,1587.07,127.0
54,131,1400.96,642.34,1596.69,126.0
54,132,1399.96,642.06,1583.83,125.0
54,133,1400.45,642.14,1587.87,124.0
54,134,1400.55,642.47,1586.43,123.0
54,135,1392.75,642.64,1589.29,122.0
54,136,1395.93,642.26,1588.03,121.0
54,137,1399.98,642.59,1594.35,120.0
54,138,1405.58,642.24,1584.89,119.0
54,139,1402.54,642.35,1584.74,118.0
54,140,1399.55,642.17,1588.78,117.0
54,141,1403.79,642.12,1583.48,116.0
54,142,1397.51,642.66,1588.86,115.0
54,143,1412.94,641.99,1584.79,114.0
54,144,1396.31,642.72,1584.83,113.0
54,145,1408.93,642.52,1581.0,112.0
54,146,1402.27,642.17,1593.55,111.0
54,147,1399.66,642.34,1583.4,110.0
54,148,1398.66,641.64,1583.9,109.0
54,149,1406.46,642.39,1587.92,108.0
54,150,1405.82,642.15,1586.49,107.0
54,151,1403.9,642.03,1588.77,106.0
54,152,1402.0,641.97,1593.09,105.0
54,153,1405.25,642.27,1582.42,104.0
54,154,1402.58,642.07,1590.96,103.0
54,155,1400.0,642.68,1592.73,102.0
54,156,1409.89,642.32,1586.38,101.0
54,157,1402.37,642.9,1579.37,100.0
54,158,1408.51,642.28,1595.5,99.0
54,159,1402.11,642.82,1584.54,98.0
54,160,1406.29,642.16,1594.12,97.0
54,161,1396.82,642.76,1596.25,96.0
54,162,1401.81,642.73,1594.05,95.0
54,163,1403.82,642.27,1577.69,94.0
54,164,1412.75,642.44,1587.98,93.0
54,165,1402.31,642.29,1592.6,92.0
54,166,1406.89,642.65,1584.04,91.0
54,167,1402.07,642.75,1590.85,90.0
54,168,1417.21,642.63,1587.77,89.0
54,169,1403.38,642.63,1587.2,88.0
54,170,1405.77,642.2,1581.76,87.0
54,171,1397.52,642.32,1586.56,86.0
54,172,1402.06,642.31,1586.36,85.0
54,173,1394.86,642.87,1595.46,84.0
54,174,1412.06,642.12,1593.79,83.0
54,175,1412.1,642.32,1587.74,82.0
54,176,1403.86,642.55,1586.65,81.0
54,177,1400.71,642.85,1588.93,80.0
54,178,1403.58,642.52,1588.77,79.0
54,179,1403.59,642.59,1589.93,78.0
54,180,1403.98,642.8,1585.65,77.0
54,181,1408.06,642.38,1593.9,76.0
54,182,1406.42,642.08,1589.32,75.0
54,183,1409.14,642.36,1592.31,74.0
54,184,1408.27,642.61,1587.65,73.0
54,185,1406.98,643.01,1595.92,72.0
54,186,1405.07,643.03,1604.66,71.0
54,187,1398.96,642.56,1593.65,70.0
54,188,1403.55,642.56,1590.17,69.0
54,189,1403.43,642.94,1587.47,68.0
54,190,1406.17,642.5,1589.67,67.0
54,191,1404.74,642.43,1590.09,66.0
54,192,1408.25,642.44,1592.39,65.0
54,193,1403.39,643.42,1592.58,64.0
54,194,1405.97,643.16,1592.93,63.0
54,195,1408.78,642.64,1594.47,62.0
54,196,1414.7,642.97,1588.71,61.0
54,197,1405.62,642.99,1590.12,60.0
54,198,1412.63,642.9,1590.87,59.0
54,199,1409.22,643.12,1590.4,58.0
54,200,1410.77,642.68,1590.26,57.0
54,201,1413.82,642.93,1599.22,56.0
54,202,1406.89,642.3,1593.24,55.0
54,203,1409.21,643.31,1591.71,54.0
54,204,1412.56,642.95,1589.13,53.0
54,205,1412.58,642.21,1593.81,52.0
54,206,1411.97,642.28,1584.04,51.0
54,207,1413.16,642.67,1596.18,50.0
54,208,1415.7,642.9,1594.94,49.0
54,209,1405.05,642.86,1590.57,48.0
54,210,1413.54,642.7,1597.82,47.0
54,211,1414.33,643.01,1595.22,46.0
54,212,1413.03,643.19,1598.56,45.0
54,213,1408.44,643.32,1599.83,44.0
54,214,1418.8,643.08,1592.65,43.0
54,215,1419.14,642.62,1594.85,42.0
54,216,1414.6,642.38,1602.84,41.0
54,217,1420.62,643.39,1595.79,40.0
54,218,1421.33,643.05,1596.68,39.0
54,219,1409.63,642.33,1601.75,38.0
54,220,1414.54,642.75,1594.81,37.0
54,221,1408.19,643.34,1596.92,36.0
54,222,1417.76,643.07,1597.61,35.0
54,223,1411.03,642.91,1596.45,34.0
54,224,1419.4,643.04,1597.27,33.0
54,225,1415.16,643.46,1595.86,32.0
54,226,1416.28,642.8,1602.52,31.0
54,227,1422.99,643.36,1594.94,30.0
54,228,1415.8,642.88,1589.28,29.0
54,229,1416.1,642.8,1595.84,28.0
54,230,1420.21,642.98,1599.85,27.0
54,231,1416.09,643.35,1595.99,26.0
54,232,1417.45,642.88,1602.41,25.0
54,233,1415.61,643.74,1601.33,24.0
54,234,1416.21,643.16,1600.83,23.0
54,235,1420.38,643.22,1599.07,22.0
54,236,1419.42,643.18,1592.95,21.0
54,237,1415.38,643.01,1599.31,20.0
54,238,1424.77,644.02,1593.76,19.0
54,239,1422.58,643.45,1597.12,18.0
54,240,1428.36,643.03,1592.03,17.0
54,241,1422.58,643.11,1595.36,16.0
54,242,1427.83,643.32,1596.45,15.0
54,243,1419.5,643.39,1595.0,14.0
54,244,1425.86,643.89,1606.81,13.0
54,245,1423.01,643.1,1605.07,12.0
54,246,1418.44,643.17,1595.48,11.0
54,247,1425.05,643.62,1599.48,10.0
54,248,1424.14,643.35,1597.52,9.0
54,249,1424.88,643.67,1602.33,8.0
54,250,1425.69,643.81,1600.81,7.0
54,251,1420.83,643.56,1601.33,6.0
54,252,1425.75,643.21,1608.14,5.0
54,253,1425.78,643.18,1603.81,4.0
54,254,1426.06,643.88,1607.47,3.0
54,255,1427.77,644.27,1608.6,2.0
54,256,1426.84,643.26,1603.84,1.0
54,257,1433.26,643.8,1601.79,0.0
55,1,1407.45,642.58,1583.77,192.0
55,2,1414.47,642.14,1588.23,191.0
55,3,1394.99,642.58,1591.48,190.0
55,4,1403.6,643.13,1587.15,189.0
55,5,1403.63,642.29,1585.74,188.0
55,6,1413.67,642.37,1581.14,187.0
55,7,1405.68,642.07,1582.69,186.0
55,8,1408.63,642.26,1584.97,185.0
55,9,1403.04,642.34,1597.86,184.0
55,10,1398.95,642.43,1589.78,183.0
55,11,1402.85,642.76,1583.23,182.0
55,12,1403.54,642.1,1592.64,181.0
55,13,1401.58,642.1,1595.2,180.0
55,14,1403.01,642.31,1591.19,179.0
55,15,1401.38,642.85,1580.98,178.0
55,16,1410.09,642.82,1597.64,177.0
55,17,1403.37,642.36,1590.75,176.0
55,18,1403.35,642.59,1591.03,175.0
55,19,1410.26,643.03,1589.11,174.0
55,20,1410.96,642.44,1593.78,173.0
55,21,1403.02,642.5,1581.61,172.0
55,22,1409.29,643.07,1583.91,171.0
55,23,1411.58,642.71,1588.78,170.0
55,24,1404.45,641.71,1590.36,169.0
55,25,1408.9,642.24,1586.67,168.0
55,26,1400.53,642.07,1585.16,167.0
55,27,1412.27,642.31,1589.68,166.0
55,28,1404.99,642.55,1589.38,165.0
55,29,1408.66,642.53,1589.68,164.0
55,30,1403.38,642.07,1590.39,163.0
55,31,1399.6,642.59,1590.3,162.0
55,32,1404.47,642.44,1591.72,161.0
55,33,1412.03,642.7,1587.7,160.0
55,34,1401.31,642.55,1586.17,159.0
55,35,1405.42,642.71,1591.51,158.0
55,36,1400.94,642.42,1586.16,157.0
55,37,1399.72,642.34,1590.66,156.0
55,38,1405.96,643.03,1587.43,155.0
55,39,1407.22,643.21,1587.54,154.0
55,40,1400.48,642.54,1584.95,153.0
55,41,1417.32,642.5,1588.53,152.0
55,42,1403.59,642.46,1593.49,151.0
55,43,1404.7,642.71,1586.63,150.0
55,44,1401.61,642.2,1587.01,149.0
55,45,1399.45,643.06,1585.46,148.0
55,46,1404.44,642.3,1588.39,147.0
55,47,1403.73,642.5,1583.4,146.0
55,48,1406.0,642.44,1589.78,145.0
55,49,1408.59,642.5,1590.36,144.0
55,50,1404.47,642.84,1583.56,143.0
55,51,1403.49,642.96,1589.7,142.0
55,52,1405.09,642.32,1587.98,141.0
55,53,1408.01,642.34,1591.16,140.0
55,54,1405.22,642.66,1594.07,139.0
55,55,1403.02,642.75,1593.89,138.0
55,56,1409.91,642.35,1590.24,137.0
55,57,1402.71,642.89,1588.72,136.0
55,58,1398.28,642.24,1590.47,135.0
55,59,1408.89,642.57,1591.21,134.0
55,60,1409.02,642.49,1592.26,133.0
55,61,1401.48,642.94,1585.62,132.0
55,62,1412.35,642.78,1583.55,131.0
55,63,1413.15,642.66,1590.91,130.0
55,64,1407.78,642.3,1579.07,129.0
55,65,1401.08,642.62,1586.74,128.0
55,66,1400.59,642.62,1583.04,127.0
55,67,1399.91,642.6,1592.75,126.0
55,68,1403.38,642.16,1586.02,125.0
55,69,1410.41,642.64,1585.44,124.0
55,70,1399.18,642.99,1592.12,123.0
55,71,1415.51,642.73,1588.9,122.0
55,72,1403.71,642.76,1583.57,121.0
55,73,1403.74,642.14,1588.68,120.0
55,74,1403.01,642.22,1595.04,119.0
55,75,1409.8,643.37,1593.63,118.0
55,76,1404.59,642.89,1585.87,117.0
55,77,1409.27,642.94,1586.69,116.0
55,78,1400.89,642.71,1586.63,115.0
55,79,1407.54,642.11,1583.81,114.0
55,80,1402.03,642.09,1591.77,113.0
55,81,1398.25,643.15,1593.2,112.0
55,82,1401.86,642.14,1580.88,111.0
55,83,1413.33,642.39,1593.43,110.0
55,84,1405.1,642.88,1589.07,109.0
55,85,1407.64,642.32,1590.05,108.0
55,86,1403.18,642.65,1591.96,107.0
55,87,1405.89,642.36,1584.24,106.0
55,88,1405.85,642.43,1589.3,105.0
55,89,1406.59,642.51,1584.39,104.0
55,90,1407.56,642.73,1593.85,103.0
55,91,1403.36,642.51,1587.86,102.0
55,92,1408.65,642.37,1596.03,101.0
55,93,1408.05,642.69,1586.82,100.0
55,94,1405.93,641.84,1587.43,99.0
55,95,1410.05,642.68,1595.63,98.0
55,96,1406.37,643.13,1591.41,97.0
55,97,1407.78,642.8,1590.84,96.0
55,98,1411.59,642.08,1592.72,95.0
55,99,1407.28,642.58,1593.06,94.0
55,100,1413.72,642.19,1596.67,93.0
55,101,1412.5,642.7,1584.46,92.0
55,102,1398.5,642.62,1581.68,91.0
55,103,1401.89,642.68,1584.27,90.0
55,104,1405.24,642.48,1587.57,89.0
55,105,1402.1,642.55,1586.78,88.0
55,106,1412.56,643.26,1592.36,87.0
55,107,1408.59,642.02,1586.51,86.0
55,108,1413.36,642.56,1587.67,85.0
55,109,1409.02,642.33,1584.97,84.0
55,110,1412.48,642.73,1592.47,83.0
55,111,1404.46,642.83,1591.15,82.0
55,112,1411.59,642.87,1585.11,81.0
55,113,1407.43,642.35,1589.86,80.0
55,114,1402.95,642.76,1585.83,79.0
55,115,1408.19,642.54,1590.64,78.0
55,116,1415.36,642.55,1592.31,77.0
55,117,1409.93,643.14,1584.12,76.0
55,118,1409.37,642.92,1581.42,75.0
55,119,1408.51,642.6,1586.61,74.0
55,120,1403.25,642.42,1587.74,73.0
55,121,1408.81,642.61,1596.47,72.0
55,122,1410.14,642.31,1589.76,71.0
55,123,1400.24,642.89,1587.19,70.0
55,124,1405.01,642.37,1589.57,69.0
55,125,1411.02,642.57,1587.4,68.0
55,126,1407.49,642.59,1589.12,67.0
55,127,1416.24,642.29,1588.75,66.0
55,128,1408.37,642.18,1589.23,65.0
55,129,1415.28,642.87,1593.23,64.0
55,130,1416.33,643.01,1585.13,63.0
55,131,1406.76,642.19,1597.37,62.0
55,132,1413.84,642.48,1588.38,61.0
55,133,1410.11,642.98,1590.68,60.0
55,134,1415.02,642.02,1594.72,59.0
55,135,1409.81,643.3,1588.01,58.0
55,136,1411.09,642.21,1588.73,57.0
55,137,1404.53,642.03,1595.69,56.0
55,138,1410.59,642.83,1596.59,55.0
55,139,1411.75,642.59,1592.34,54.0
55,140,1412.05,642.74,1589.54,53.0
55,141,1410.82,642.5,1593.92,52.0
55,142,1406.88,642.36,1588.12,51.0
55,143,1421.33,642.69,1590.15,50.0
55,144,1408.55,642.46,1592.35,49.0
55,145,1410.1,643.29,1589.33,48.0
55,146,1414.97,642.81,1593.24,47.0
55,147,1412.3,643.04,1592.89,46.0
55,148,1412.65,643.37,1594.68,45.0
55,149,1418.87,642.91,1591.84,44.0
55,150,1416.18,643.05,1595.6,43.0
55,151,1413.07,642.57,1594.96,42.0
55,152,1410.69,642.95,1588.97,41.0
55,153,1416.69,642.51,1594.5,40.0
55,154,1414.14,642.55,1594.99,39.0
55,155,1410.76,643.26,1596.05,38.0
55,156,1415.63,643.19,1593.73,37.0
55,157,1415.83,643.09,1593.53,36.0
55,158,1415.04,643.51,1584.41,35.0
55,159,1414.97,642.57,1599.61,34.0
55,160,1414.7,643.49,1591.38,33.0
55,161,1412.6,642.67,1588.38,32.0
55,162,1412.84,643.19,1592.88,31.0
55,163,1406.53,642.32,1596.07,30.0
55,164,1409.95,642.76,1595.75,29.0
55,165,1420.05,643.54,1593.31,28.0
55,166,1417.8,643.32,1593.15,27.0
55,167,1417.8,643.24,1588.13,26.0
55,168,1412.62,642.83,1594.65,25.0
55,169,1418.22,643.26,1597.91,24.0
55,170,1421.72,643.41,1595.6,23.0
55,171,1414.04,642.35,1593.12,22.0
55,172,1420.08,643.19,1601.67,21.0
55,173,1418.59,643.24,1605.51,20.0
55,174,1416.72,643.56,1594.55,19.0
55,175,1410.57,643.58,1591.38,18.0
55,176,1418.55,643.04,1598.13,17.0
55,177,1421.75,643.07,1601.48,16.0
55,178,1426.51,643.18,1596.41,15.0
55,179,1423.69,643.68,1604.72,14.0
55,180,1426.88,643.04,1602.17,13.0
55,181,1422.39,643.54,1605.78,12.0
55,182,1426.26,643.61,1603.56,11.0
55,183,1422.22,643.39,1602.98,10.0
55,184,1430.58,643.28,1594.2,9.0
55,185,1428.37,643.37,1596.77,8.0
55,186,1421.37,643.76,1597.46,7.0
55,187,1427.47,643.85,1598.54,6.0
55,188,1421.49,643.59,1601.81,5.0
55,189,1433.9,643.64,1607.33,4.0
55,190,1438.1,643.69,1604.96,3.0
55,191,1427.08,643.43,1602.96,2.0
55,192,1427.12,643.59,1600.12,1.0
55,193,1433.56,644.01,1605.12,0.0
56,1,1405.96,642.57,1591.56,274.0
56,2,1415.44,642.75,1586.44,273.0
56,3,1410.81,642.47,1584.96,272.0
56,4,1403.7,642.52,1587.64,271.0
56,5,1411.17,642.51,1587.8,270.0
56,6,1401.46,643.08,1593.15,269.0
56,7,1408.88,642.52,1589.19,268.0
56,8,1405.88,642.73,1585.09,267.0
56,9,1409.73,643.07,1586.0,266.0
56,10,1409.36,642.56,1591.69,265.0
56,11,1409.87,643.0,1591.38,264.0
56,12,1406.95,642.71,1589.35,263.0
56,13,1402.8,643.01,1593.52,262.0
56,14,1407.53,642.11,1589.07,261.0
56,15,1408.41,642.38,1584.78,260.0
56,16,1400.65,643.19,1590.76,259.0
56,17,1413.36,642.85,1589.32,258.0
56,18,1411.48,642.9,1595.72,257.0
56,19,1408.61,642.07,1588.96,256.0
56,20,1409.01,642.79,1588.4,255.0
56,21,1405.39,642.43,1589.18,254.0
56,22,1398.7,642.31,1592.3,253.0
56,23,1414.61,642.6,1586.27,252.0
56,24,1408.53,642.05,1587.45,251.0
56,25,1405.08,642.83,1589.49,250.0
56,26,1418.45,642.75,1591.81,249.0
56,27,1400.57,643.2,1594.66,248.0
56,28,1410.47,642.17,1592.05,247.0
56,29,1403.53,642.88,1593.33,246.0
56,30,1409.46,642.54,1590.92,245.0
56,31,1411.89,642.62,1589.65,244.0
56,32,1409.01,642.56,1589.25,243.0
56,33,1414.89,642.71,1593.05,242.0
56,34,1414.14,642.21,1594.65,241.0
56,35,1407.29,642.42,1589.81,240.0
56,36,1401.82,642.3,1585.1,239.0
56,37,1406.48,642.41,1591.27,238.0
56,38,1404.82,642.77,1595.03,237.0
56,39,1410.69,641.91,1592.36,236.0
56,40,1411.38,642.53,1588.66,235.0
56,41,1410.19,642.27,1595.57,234.0
56,42,1408.09,643.1,1595.98,233.0
56,43,1408.08,642.51,1588.29,232.0
56,44,1405.88,642.36,1583.49,231.0
56,45,1410.75,642.55,1586.54,230.0
56,46,1412.19,642.55,1593.62,229.0
56,47,1408.24,642.34,1591.89,228.0
56,48,1408.37,642.37,1587.48,227.0
56,49,1412.02,643.3,1589.21,226.0
56,50,1413.06,643.1,1595.74,225.0
56,51,1410.29,642.27,1587.17,224.0
56,52,1416.97,642.7,1585.22,223.0
56,53,1417.72,642.25,1590.36,222.0
56,54,1406.14,642.45,1596.33,221.0
56,55,1410.4,642.74,1597.18,220.0
56,56,1403.98,642.13,1595.68,219.0
56,57,1404.34,642.85,1590.98,218.0
56,58,1406.58,642.63,1589.69,217.0
56,59,1408.07,642.67,1591.73,216.0
56,60,1407.94,642.96,1584.03,215.0
56,61,1413.33,642.44,1595.28,214.0
56,62,1408.41,643.09,1583.97,213.0
56,63,1406.8,642.61,1598.75,212.0
56,64,1410.59,642.67,1590.19,211.0
56,65,1401.98,642.76,1595.39,210.0
56,66,1413.59,643.23,1591.14,209.0
56,67,1407.17,643.1,1587.15,208.0
56,68,1407.22,642.53,1592.48,207.0
56,69,1404.07,642.38,1590.76,206.0
56,70,1406.82,642.41,1589.1,205.0
56,71,1409.56,642.02,1597.42,204.0
56,72,1411.67,642.58,1592.07,203.0
56,73,1409.13,642.56,1591.76,202.0
56,74,1407.98,642.84,1592.68,201.0
56,75,1408.61,642.64,1596.34,200.0
56,76,1406.31,642.98,1586.72,199.0
56,77,1412.34,642.92,1589.7,198.0
56,78,1400.84,643.14,1593.19,197.0
56,79,1414.03,642.98,1591.55,196.0
56,80,1409.68,642.82,1591.82,195.0
56,81,1407.03,642.34,1600.28,194.0
56,82,1411.89,642.56,1588.29,193.0
56,83,1412.47,642.54,1593.71,192.0
56,84,1406.1,642.86,1585.56,191.0
56,85,1406.44,642.45,1596.2,190.0
56,86,1413.68,641.96,1600.06,189.0
56,87,1407.2,642.59,1595.2,188.0
56,88,1410.13,643.11,1589.19,187.0
56,89,1414.8,642.92,1588.62,186.0
56,90,1406.15,642.92,1587.11,185.0
56,91,1411.83,642.89,1588.1,184.0
56,92,1407.95,643.09,1588.19,183.0
56,93,1407.54,642.84,1589.12,182.0
56,94,1410.66,642.77,1592.93,181.0
56,95,1410.88,642.62,1588.9,180.0
56,96,1410.66,642.73,1591.69,179.0
56,97,1418.57,643.19,1584.04,178.0
56,98,1403.25,642.21,1590.16,177.0
56,99,1409.41,643.29,1589.54,176.0
56,100,1403.95,642.84,1594.03,175.0
56,101,1405.36,643.1,1589.6,174.0
56,102,1406.69,642.65,1596.89,173.0
56,103,1410.57,642.79,1589.91,172.0
56,104,1414.43,643.26,1600.4,171.0
56,105,1408.77,642.68,1586.09,170.0
56,106,1413.97,642.9,1595.62,169.0
56,107,1414.48,642.61,1589.02,168.0
56,108,1413.36,642.55,1587.67,167.0
56,109,1411.71,643.18,1586.81,166.0
56,110,1409.06,642.48,1587.27,165.0
56,111,1411.4,642.62,1587.73,164.0
56,112,1406.91,642.61,1592.48,163.0
56,113,1404.15,642.98,1584.64,162.0
56,114,1413.22,642.89,1597.0,161.0
56,115,1405.55,642.47,1593.31,160.0
56,116,1406.79,643.38,1598.45,159.0
56,117,1415.93,642.71,1589.16,158.0
56,118,1406.91,643.03,1584.89,157.0
56,119,1410.4,642.52,1587.17,156.0
56,120,1403.59,643.22,1583.97,155.0
56,121,1410.27,642.88,1596.71,154.0
56,122,1412.89,642.81,1591.33,153.0
56,123,1405.87,642.83,1588.97,152.0
56,124,1405.86,641.94,1586.53,151.0
56,125,1411.64,642.5,1592.09,150.0
56,126,1421.08,643.09,1600.61,149.0
56,127,1412.38,642.25,1593.89,148.0
56,128,1409.77,642.59,1589.4,147.0
56,129,1408.44,642.79,1592.54,146.0
56,130,1406.79,642.96,1590.93,145.0
56,131,1413.49,642.7,1589.34,144.0
56,132,1411.83,643.48,1589.91,143.0
56,133,1410.09,642.79,1588.7,142.0
56,134,1409.25,643.07,1595.55,141.0
56,135,1406.64,642.64,1590.5,140.0
56,136,1407.67,643.05,1589.27,139.0
56,137,1408.98,642.8,1590.1,138.0
56,138,1407.67,642.98,1594.31,137.0
56,139,1410.47,642.11,1592.15,136.0
56,140,1412.05,643.01,1596.72,135.0
56,141,1401.18,642.56,1589.66,134.0
56,142,1416.86,642.64,1591.82,133.0
56,143,1408.4,642.7,1586.98,132.0
56,144,1415.07,643.09,1591.47,131.0
56,145,1411.26,642.68,1587.35,130.0
56,146,1409.28,642.85,1593.88,129.0
56,147,1413.07,642.43,1587.0,128.0
56,148,1412.82,642.82,1592.57,127.0
56,149,1411.74,642.42,1593.76,126.0
56,150,1408.99,642.82,1587.29,125.0
56,151,1412.03,642.91,1591.52,124.0
56,152,1412.72,642.72,1592.78,123.0
56,153,1410.58,643.37,1591.31,122.0
56,154,1412.89,642.77,1590.2,121.0
56,155,1416.47,643.28,1594.47,120.0
56,156,1414.31,642.63,1601.2,119.0
56,157,1404.05,643.05,1591.1,118.0
56,158,1412.56,642.7,1588.57,117.0
56,159,1416.56,643.1,1585.93,116.0
56,160,1408.13,643.01,1595.43,115.0
56,161,1410.86,642.34,1597.74,114.0
56,162,1413.54,643.22,1588.33,113.0
56,163,1415.07,642.59,1595.33,112.0
56,164,1412.76,642.82,1585.12,111.0
56,165,1413.01,642.53,1594.23,110.0
56,166,1417.27,642.45,1596.94,109.0
56,167,1411.91,643.13,1605.29,108.0
56,168,1413.62,642.76,1593.78,107.0
56,169,1419.45,642.72,1588.5,106.0
56,170,1414.3,643.34,1594.93,105.0
56,171,1413.84,642.64,1596.4,104.0
56,172,1417.0,642.58,1589.93,103.0
56,173,1414.82,642.79,1593.86,102.0
56,174,1416.95,642.63,1590.38,101.0
56,175,1410.78,642.82,1602.2,100.0
56,176,1412.63,642.61,1598.06,99.0
56,177,1414.36,643.0,1591.71,98.0
56,178,1408.41,642.83,1592.44,97.0
56,179,1414.6,642.94,1590.75,96.0
56,180,1414.26,642.96,1591.41,95.0
56,181,1412.61,642.49,1585.32,94.0
56,182,1417.81,643.13,1589.24,93.0
56,183,1419.61,642.89,1593.07,92.0
56,184,1415.06,643.14,1586.26,91.0
56,185,1412.83,642.44,1603.28,90.0
56,186,1411.88,643.26,1593.33,89.0
56,187,1417.3,643.07,1590.25,88.0
56,188,1413.73,642.73,1589.98,87.0
56,189,1417.44,643.22,1587.95,86.0
56,190,1415.28,643.24,1592.88,85.0
56,191,1411.49,642.74,1593.95,84.0
56,192,1419.53,642.91,1601.2,83.0
56,193,1411.33,642.95,1591.95,82.0
56,194,1416.24,642.95,1596.1,81.0
56,195,1420.03,643.13,1597.06,80.0
56,196,1410.93,642.75,1591.89,79.0
56,197,1412.75,642.68,1594.42,78.0
56,198,1417.22,642.43,1593.62,77.0
56,199,1416.02,643.0,1592.82,76.0
56,200,1415.89,643.13,1592.04,75.0
56,201,1410.95,643.12,1589.61,74.0
56,202,1412.3,642.58,1594.01,73.0
56,203,1414.03,642.94,1593.56,72.0
56,204,1411.93,643.14,1594.0,71.0
56,205,1417.16,643.83,1586.47,70.0
56,206,1418.66,643.06,1591.91,69.0
56,207,1414.3,643.27,1596.96,68.0
56,208,1412.43,642.5,1594.88,67.0
56,209,1419.13,642.88,1589.1,66.0
56,210,1417.75,643.24,1594.84,65.0
56,211,1418.08,643.11,1585.46,64.0
56,212,1418.17,643.13,1595.33,63.0
56,213,1407.89,642.55,1600.45,62.0
56,214,1423.62,643.66,1596.02,61.0
56,215,1411.25,643.45,1597.34,60.0
56,216,1410.05,643.12,1587.95,59.0
56,217,1412.73,643.09,1599.81,58.0
56,218,1412.48,642.96,1590.78,57.0
56,219,1416.4,643.5,1593.99,56.0
56,220,1411.24,642.89,1599.72,55.0
56,221,1418.73,643.23,1593.24,54.0
56,222,1418.45,643.06,1602.55,53.0
56,223,1419.3,643.3,1587.77,52.0
56,224,1415.48,643.43,1592.33,51.0
56,225,1423.28,643.2,1592.55,50.0
56,226,1417.8,642.45,1598.26,49.0
56,227,1416.7,643.69,1598.19,48.0
56,228,1422.77,643.43,1594.75,47.0
56,229,1419.29,642.99,1600.46,46.0
56,230,1413.92,643.75,1594.0,45.0
56,231,1421.56,643.35,1597.06,44.0
56,232,1418.31,643.02,1594.17,43.0
56,233,1426.1,643.27,1596.16,42.0
56,234,1421.99,643.37,1593.5,41.0
56,235,1420.86,643.37,1599.26,40.0
56,236,1422.91,643.47,1599.43,39.0
56,237,1418.36,643.19,1598.33,38.0
56,238,1420.52,643.16,1594.24,37.0
56,239,1418.84,643.27,1601.63,36.0
56,240,1429.03,642.78,1604.33,35.0
56,241,1409.59,643.08,1599.61,34.0
56,242,1423.18,643.83,1600.76,33.0
56,243,1421.06,643.24,1601.77,32.0
56,244,1416.78,643.57,1598.68,31.0
56,245,1417.48,643.15,1595.49,30.0
56,246,1422.5,643.15,1597.66,29.0
56,247,1422.95,643.75,1598.88,28.0
56,248,1419.79,643.67,1596.85,27.0
56,249,1422.2,643.5,1597.12,26.0
56,250,1429.49,644.07,1603.73,25.0
56,251,1425.35,643.37,1596.02,24.0
56,252,1421.38,643.68,1593.41,23.0
56,253,1417.99,643.16,1599.07,22.0
56,254,1425.51,643.25,1595.48,21.0
56,255,1424.57,643.1,1602.0,20.0
56,256,1431.79,643.41,1601.37,19.0
56,257,1419.84,643.58,1599.84,18.0
56,258,1434.16,643.34,1594.54,17.0
56,259,1420.85,643.71,1592.27,16.0
56,260,1421.84,643.46,1606.59,15.0
56,261,1426.69,643.88,1600.46,14.0
56,262,1427.59,643.52,1606.63,13.0
56,263,1428.95,643.65,1597.26,12.0
56,264,1424.46,643.87,1597.56,11.0
56,265,1425.09,643.2,1603.43,10.0
56,266,1429.13,643.25,1606.18,9.0
56,267,1427.59,643.39,1598.72,8.0
56,268,1417.37,643.71,1593.67,7.0
56,269,1426.38,643.41,1602.31,6.0
56,270,1434.45,643.01,1609.22,5.0
56,271,1431.03,643.79,1599.14,4.0
56,272,1436.92,643.44,1602.04,3.0
56,273,1425.42,643.49,1601.45,2.0
56,274,1430.65,643.53,1598.48,1.0
56,275,1427.24,644.09,1600.47,0.0
57,1,1402.4,642.64,1593.48,136.0
57,2,1397.07,641.94,1586.18,135.0
57,3,1407.08,642.19,1591.6,134.0
57,4,1396.73,642.66,1588.64,133.0
57,5,1408.72,642.48,1589.61,132.0
57,6,1397.39,642.0,1586.4,131.0
57,7,1407.15,642.27,1578.13,130.0
57,8,1396.75,642.39,1590.65,129.0
57,9,1399.3,642.87,1587.52,128.0
57,10,1402.36,642.7,1583.95,127.0
57,11,1402.15,642.46,1584.69,126.0
57,12,1405.32,642.66,1585.84,125.0
57,13,1401.05,642.02,1584.93,124.0
57,14,1400.77,642.74,1585.87,123.0
57,15,1403.26,641.95,1590.39,122.0
57,16,1394.64,642.25,1583.06,121.0
57,17,1404.35,642.35,1585.93,120.0
57,18,1405.64,642.01,1587.74,119.0
57,19,1403.47,642.16,1587.96,118.0
57,20,1406.77,642.74,1587.18,117.0
57,21,1403.1,642.3,1586.16,116.0
57,22,1397.23,642.33,1579.32,115.0
57,23,1399.28,642.77,1588.33,114.0
57,24,1405.22,642.65,1586.97,113.0
57,25,1404.09,642.65,1584.95,112.0
57,26,1409.99,642.01,1584.39,111.0
57,27,1396.78,642.24,1586.8,110.0
57,28,1401.98,642.43,1585.55,109.0
57,29,1404.57,642.47,1584.86,108.0
57,30,1390.35,642.19,1592.99,107.0
57,31,1405.48,642.37,1581.17,106.0
57,32,1410.09,642.7,1589.06,105.0
57,33,1393.08,642.59,1580.61,104.0
57,34,1403.72,641.84,1590.6,103.0
57,35,1407.28,642.13,1588.52,102.0
57,36,1401.31,642.32,1585.56,101.0
57,37,1406.09,641.97,1588.01,100.0
57,38,1399.73,642.62,1585.32,99.0
57,39,1403.75,642.37,1591.21,98.0
57,40,1405.19,641.68,1579.67,97.0
57,41,1402.96,642.1,1593.06,96.0
57,42,1397.7,642.54,1584.14,95.0
57,43,1406.06,641.59,1586.15,94.0
57,44,1401.68,642.48,1585.91,93.0
57,45,1410.21,642.76,1584.91,92.0
57,46,1397.98,642.74,1582.19,91.0
57,47,1400.91,642.39,1584.87,90.0
57,48,1402.14,642.17,1585.84,89.0
57,49,1401.05,642.56,1585.47,88.0
57,50,1397.95,642.89,1590.75,87.0
57,51,1403.85,642.9,1584.9,86.0
57,52,1399.83,642.56,1589.78,85.0
57,53,1399.12,642.84,1596.23,84.0
57,54,1398.54,642.47,1589.25,83.0
57,55,1395.66,642.23,1583.01,82.0
57,56,1402.15,642.5,1593.52,81.0
57,57,1403.39,642.42,1590.41,80.0
57,58,1397.41,643.22,1589.56,79.0
57,59,1410.26,642.67,1583.4,78.0
57,60,1403.23,642.94,1588.28,77.0
57,61,1400.96,642.25,1590.3,76.0
57,62,1404.98,642.4,1594.44,75.0
57,63,1413.64,642.38,1587.46,74.0
57,64,1405.42,642.5,1582.95,73.0
57,65,1408.48,643.1,1591.13,72.0
57,66,1409.49,642.07,1590.99,71.0
57,67,1397.84,642.66,1588.57,70.0
57,68,1401.69,641.96,1588.22,69.0
57,69,1408.35,642.53,1594.01,68.0
57,70,1402.87,642.53,1593.73,67.0
57,71,1408.89,641.88,1589.41,66.0
57,72,1403.38,642.13,1589.23,65.0
57,73,1410.85,642.78,1584.77,64.0
57,74,1403.99,642.75,1587.18,63.0
57,75,1403.25,642.48,1591.09,62.0
57,76,1409.0,642.92,1601.85,61.0
57,77,1403.4,642.5,1580.1,60.0
57,78,1406.62,642.58,1587.8,59.0
57,79,1405.57,642.5,1584.98,58.0
57,80,1402.17,642.75,1592.43,57.0
57,81,1407.0,643.23,1588.45,56.0
57,82,1407.37,643.1,1586.93,55.0
57,83,1405.66,642.56,1586.05,54.0
57,84,1406.76,642.32,1587.27,53.0
57,85,1410.13,643.23,1591.86,52.0
57,86,1399.88,642.47,1592.56,51.0
57,87,1402.26,642.8,1588.81,50.0
57,88,1408.98,642.75,1599.27,49.0
57,89,1404.99,642.46,1592.36,48.0
57,90,1411.84,642.65,1597.61,47.0
57,91,1406.06,642.35,1589.37,46.0
57,92,1407.3,643.01,1593.74,45.0
57,93,1418.15,642.98,1588.27,44.0
57,94,1409.46,642.91,1590.64,43.0
57,95,1405.52,642.41,1587.08,42.0
57,96,1408.29,642.76,1594.76,41.0
57,97,1411.89,643.38,1591.7,40.0
57,98,1411.66,642.63,1590.07,39.0
57,99,1405.13,642.75,1590.26,38.0
57,100,1412.69,642.75,1592.96,37.0
57,101,1409.28,643.06,1592.18,36.0
57,102,1415.28,642.63,1594.27,35.0
57,103,1411.74,642.6,1595.82,34.0
57,104,1416.7,642.76,1594.99,33.0
57,105,1415.03,643.19,1585.36,32.0
57,106,1417.99,642.78,1592.44,31.0
57,107,1413.01,643.24,1592.31,30.0
57,108,1413.3,642.42,1593.71,29.0
57,109,1413.98,643.55,1592.04,28.0
57,110,1413.33,643.03,1601.55,27.0
57,111,1414.44,642.52,1587.57,26.0
57,112,1416.74,642.84,1590.21,25.0
57,113,1420.49,642.84,1593.2,24.0
57,114,1413.51,642.7,1595.68,23.0
57,115,1417.37,642.34,1599.3,22.0
57,116,1405.14,643.29,1596.8,21.0
57,117,1417.78,643.03,1587.07,20.0
57,118,1415.36,643.61,1597.52,19.0
57,119,1414.06,643.32,1597.04,18.0
57,120,1419.3,643.39,1600.21,17.0
57,121,1422.02,643.0,1600.43,16.0
57,122,1423.27,643.09,1592.04,15.0
57,123,1423.86,643.4,1601.63,14.0
57,124,1420.78,643.57,1595.41,13.0
57,125,1428.69,643.73,1596.02,12.0
57,126,1417.22,643.39,1599.21,11.0
57,127,1421.16,643.69,1597.92,10.0
57,128,1418.5,643.45,1599.53,9.0
57,129,1428.03,643.04,1596.31,8.0
57,130,1420.7,643.41,1600.26,7.0
57,131,1435.94,643.64,1593.38,6.0
57,132,1425.07,643.19,1599.21,5.0
57,133,1423.89,643.47,1605.28,4.0
57,134,1425.54,643.65,1597.0,3.0
57,135,1428.42,643.61,1604.87,2.0
57,136,1430.32,643.79,1601.69,1.0
57,137,1432.49,644.15,1596.45,0.0
58,1,1405.1,642.71,1587.27,146.0
58,2,1402.26,642.59,1583.62,145.0
58,3,1412.41,641.87,1587.99,144.0
58,4,1402.53,642.2,1590.72,143.0
58,5,1402.45,642.57,1589.26,142.0
58,6,1403.95,641.66,1586.94,141.0
58,7,1406.83,642.56,1593.65,140.0
58,8,1402.7,642.74,1594.24,139.0
58,9,1398.76,642.43,1583.03,138.0
58,10,1405.86,641.86,1580.31,137.0
58,11,1396.24,642.02,1587.24,136.0
58,12,1402.25,642.07,1591.21,135.0
58,13,1404.52,643.05,1588.88,134.0
58,14,1394.69,643.05,1582.9,133.0
58,15,1405.36,642.27,1583.34,132.0
58,16,1400.87,642.33,1591.22,131.0
58,17,1401.08,642.59,1582.01,130.0
58,18,1401.49,642.49,1589.98,129.0
58,19,1401.43,641.58,1598.84,128.0
58,20,1398.46,642.16,1588.21,127.0
58,21,1401.75,642.54,1592.01,126.0
58,22,1407.54,642.86,1588.05,125.0
58,23,1399.14,642.73,1588.91,124.0
58,24,1407.04,642.67,1592.14,123.0
58,25,1403.68,642.5,1590.75,122.0
58,26,1402.54,642.37,1598.31,121.0
58,27,1396.46,642.66,1587.88,120.0
58,28,1409.81,642.0,1590.0,119.0
58,29,1403.78,642.42,1590.61,118.0
58,30,1403.65,642.86,1588.46,117.0
58,31,1405.79,642.5,1591.23,116.0
58,32,1400.88,642.3,1582.64,115.0
58,33,1401.47,641.82,1585.41,114.0
58,34,1395.59,642.38,1583.1,113.0
58,35,1403.64,642.82,1590.34,112.0
58,36,1402.1,642.8,1589.18,111.0
58,37,1403.49,641.9,1588.94,110.0
58,38,1404.17,642.59,1586.97,109.0
58,39,1411.78,641.68,1588.58,108.0
58,40,1411.44,642.26,1589.31,107.0
58,41,1403.21,642.49,1591.7,106.0
58,42,1408.32,641.95,1587.77,105.0
58,43,1407.16,643.14,1588.53,104.0
58,44,1395.1,642.88,1592.66,103.0
58,45,1399.9,642.8,1577.14,102.0
58,46,1406.91,642.51,1588.35,101.0
58,47,1404.46,642.7,1591.51,100.0
58,48,1404.82,642.85,1590.34,99.0
58,49,1397.92,642.36,1585.2,98.0
58,50,1404.24,642.45,1585.79,97.0
58,51,1403.97,642.46,1585.51,96.0
58,52,1401.15,642.59,1581.31,95.0
58,53,1409.69,642.32,1590.99,94.0
58,54,1402.12,642.19,1584.19,93.0
58,55,1402.98,642.08,1591.35,92.0
58,56,1405.53,642.23,1590.48,91.0
58,57,1408.31,642.25,1580.03,90.0
58,58,1405.63,642.66,1584.18,89.0
58,59,1406.82,642.18,1592.14,88.0
58,60,1412.64,642.99,1585.27,87.0
58,61,1396.84,641.88,1589.62,86.0
58,62,1409.23,642.58,1583.31,85.0
58,63,1406.59,642.68,1592.5,84.0
58,64,1404.76,642.49,1585.67,83.0
58,65,1405.22,642.85,1585.97,82.0
58,66,1397.56,642.41,1589.48,81.0
58,67,1410.72,642.43,1588.68,80.0
58,68,1410.74,642.76,1590.98,79.0
58,69,1401.97,642.18,1588.84,78.0
58,70,1399.27,642.62,1589.57,77.0
58,71,1406.44,642.1,1584.99,76.0
58,72,1409.68,642.56,1587.27,75.0
58,73,1399.46,642.03,1584.02,74.0
58,74,1405.85,642.52,1586.97,73.0
58,75,1404.16,642.34,1590.13,72.0
58,76,1407.45,642.77,1592.82,71.0
58,77,1408.96,642.39,1584.46,70.0
58,78,1411.34,642.59,1586.26,69.0
58,79,1409.04,642.36,1585.16,68.0
58,80,1407.68,642.89,1588.88,67.0
58,81,1404.52,642.45,1588.46,66.0
58,82,1409.12,642.63,1590.37,65.0
58,83,1413.63,642.6,1596.22,64.0
58,84,1405.42,642.66,1582.98,63.0
58,85,1410.95,642.76,1584.01,62.0
58,86,1403.86,643.15,1586.07,61.0
58,87,1410.15,642.56,1589.38,60.0
58,88,1400.11,642.46,1587.3,59.0
58,89,1398.19,642.56,1590.26,58.0
58,90,1411.2,642.55,1590.39,57.0
58,91,1406.87,642.73,1595.35,56.0
58,92,1413.84,642.92,1592.66,55.0
58,93,1407.21,642.39,1590.18,54.0
58,94,1413.54,642.63,1600.35,53.0
58,95,1412.62,642.32,1588.33,52.0
58,96,1409.51,642.93,1589.02,51.0
58,97,1411.82,642.79,1584.44,50.0
58,98,1407.33,642.47,1588.44,49.0
58,99,1407.0,642.48,1590.97,48.0
58,100,1406.27,642.24,1592.93,47.0
58,101,1408.5,642.43,1591.55,46.0
58,102,1409.92,643.07,1584.15,45.0
58,103,1419.79,642.97,1592.68,44.0
58,104,1418.14,642.56,1594.03,43.0
58,105,1410.65,642.79,1586.8,42.0
58,106,1412.36,643.2,1586.22,41.0
58,107,1409.41,642.85,1588.21,40.0
58,108,1412.28,643.17,1591.96,39.0
58,109,1416.67,642.42,1587.99,38.0
58,110,1412.13,643.41,1590.77,37.0
58,111,1415.22,642.82,1590.22,36.0
58,112,1411.05,642.38,1597.91,35.0
58,113,1415.56,642.97,1595.27,34.0
58,114,1412.62,642.93,1595.94,33.0
58,115,1411.27,642.9,1591.76,32.0
58,116,1410.43,642.75,1594.44,31.0
58,117,1414.08,643.25,1593.25,30.0
58,118,1419.38,642.81,1588.02,29.0
58,119,1407.82,642.51,1596.97,28.0
58,120,1414.42,642.77,1595.64,27.0
58,121,1421.19,642.63,1592.91,26.0
58,122,1411.0,642.79,1597.51,25.0
58,123,1415.01,643.11,1586.78,24.0
58,124,1418.71,643.34,1596.92,23.0
58,125,1421.31,643.69,1592.69,22.0
58,126,1419.61,643.11,1599.4,21.0
58,127,1412.16,643.1,1591.08,20.0
58,128,1419.89,642.99,1598.99,19.0
58,129,1414.62,643.47,1590.66,18.0
58,130,1416.69,642.94,1597.17,17.0
58,131,1419.96,642.89,1590.84,16.0
58,132,1426.76,643.09,1597.86,15.0
58,133,1422.72,643.11,1600.78,14.0
58,134,1421.06,643.2,1592.29,13.0
58,135,1417.99,643.57,1599.64,12.0
58,136,1424.95,643.12,1604.85,11.0
58,137,1426.06,643.62,1594.84,10.0
58,138,1422.57,643.43,1598.68,9.0
58,139,1420.72,643.03,1603.67,8.0
58,140,1424.96,643.6,1601.88,7.0
58,141,1419.95,643.65,1598.35,6.0
58,142,1428.33,643.04,1591.57,5.0
58,143,1426.54,643.23,1606.09,4.0
58,144,1424.43,644.19,1597.88,3.0
58,145,1436.66,644.02,1602.9,2.0
58,146,1430.55,643.6,1604.72,1.0
58,147,1438.22,643.75,1593.77,0.0
59,1,1394.9,642.23,1583.85,230.0
59,2,1391.57,641.68,1583.38,229.0
59,3,1396.53,642.12,1593.37,228.0
59,4,1397.24,641.91,1582.06,227.0
59,5,1397.78,642.45,1587.57,226.0
59,6,1394.81,642.06,1581.03,225.0
59,7,1396.13,642.27,1584.95,224.0
59,8,1398.88,642.02,1583.08,223.0
59,9,1397.44,642.36,1576.47,222.0
59,10,1395.39,642.46,1580.88,221.0
59,11,1404.76,642.21,1583.2,220.0
59,12,1395.08,642.63,1581.27,219.0
59,13,1397.83,641.96,1586.06,218.0
59,14,1392.85,642.07,1581.3,217.0
59,15,1395.08,642.06,1583.71,216.0
59,16,1403.74,641.94,1581.83,215.0
59,17,1397.73,641.61,1586.13,214.0
59,18,1401.69,642.66,1582.76,213.0
59,19,1390.1,641.97,1586.95,212.0
59,20,1396.49,642.3,1584.6,211.0
59,21,1399.84,642.3,1581.47,210.0
59,22,1398.76,642.31,1591.06,209.0
59,23,1397.61,642.2,1585.82,208.0
59,24,1398.28,642.41,1581.11,207.0
59,25,1402.15,642.22,1579.22,206.0
59,26,1392.7,642.14,1592.32,205.0
59,27,1396.91,642.08,1587.53,204.0
59,28,1393.16,642.07,1580.79,203.0
59,29,1399.44,642.86,1584.38,202.0
59,30,1399.97,642.12,1576.66,201.0
59,31,1395.91,642.0,1589.11,200.0
59,32,1396.72,641.73,1581.49,199.0
59,33,1395.03,642.33,1585.08,198.0
59,34,1392.14,642.08,1583.01,197.0
59,35,1397.35,641.95,1579.09,196.0
59,36,1396.41,641.95,1589.87,195.0
59,37,1398.99,642.42,1577.67,194.0
59,38,1391.74,642.31,1582.94,193.0
59,39,1397.2,642.14,1587.79,192.0
59,40,1398.95,641.67,1580.34,191.0
59,41,1400.48,642.37,1576.02,190.0
59,42,1394.96,642.06,1588.54,189.0
59,43,1399.68,642.21,1576.53,188.0
59,44,1400.09,641.72,1590.2,187.0
59,45,1403.09,642.56,1578.99,186.0
59,46,1394.89,642.18,1580.76,185.0
59,47,1405.06,642.24,1582.66,184.0
59,48,1394.15,641.5,1588.83,183.0
59,49,1397.94,642.28,1583.82,182.0
59,50,1393.23,642.3,1588.59,181.0
59,51,1403.8,641.72,1586.51,180.0
59,52,1403.12,642.11,1578.19,179.0
59,53,1396.66,642.21,1581.66,178.0
59,54,1396.12,641.88,1582.06,177.0
59,55,1396.88,642.1,1582.29,176.0
59,56,1390.76,641.82,1582.02,175.0
59,57,1398.25,642.16,1577.69,174.0
59,58,1403.11,642.25,1584.98,173.0
59,59,1395.81,641.74,1581.71,172.0
59,60,1394.22,642.53,1576.88,171.0
59,61,1401.4,642.15,1582.39,170.0
59,62,1394.37,641.91,1581.23,169.0
59,63,1400.24,642.1,1580.94,168.0
59,64,1401.39,642.38,1586.79,167.0
59,65,1398.05,641.61,1585.98,166.0
59,66,1402.64,642.01,1584.5,165.0
59,67,1393.19,641.7,1583.79,164.0
59,68,1402.06,642.17,1588.73,163.0
59,69,1401.98,642.09,1578.97,162.0
59,70,1400.71,642.09,1580.28,161.0
59,71,1395.4,642.57,1580.08,160.0
59,72,1395.67,642.16,1582.33,159.0
59,73,1393.46,642.27,1583.8,158.0
59,74,1397.83,641.79,1587.15,157.0
59,75,1396.13,642.12,1588.22,156.0
59,76,1396.22,642.33,1581.5,155.0
59,77,1402.18,643.13,1592.05,154.0
59,78,1400.52,642.15,1591.32,153.0
59,79,1406.59,642.35,1585.13,152.0
59,80,1393.59,641.94,1589.03,151.0
59,81,1397.92,642.4,1587.41,150.0
59,82,1393.85,642.65,1585.02,149.0
59,83,1397.74,642.43,1583.33,148.0
59,84,1398.63,642.28,1587.74,147.0
59,85,1395.25,641.92,1583.53,146.0
59,86,1394.79,641.95,1589.08,145.0
59,87,1402.08,641.93,1584.3,144.0
59,88,1393.39,642.15,1582.89,143.0
59,89,1404.24,642.4,1586.9,142.0
59,90,1400.05,642.49,1586.55,141.0
59,91,1391.79,642.42,1584.92,140.0
59,92,1402.74,642.03,1579.32,139.0
59,93,1394.85,642.0,1581.74,138.0
59,94,1407.8,642.06,1587.69,137.0
59,95,1395.97,641.94,1585.28,136.0
59,96,1398.66,641.61,1587.45,135.0
59,97,1394.47,642.58,1584.78,134.0
59,98,1402.71,642.25,1579.39,133.0
59,99,1406.1,642.37,1583.53,132.0
59,100,1399.26,641.94,1584.45,131.0
59,101,1398.93,642.44,1584.1,130.0
59,102,1406.74,642.26,1581.25,129.0
59,103,1398.99,642.35,1582.53,128.0
59,104,1399.9,642.6,1580.21,127.0
59,105,1400.27,642.27,1591.08,126.0
59,106,1399.77,642.28,1589.22,125.0
59,107,1408.93,642.47,1583.82,124.0
59,108,1404.71,642.38,1590.34,123.0
59,109,1394.53,642.68,1576.42,122.0
59,110,1399.34,641.96,1591.02,121.0
59,111,1398.46,642.45,1587.74,120.0
59,112,1401.97,642.1,1584.36,119.0
59,113,1398.42,642.06,1579.63,118.0
59,114,1403.52,641.98,1589.52,117.0
59,115,1408.11,641.64,1585.52,116.0
59,116,1402.23,641.91,1589.24,115.0
59,117,1401.15,642.05,1586.52,114.0
59,118,1404.82,642.22,1592.21,113.0
59,119,1406.62,642.28,1583.23,112.0
59,120,1401.0,641.7,1580.76,111.0
59,121,1391.52,642.27,1578.56,110.0
59,122,1403.37,642.59,1577.06,109.0
59,123,1397.71,641.91,1585.21,108.0
59,124,1406.47,642.37,1585.79,107.0
59,125,1402.81,642.22,1586.41,106.0
59,126,1409.11,642.29,1581.83,105.0
59,127,1398.04,641.61,1585.84,104.0
59,128,1397.82,642.28,1584.21,103.0
59,129,1410.66,642.47,1584.22,102.0
59,130,1402.06,642.38,1591.6,101.0
59,131,1406.44,642.32,1586.64,100.0
59,132,1407.67,641.88,1587.92,99.0
59,133,1407.58,642.12,1589.34,98.0
59,134,1406.59,642.08,1587.62,97.0
59,135,1399.73,642.3,1594.09,96.0
59,136,1398.92,642.95,1591.41,95.0
59,137,1401.3,641.95,1586.64,94.0
59,138,1402.19,642.48,1584.4,93.0
59,139,1392.56,642.06,1582.55,92.0
59,140,1400.42,642.48,1587.72,91.0
59,141,1404.7,642.3,1586.78,90.0
59,142,1403.03,642.52,1590.11,89.0
59,143,1396.68,642.39,1579.78,88.0
59,144,1399.93,642.57,1586.57,87.0
59,145,1398.05,642.36,1585.7,86.0
59,146,1407.35,642.23,1588.89,85.0
59,147,1399.11,642.84,1590.65,84.0
59,148,1403.75,642.3,1587.05,83.0
59,149,1399.39,642.29,1589.45,82.0
59,150,1396.57,642.06,1589.26,81.0
59,151,1407.15,642.12,1596.17,80.0
59,152,1400.62,642.44,1589.44,79.0
59,153,1403.3,642.27,1588.45,78.0
59,154,1400.01,642.89,1585.93,77.0
59,155,1405.22,642.65,1587.9,76.0
59,156,1413.16,643.02,1589.37,75.0
59,157,1404.14,642.51,1589.66,74.0
59,158,1404.45,642.34,1585.76,73.0
59,159,1412.32,642.4,1593.71,72.0
59,160,1402.75,641.94,1583.27,71.0
59,161,1402.99,642.41,1589.77,70.0
59,162,1407.6,642.56,1594.93,69.0
59,163,1404.63,642.49,1590.16,68.0
59,164,1399.07,642.89,1586.12,67.0
59,165,1401.71,641.99,1592.58,66.0
59,166,1407.49,642.39,1592.19,65.0
59,167,1401.69,642.59,1595.82,64.0
59,168,1406.48,642.95,1585.57,63.0
59,169,1402.83,643.08,1585.13,62.0
59,170,1409.61,642.82,1597.36,61.0
59,171,1403.53,642.62,1585.32,60.0
59,172,1410.88,642.61,1588.63,59.0
59,173,1404.61,642.43,1583.66,58.0
59,174,1410.45,642.31,1592.14,57.0
59,175,1418.83,642.67,1592.45,56.0
59,176,1409.38,642.46,1590.88,55.0
59,177,1405.81,643.05,1590.96,54.0
59,178,1410.31,642.55,1599.13,53.0
59,179,1404.63,643.04,1596.13,52.0
59,180,1416.18,642.76,1595.89,51.0
59,181,1410.45,643.03,1596.71,50.0
59,182,1412.47,642.68,1590.39,49.0
59,183,1411.66,642.3,1587.56,48.0
59,184,1410.78,642.87,1596.72,47.0
59,185,1412.15,643.08,1594.19,46.0
59,186,1408.31,642.49,1591.65,45.0
59,187,1405.76,643.03,1586.02,44.0
59,188,1406.32,643.34,1591.01,43.0
59,189,1406.73,642.62,1586.19,42.0
59,190,1414.46,642.69,1594.76,41.0
59,191,1411.52,643.19,1590.32,40.0
59,192,1406.03,642.82,1594.94,39.0
59,193,1408.93,642.73,1599.8,38.0
59,194,1419.62,642.85,1601.16,37.0
59,195,1425.96,642.59,1597.87,36.0
59,196,1414.28,642.81,1598.62,35.0
59,197,1419.41,643.25,1589.76,34.0
59,198,1419.49,642.66,1591.75,33.0
59,199,1406.74,643.24,1600.12,32.0
59,200,1413.77,643.15,1604.41,31.0
59,201,1422.52,642.97,1592.23,30.0
59,202,1416.56,643.01,1599.8,29.0
59,203,1418.08,643.16,1596.07,28.0
59,204,1412.49,643.11,1580.1,27.0
59,205,1418.72,642.8,1599.21,26.0
59,206,1420.36,642.73,1594.98,25.0
59,207,1416.11,643.32,1599.41,24.0
59,208,1424.0,642.68,1595.16,23.0
59,209,1414.54,642.9,1596.59,22.0
59,210,1421.0,643.18,1600.76,21.0
59,211,1416.89,643.08,1602.91,20.0
59,212,1421.01,642.78,1591.39,19.0
59,213,1423.3,643.19,1600.85,18.0
59,214,1417.63,643.2,1597.76,17.0
59,215,1418.44,643.34,1594.58,16.0
59,216,1425.27,643.57,1598.79,15.0
59,217,1418.95,642.34,1598.51,14.0
59,218,1414.18,643.64,1598.02,13.0
59,219,1417.33,643.27,1599.87,12.0
59,220,1417.58,643.84,1602.08,11.0
59,221,1424.94,643.14,1596.25,10.0
59,222,1427.51,643.41,1601.25,9.0
59,223,1424.16,643.6,1602.46,8.0
59,224,1420.56,643.64,1593.92,7.0
59,225,1422.57,643.76,1604.01,6.0
59,226,1420.92,643.47,1591.33,5.0
59,227,1425.92,643.36,1603.48,4.0
59,228,1432.85,643.58,1599.79,3.0
59,229,1429.64,643.62,1602.36,2.0
59,230,1429.54,643.93,1597.9,1.0
59,231,1425.87,643.47,1599.56,0.0
60,1,1394.7,642.65,1585.71,171.0
60,2,1400.03,642.42,1593.58,170.0
60,3,1410.91,642.6,1593.09,169.0
60,4,1402.44,643.16,1589.06,168.0
60,5,1406.07,642.07,1585.92,167.0
60,6,1412.78,642.55,1593.88,166.0
60,7,1403.04,642.35,1587.41,165.0
60,8,1407.92,642.63,1588.18,164.0
60,9,1400.44,642.71,1572.98,163.0
60,10,1411.79,642.46,1591.97,162.0
60,11,1403.58,642.49,1585.55,161.0
60,12,1407.71,643.33,1588.89,160.0
60,13,1401.59,642.96,1588.41,159.0
60,14,1400.98,643.09,1584.49,158.0
60,15,1406.37,642.4,1580.48,157.0
60,16,1405.9,643.08,1594.84,156.0
60,17,1402.37,642.63,1581.38,155.0
60,18,1401.8,642.55,1584.62,154.0
60,19,1401.74,642.65,1585.16,153.0
60,20,1410.94,642.62,1589.33,152.0
60,21,1407.02,642.68,1591.44,151.0
60,22,1402.06,642.69,1590.2,150.0
60,23,1403.05,642.64,1586.31,149.0
60,24,1399.39,643.12,1585.76,148.0
60,25,1396.96,642.88,1591.03,147.0
60,26,1405.04,642.9,1586.17,146.0
60,27,1408.74,642.57,1582.8,145.0
60,28,1407.07,642.53,1584.89,144.0
60,29,1405.24,642.69,1588.32,143.0
60,30,1405.61,642.61,1589.44,142.0
60,31,1405.05,642.42,1583.82,141.0
60,32,1408.66,642.29,1587.91,140.0
60,33,1401.11,642.19,1586.51,139.0
60,34,1408.11,642.55,1586.15,138.0
60,35,1404.51,642.5,1585.77,137.0
60,36,1411.93,642.22,1592.15,136.0
60,37,1406.96,642.79,1585.3,135.0
60,38,1405.01,642.54,1583.17,134.0
60,39,1402.28,642.87,1589.74,133.0
60,40,1409.06,642.43,1591.92,132.0
60,41,1404.31,642.5,1590.12,131.0
60,42,1406.26,642.3,1591.12,130.0
60,43,1396.66,642.08,1595.6,129.0
60,44,1405.38,642.35,1590.0,128.0
60,45,1405.56,642.26,1584.41,127.0
60,46,1404.31,642.72,1583.27,126.0
60,47,1407.69,642.47,1592.7,125.0
60,48,1404.54,642.29,1582.93,124.0
60,49,1401.84,642.19,1598.5,123.0
60,50,1405.06,642.71,1577.76,122.0
60,51,1415.17,642.64,1584.72,121.0
60,52,1412.02,642.38,1585.92,120.0
60,53,1403.92,642.64,1585.77,119.0
60,54,1404.14,642.25,1588.5,118.0
60,55,1403.18,642.59,1589.74,117.0
60,56,1398.14,642.57,1589.2,116.0
60,57,1399.21,642.39,1589.9,115.0
60,58,1411.0,642.74,1588.23,114.0
60,59,1406.69,642.48,1587.68,113.0
60,60,1404.39,642.3,1587.31,112.0
60,61,1402.93,642.88,1590.93,111.0
60,62,1411.56,642.91,1584.11,110.0
60,63,1408.66,642.53,1585.47,109.0
60,64,1403.72,642.62,1587.04,108.0
60,65,1419.87,643.1,1590.29,107.0
60,66,1404.86,642.45,1589.17,106.0
60,67,1402.94,642.17,1587.3,105.0
60,68,1408.68,642.47,1584.26,104.0
60,69,1409.76,642.81,1587.11,103.0
60,70,1409.92,642.59,1594.65,102.0
60,71,1403.92,642.48,1590.17,101.0
60,72,1403.56,642.58,1590.69,100.0
60,73,1409.54,642.89,1591.5,99.0
60,74,1406.79,642.57,1584.33,98.0
60,75,1402.72,642.71,1590.34,97.0
60,76,1405.72,642.1,1588.98,96.0
60,77,1408.98,643.31,1590.56,95.0
60,78,1399.87,643.26,1584.5,94.0
60,79,1411.1,642.56,1589.95,93.0
60,80,1406.51,642.84,1595.45,92.0
60,81,1406.2,642.71,1590.54,91.0
60,82,1408.53,642.79,1585.05,90.0
60,83,1404.68,642.24,1589.99,89.0
60,84,1410.36,642.03,1589.82,88.0
60,85,1407.37,642.49,1587.62,87.0
60,86,1400.67,642.59,1589.61,86.0
60,87,1410.81,643.16,1589.59,85.0
60,88,1407.24,642.81,1589.63,84.0
60,89,1410.34,642.3,1603.74,83.0
60,90,1404.47,642.69,1590.54,82.0
60,91,1403.53,642.86,1588.89,81.0
60,92,1405.79,643.35,1592.58,80.0
60,93,1406.59,642.54,1582.42,79.0
60,94,1412.45,642.5,1587.1,78.0
60,95,1407.51,642.51,1591.07,77.0
60,96,1415.13,642.72,1589.67,76.0
60,97,1412.54,642.36,1589.06,75.0
60,98,1416.64,642.68,1586.01,74.0
60,99,1412.3,642.71,1589.22,73.0
60,100,1407.08,642.47,1587.22,72.0
60,101,1409.48,643.24,1590.59,71.0
60,102,1409.59,643.19,1583.86,70.0
60,103,1413.69,642.5,1597.45,69.0
60,104,1412.56,642.63,1595.18,68.0
60,105,1414.52,642.58,1593.8,67.0
60,106,1413.47,642.21,1588.56,66.0
60,107,1401.65,642.6,1591.71,65.0
60,108,1406.0,642.95,1587.13,64.0
60,109,1413.09,642.29,1591.57,63.0
60,110,1402.25,642.54,1594.34,62.0
60,111,1412.5,643.16,1594.15,61.0
60,112,1407.55,643.11,1591.99,60.0
60,113,1406.55,642.45,1592.23,59.0
60,114,1409.34,642.69,1594.03,58.0
60,115,1407.75,642.8,1591.34,57.0
60,116,1410.35,643.24,1592.96,56.0
60,117,1416.93,643.09,1587.04,55.0
60,118,1409.86,643.1,1598.22,54.0
60,119,1411.48,642.93,1601.9,53.0
60,120,1414.06,642.95,1589.43,52.0
60,121,1412.15,642.34,1595.83,51.0
60,122,1420.57,642.32,1583.33,50.0
60,123,1414.63,643.41,1594.83,49.0
60,124,1418.02,643.54,1594.6,48.0
60,125,1414.03,643.0,1587.03,47.0
60,126,1417.84,642.73,1592.98,46.0
60,127,1408.61,643.08,1591.67,45.0
60,128,1412.43,642.52,1591.75,44.0
60,129,1414.79,642.64,1591.77,43.0
60,130,1418.57,643.19,1592.78,42.0
60,131,1413.4,643.08,1594.65,41.0
60,132,1411.76,643.45,1595.35,40.0
60,133,1410.27,643.27,1596.23,39.0
60,134,1419.92,642.97,1590.9,38.0
60,135,1411.56,643.45,1589.47,37.0
60,136,1415.23,643.23,1586.91,36.0
60,137,1415.1,642.89,1592.32,35.0
60,138,1410.28,642.87,1595.57,34.0
60,139,1412.09,643.35,1596.72,33.0
60,140,1417.27,643.25,1599.01,32.0
60,141,1414.42,642.84,1599.81,31.0
60,142,1415.97,642.92,1600.22,30.0
60,143,1420.32,643.15,1599.66,29.0
60,144,1419.5,643.13,1597.01,28.0
60,145,1418.11,642.95,1595.3,27.0
60,146,1421.76,643.42,1595.04,26.0
60,147,1422.39,643.14,1595.7,25.0
60,148,1419.37,643.12,1598.39,24.0
60,149,1418.29,643.65,1598.24,23.0
60,150,1416.97,643.57,1595.96,22.0
60,151,1413.38,643.53,1603.99,21.0
60,152,1426.08,642.71,1601.85,20.0
60,153,1414.98,643.24,1598.63,19.0
60,154,1421.96,642.9,1600.59,18.0
60,155,1420.77,643.15,1595.63,17.0
60,156,1412.51,643.43,1601.63,16.0
60,157,1416.67,644.37,1595.33,15.0
60,158,1422.86,643.24,1603.2,14.0
60,159,1420.06,643.82,1597.65,13.0
60,160,1423.18,643.75,1599.06,12.0
60,161,1424.31,643.61,1596.16,11.0
60,162,1426.7,643.56,1597.76,10.0
60,163,1421.99,643.67,1603.32,9.0
60,164,1424.57,643.44,1600.31,8.0
60,165,1425.62,643.43,1601.09,7.0
60,166,1426.33,643.36,1606.08,6.0
60,167,1431.86,643.25,1599.64,5.0
60,168,1424.66,643.27,1605.39,4.0
60,169,1427.89,643.0,1604.8,3.0
60,170,1428.3,643.52,1605.43,2.0
60,171,1424.11,643.9,1599.63,1.0
60,172,1434.09,643.62,1605.19,0.0
61,1,1399.41,641.89,1582.05,184.0
61,2,1397.21,641.79,1578.38,183.0
61,3,1394.93,641.83,1584.92,182.0
61,4,1396.35,642.0,1584.04,181.0
61,5,1395.61,642.12,1584.25,180.0
61,6,1396.52,642.27,1585.73,179.0
61,7,1400.51,642.23,1593.23,178.0
61,8,1387.62,642.01,1585.31,177.0
61,9,1393.68,641.74,1582.42,176.0
61,10,1391.52,642.0,1580.05,175.0
61,11,1401.0,642.05,1575.01,174.0
61,12,1395.53,642.55,1587.68,173.0
61,13,1397.64,642.31,1585.1,172.0
61,14,1400.13,641.96,1587.93,171.0
61,15,1397.46,642.0,1585.8,170.0
61,16,1397.98,641.89,1581.62,169.0
61,17,1396.9,642.53,1586.79,168.0
61,18,1396.89,642.6,1575.71,167.0
61,19,1395.31,641.74,1582.14,166.0
61,20,1391.93,641.97,1587.01,165.0
61,21,1393.75,642.09,1582.89,164.0
61,22,1395.37,642.7,1581.77,163.0
61,23,1404.09,641.81,1580.59,162.0
61,24,1397.46,641.85,1577.6,161.0
61,25,1396.31,641.85,1578.67,160.0
61,26,1399.38,642.24,1583.09,159.0
61,27,1396.4,642.25,1581.72,158.0
61,28,1391.54,641.91,1582.38,157.0
61,29,1396.08,641.79,1575.95,156.0
61,30,1401.37,642.08,1585.37,155.0
61,31,1396.31,642.33,1585.71,154.0
61,32,1398.32,642.28,1583.93,153.0
61,33,1392.19,642.21,1590.48,152.0
61,34,1403.92,641.99,1584.07,151.0
61,35,1389.4,642.07,1587.29,150.0
61,36,1396.22,642.39,1584.89,149.0
61,37,1393.46,642.13,1581.72,148.0
61,38,1394.77,641.21,1589.07,147.0
61,39,1393.72,642.09,1584.27,146.0
61,40,1400.9,641.85,1583.34,145.0
61,41,1401.65,641.97,1587.64,144.0
61,42,1394.91,641.62,1591.73,143.0
61,43,1398.73,641.91,1589.55,142.0
61,44,1401.28,642.05,1578.17,141.0
61,45,1402.3,641.65,1586.51,140.0
61,46,1402.73,642.19,1588.03,139.0
61,47,1403.35,641.67,1588.11,138.0
61,48,1405.84,641.84,1581.37,137.0
61,49,1399.53,641.76,1588.59,136.0
61,50,1399.9,642.18,1582.93,135.0
61,51,1393.16,641.99,1579.3,134.0
61,52,1392.33,641.86,1580.56,133.0
61,53,1388.09,642.47,1586.23,132.0
61,54,1396.48,642.38,1586.48,131.0
61,55,1398.49,641.72,1585.31,130.0
61,56,1396.88,641.93,1590.56,129.0
61,57,1400.87,642.11,1591.0,128.0
61,58,1396.23,642.38,1577.57,127.0
61,59,1399.7,641.83,1578.49,126.0
61,60,1397.64,642.02,1589.47,125.0
61,61,1396.24,641.75,1586.87,124.0
61,62,1400.16,641.97,1586.62,123.0
61,63,1394.74,642.33,1578.93,122.0
61,64,1396.47,641.85,1578.78,121.0
61,65,1400.82,641.92,1593.04,120.0
61,66,1397.36,641.82,1579.52,119.0
61,67,1401.4,641.98,1587.95,118.0
61,68,1400.42,642.33,1581.95,117.0
61,69,1403.65,642.52,1586.61,116.0
61,70,1397.31,641.92,1583.42,115.0
61,71,1404.7,642.07,1585.89,114.0
61,72,1402.17,641.76,1584.05,113.0
61,73,1405.02,642.0,1582.83,112.0
61,74,1400.38,641.93,1591.63,111.0
61,75,1402.13,641.81,1578.93,110.0
61,76,1404.36,641.9,1586.43,109.0
61,77,1400.62,642.0,1586.88,108.0
61,78,1396.19,642.26,1591.1,107.0
61,79,1402.17,642.24,1586.79,106.0
61,80,1399.65,641.89,1587.15,105.0
61,81,1400.8,641.88,1586.76,104.0
61,82,1402.7,642.8,1574.88,103.0
61,83,1397.8,642.04,1583.72,102.0
61,84,1404.03,642.09,1586.25,101.0
61,85,1397.96,642.28,1588.18,100.0
61,86,1399.43,642.57,1590.3,99.0
61,87,1398.61,642.54,1585.19,98.0
61,88,1394.35,642.04,1585.31,97.0
61,89,1396.37,642.26,1582.51,96.0
61,90,1404.52,642.21,1587.9,95.0
61,91,1398.29,642.37,1589.64,94.0
61,92,1401.47,642.0,1587.8,93.0
61,93,1396.28,642.0,1586.87,92.0
61,94,1396.38,642.82,1582.0,91.0
61,95,1398.67,642.63,1584.47,90.0
61,96,1398.23,641.62,1584.04,89.0
61,97,1399.27,642.41,1579.94,88.0
61,98,1398.53,641.96,1587.57,87.0
61,99,1403.36,642.37,1590.9,86.0
61,100,1396.85,642.69,1578.91,85.0
61,101,1398.84,642.62,1590.11,84.0
61,102,1402.19,641.55,1585.13,83.0
61,103,1397.25,641.96,1588.47,82.0
61,104,1397.83,642.4,1587.35,81.0
61,105,1400.92,641.59,1582.51,80.0
61,106,1404.63,642.01,1584.72,79.0
61,107,1398.53,642.56,1577.88,78.0
61,108,1402.59,642.41,1585.26,77.0
61,109,1406.46,642.25,1585.13,76.0
61,110,1397.78,641.52,1587.14,75.0
61,111,1396.42,642.64,1587.55,74.0
61,112,1404.73,642.29,1580.31,73.0
61,113,1406.71,642.22,1586.42,72.0
61,114,1392.25,642.5,1596.95,71.0
61,115,1405.75,642.28,1578.34,70.0
61,116,1403.28,642.39,1584.02,69.0
61,117,1407.1,642.48,1589.61,68.0
61,118,1399.26,642.67,1589.2,67.0
61,119,1407.42,642.57,1588.33,66.0
61,120,1403.68,642.79,1588.86,65.0
61,121,1396.3,642.54,1586.19,64.0
61,122,1398.86,642.08,1592.66,63.0
61,123,1400.69,642.79,1580.27,62.0
61,124,1405.36,642.6,1580.15,61.0
61,125,1405.23,642.25,1590.8,60.0
61,126,1405.49,642.65,1587.32,59.0
61,127,1409.0,642.58,1594.83,58.0
61,128,1401.69,642.26,1589.29,57.0
61,129,1399.33,642.43,1587.57,56.0
61,130,1402.25,642.41,1585.21,55.0
61,131,1401.76,642.46,1592.28,54.0
61,132,1410.25,642.0,1588.64,53.0
61,133,1400.26,642.47,1592.35,52.0
61,134,1405.94,642.36,1582.26,51.0
61,135,1412.85,643.21,1596.33,50.0
61,136,1405.66,642.43,1591.76,49.0
61,137,1413.21,642.95,1587.27,48.0
61,138,1412.76,642.61,1598.31,47.0
61,139,1403.04,642.62,1591.71,46.0
61,140,1411.6,642.5,1587.3,45.0
61,141,1404.87,642.5,1587.49,44.0
61,142,1407.85,642.85,1590.69,43.0
61,143,1409.01,642.43,1593.67,42.0
61,144,1414.42,642.58,1588.43,41.0
61,145,1415.04,642.45,1597.18,40.0
61,146,1408.49,642.53,1589.26,39.0
61,147,1409.27,643.1,1594.81,38.0
61,148,1406.07,642.86,1592.12,37.0
61,149,1420.79,643.05,1582.65,36.0
61,150,1415.22,642.94,1598.53,35.0
61,151,1402.92,642.88,1595.61,34.0
61,152,1411.75,642.62,1592.97,33.0
61,153,1412.92,642.38,1584.55,32.0
61,154,1413.98,643.68,1592.9,31.0
61,155,1411.1,642.72,1597.17,30.0
61,156,1414.85,642.85,1599.96,29.0
61,157,1408.91,642.9,1592.84,28.0
61,158,1410.7,642.99,1590.46,27.0
61,159,1412.19,642.73,1593.46,26.0
61,160,1412.2,642.79,1593.67,25.0
61,161,1420.18,642.44,1595.51,24.0
61,162,1408.61,643.0,1588.71,23.0
61,163,1414.8,642.88,1603.46,22.0
61,164,1418.16,642.63,1595.29,21.0
61,165,1424.72,643.41,1592.72,20.0
61,166,1417.55,643.19,1588.26,19.0
61,167,1420.92,642.91,1598.37,18.0
61,168,1421.04,643.16,1596.01,17.0
61,169,1415.84,642.98,1597.45,16.0
61,170,1420.64,643.34,1594.38,15.0
61,171,1422.42,643.46,1596.99,14.0
61,172,1416.4,643.26,1602.37,13.0
61,173,1423.02,643.77,1597.09,12.0
61,174,1422.98,643.32,1603.31,11.0
61,175,1424.3,643.19,1597.03,10.0
61,176,1431.19,643.43,1596.56,9.0
61,177,1419.31,643.12,1599.93,8.0
61,178,1420.18,643.61,1595.91,7.0
61,179,1428.14,643.28,1598.9,6.0
61,180,1421.91,643.52,1599.75,5.0
61,181,1420.72,643.78,1604.19,4.0
61,182,1430.19,644.06,1606.3,3.0
61,183,1423.4,643.48,1609.91,2.0
61,184,1425.73,643.93,1596.35,1.0
61,185,1426.0,643.39,1604.83,0.0
62,1,1413.2,642.77,1588.2,179.0
62,2,1412.82,642.53,1580.22,178.0
62,3,1408.06,642.52,1589.38,177.0
62,4,1414.49,642.55,1592.7,176.0
62,5,1406.66,642.48,1594.58,175.0
62,6,1411.51,642.55,1588.81,174.0
62,7,1410.77,642.44,1590.91,173.0
62,8,1408.83,642.47,1594.19,172.0
62,9,1407.77,642.61,1590.49,171.0
62,10,1406.07,642.0,1594.78,170.0
62,11,1411.29,643.0,1588.03,169.0
62,12,1411.1,642.5,1587.15,168.0
62,13,1412.85,642.91,1585.28,167.0
62,14,1406.94,642.75,1595.56,166.0
62,15,1406.98,642.66,1591.3,165.0
62,16,1415.43,642.49,1590.6,164.0
62,17,1398.21,642.79,1594.19,163.0
62,18,1406.25,643.01,1591.88,162.0
62,19,1407.26,642.36,1582.75,161.0
62,20,1414.27,642.91,1585.24,160.0
62,21,1409.23,642.53,1590.73,159.0
62,22,1407.09,642.21,1591.23,158.0
62,23,1404.89,642.35,1593.99,157.0
62,24,1408.05,643.05,1589.14,156.0
62,25,1406.74,642.63,1592.98,155.0
62,26,1408.69,643.04,1593.21,154.0
62,27,1414.84,643.02,1594.89,153.0
62,28,1409.02,642.37,1587.16,152.0
62,29,1410.11,642.78,1595.36,151.0
62,30,1412.14,642.5,1591.94,150.0
62,31,1410.57,643.11,1598.06,149.0
62,32,1411.31,642.68,1591.31,148.0
62,33,1411.03,642.24,1590.59,147.0
62,34,1416.58,642.25,1590.12,146.0
62,35,1409.62,642.88,1591.24,145.0
62,36,1409.3,642.47,1584.89,144.0
62,37,1411.42,642.2,1592.17,143.0
62,38,1413.17,642.24,1590.42,142.0
62,39,1414.58,642.79,1594.87,141.0
62,40,1404.55,643.09,1590.73,140.0
62,41,1406.87,642.24,1596.1,139.0
62,42,1407.3,642.51,1596.25,138.0
62,43,1409.41,643.39,1584.8,137.0
62,44,1409.52,642.64,1593.48,136.0
62,45,1409.73,642.69,1586.3,135.0
62,46,1410.74,643.05,1596.44,134.0
62,47,1413.37,642.51,1595.96,133.0
62,48,1410.81,642.34,1593.0,132.0
62,49,1416.11,643.12,1582.68,131.0
62,50,1414.34,642.4,1580.85,130.0
62,51,1412.15,642.5,1586.58,129.0
62,52,1408.3,642.83,1584.12,128.0
62,53,1400.45,642.67,1592.03,127.0
62,54,1402.89,642.91,1590.54,126.0
62,55,1411.69,643.17,1597.46,125.0
62,56,1413.29,642.62,1597.66,124.0
62,57,1411.37,642.59,1592.83,123.0
62,58,1414.19,643.42,1591.58,122.0
62,59,1414.86,642.67,1590.46,121.0
62,60,1400.12,642.48,1590.01,120.0
62,61,1411.67,642.64,1599.65,119.0
62,62,1407.17,641.87,1592.34,118.0
62,63,1406.49,642.95,1595.39,117.0
62,64,1408.97,642.85,1589.33,116.0
62,65,1409.1,642.76,1586.38,115.0
62,66,1411.81,642.88,1590.08,114.0
62,67,1414.17,643.3,1589.33,113.0
62,68,1409.61,642.67,1586.54,112.0
62,69,1410.2,642.97,1600.87,111.0
62,70,1404.95,642.73,1599.06,110.0
62,71,1406.7,643.33,1588.17,109.0
62,72,1416.16,643.05,1592.31,108.0
62,73,1412.89,642.06,1590.58,107.0
62,74,1414.85,642.77,1591.98,106.0
62,75,1413.87,642.95,1589.64,105.0
62,76,1412.05,643.06,1593.76,104.0
62,77,1416.65,642.88,1589.94,103.0
62,78,1409.14,643.39,1587.9,102.0
62,79,1411.4,642.51,1587.18,101.0
62,80,1418.28,642.85,1591.43,100.0
62,81,1413.66,642.63,1594.07,99.0
62,82,1413.04,642.62,1598.45,98.0
62,83,1413.15,642.22,1591.26,97.0
62,84,1410.54,642.92,1594.76,96.0
62,85,1413.38,642.79,1599.03,95.0
62,86,1407.39,643.22,1589.18,94.0
62,87,1419.23,643.07,1588.57,93.0
62,88,1405.56,642.63,1590.16,92.0
62,89,1410.79,642.72,1586.41,91.0
62,90,1408.34,642.68,1595.35,90.0
62,91,1412.59,642.86,1592.3,89.0
62,92,1408.1,643.39,1595.1,88.0
62,93,1405.98,642.68,1595.48,87.0
62,94,1407.31,643.02,1594.51,86.0
62,95,1411.22,642.98,1598.53,85.0
62,96,1416.87,642.76,1592.77,84.0
62,97,1418.07,642.67,1595.83,83.0
62,98,1409.98,642.52,1589.76,82.0
62,99,1415.34,642.78,1594.26,81.0
62,100,1410.55,642.75,1599.32,80.0
62,101,1414.79,643.1,1597.38,79.0
62,102,1412.29,642.6,1592.13,78.0
62,103,1415.37,643.45,1590.9,77.0
62,104,1417.13,642.66,1586.58,76.0
62,105,1413.35,642.6,1594.29,75.0
62,106,1412.83,643.1,1591.36,74.0
62,107,1411.13,643.1,1593.23,73.0
62,108,1407.61,642.81,1590.27,72.0
62,109,1414.77,643.17,1596.08,71.0
62,110,1417.33,642.98,1590.93,70.0
62,111,1415.12,643.39,1593.92,69.0
62,112,1413.9,642.51,1592.29,68.0
62,113,1414.98,642.95,1590.52,67.0
62,114,1414.03,643.1,1584.61,66.0
62,115,1412.89,642.5,1590.07,65.0
62,116,1416.79,643.27,1591.83,64.0
62,117,1412.28,643.28,1595.14,63.0
62,118,1416.25,643.02,1596.58,62.0
62,119,1423.39,642.8,1597.84,61.0
62,120,1415.12,643.0,1592.77,60.0
62,121,1417.1,642.59,1592.77,59.0
62,122,1416.72,642.9,1600.17,58.0
62,123,1409.42,643.05,1591.99,57.0
62,124,1415.36,643.28,1595.49,56.0
62,125,1418.66,643.03,1593.71,55.0
62,126,1418.26,643.6,1596.16,54.0
62,127,1418.87,643.36,1589.77,53.0
62,128,1418.73,643.39,1594.36,52.0
62,129,1415.35,643.13,1591.62,51.0
62,130,1415.56,642.75,1587.89,50.0
62,131,1424.62,643.32,1598.59,49.0
62,132,1414.36,642.54,1594.05,48.0
62,133,1414.19,643.41,1591.25,47.0
62,134,1413.52,642.86,1599.92,46.0
62,135,1414.56,642.85,1586.27,45.0
62,136,1413.11,642.52,1592.01,44.0
62,137,1411.41,642.85,1590.56,43.0
62,138,1417.85,643.21,1592.78,42.0
62,139,1421.41,642.88,1598.87,41.0
62,140,1424.22,642.84,1592.96,40.0
62,141,1414.9,643.11,1601.42,39.0
62,142,1421.04,642.76,1585.62,38.0
62,143,1420.05,643.63,1603.86,37.0
62,144,1419.42,642.65,1593.37,36.0
62,145,1416.1,643.08,1592.88,35.0
62,146,1423.12,643.09,1599.77,34.0
62,147,1414.54,643.43,1600.54,33.0
62,148,1418.73,643.02,1597.38,32.0
62,149,1415.52,642.86,1598.72,31.0
62,150,1425.08,643.13,1596.74,30.0
62,151,1419.74,643.17,1602.16,29.0
62,152,1420.19,642.97,1592.93,28.0
62,153,1424.44,643.09,1594.93,27.0
62,154,1418.29,643.6,1598.29,26.0
62,155,1422.98,643.21,1592.44,25.0
62,156,1420.36,643.4,1599.79,24.0
62,157,1424.62,642.99,1595.81,23.0
62,158,1415.64,643.63,1600.27,22.0
62,159,1419.18,643.25,1596.99,21.0
62,160,1430.64,643.74,1597.7,20.0
62,161,1419.38,643.48,1604.01,19.0
62,162,1421.9,643.07,1596.57,18.0
62,163,1421.51,643.57,1600.35,17.0
62,164,1429.69,643.65,1600.28,16.0
62,165,1421.31,642.88,1597.62,15.0
62,166,1424.66,643.91,1599.85,14.0
62,167,1425.57,643.09,1594.7,13.0
62,168,1424.28,643.27,1601.12,12.0
62,169,1420.12,642.75,1607.03,11.0
62,170,1425.68,643.72,1598.12,10.0
62,171,1424.08,643.44,1599.43,9.0
62,172,1423.58,643.78,1601.16,8.0
62,173,1431.48,643.67,1601.42,7.0
62,174,1425.56,643.51,1601.38,6.0
62,175,1429.41,643.23,1598.92,5.0
62,176,1432.64,643.37,1600.36,4.0
62,177,1424.88,643.66,1595.0,3.0
62,178,1421.8,643.22,1601.35,2.0
62,179,1423.67,643.54,1603.55,1.0
62,180,1427.51,643.49,1595.1,0.0
63,1,1405.59,642.61,1585.01,173.0
63,2,1396.99,642.8,1585.07,172.0
63,3,1404.54,642.55,1600.15,171.0
63,4,1399.57,642.37,1583.64,170.0
63,5,1412.41,642.15,1590.16,169.0
63,6,1402.95,642.26,1588.0,168.0
63,7,1404.86,642.9,1592.37,167.0
63,8,1404.07,642.95,1590.26,166.0
63,9,1397.96,642.37,1587.8,165.0
63,10,1413.78,642.32,1586.36,164.0
63,11,1407.38,642.18,1579.97,163.0
63,12,1406.98,642.6,1586.14,162.0
63,13,1405.53,642.63,1586.02,161.0
63,14,1407.18,642.55,1588.64,160.0
63,15,1402.24,642.54,1595.45,159.0
63,16,1406.88,643.16,1588.1,158.0
63,17,1408.52,642.06,1581.34,157.0
63,18,1409.26,642.64,1593.26,156.0
63,19,1407.84,642.76,1584.69,155.0
63,20,1397.29,642.66,1588.4,154.0
63,21,1409.94,642.53,1588.08,153.0
63,22,1411.07,642.23,1579.97,152.0
63,23,1401.63,642.99,1592.95,151.0
63,24,1404.91,642.84,1588.6,150.0
63,25,1406.0,642.55,1583.62,149.0
63,26,1408.13,642.17,1589.3,148.0
63,27,1409.2,642.26,1587.05,147.0
63,28,1408.06,641.95,1587.86,146.0
63,29,1398.82,642.55,1579.07,145.0
63,30,1410.0,642.37,1585.54,144.0
63,31,1410.76,642.33,1595.69,143.0
63,32,1406.72,642.74,1592.55,142.0
63,33,1400.47,642.65,1586.61,141.0
63,34,1409.54,643.24,1586.18,140.0
63,35,1409.16,642.5,1587.64,139.0
63,36,1414.87,642.76,1585.36,138.0
63,37,1401.88,642.42,1584.89,137.0
63,38,1409.91,642.99,1595.37,136.0
63,39,1403.99,642.25,1587.72,135.0
63,40,1404.36,642.31,1582.4,134.0
63,41,1409.05,642.21,1585.67,133.0
63,42,1408.74,641.93,1575.0,132.0
63,43,1403.78,643.23,1587.99,131.0
63,44,1402.64,642.51,1582.46,130.0
63,45,1405.24,642.95,1598.14,129.0
63,46,1405.02,642.8,1591.24,128.0
63,47,1406.3,642.6,1586.08,127.0
63,48,1403.47,642.13,1581.25,126.0
63,49,1401.34,642.82,1583.45,125.0
63,50,1407.39,642.45,1588.4,124.0
63,51,1407.12,642.08,1589.83,123.0
63,52,1401.69,642.21,1588.31,122.0
63,53,1408.63,642.83,1585.62,121.0
63,54,1403.69,642.07,1593.8,120.0
63,55,1405.3,641.99,1591.21,119.0
63,56,1412.3,642.82,1593.11,118.0
63,57,1405.69,642.63,1591.94,117.0
63,58,1407.32,643.01,1585.3,116.0
63,59,1400.91,642.2,1591.51,115.0
63,60,1417.57,642.61,1590.24,114.0
63,61,1409.68,642.48,1584.18,113.0
63,62,1407.12,642.49,1595.49,112.0
63,63,1412.99,642.69,1590.95,111.0
63,64,1406.18,642.56,1590.49,110.0
63,65,1407.06,642.54,1588.54,109.0
63,66,1408.08,642.53,1594.99,108.0
63,67,1410.4,642.39,1583.66,107.0
63,68,1405.9,642.41,1584.2,106.0
63,69,1406.41,642.34,1589.76,105.0
63,70,1405.36,643.03,1596.95,104.0
63,71,1408.79,642.4,1591.61,103.0
63,72,1409.63,642.37,1593.96,102.0
63,73,1409.39,642.55,1588.89,101.0
63,74,1403.81,642.74,1598.76,100.0
63,75,1407.94,642.22,1594.91,99.0
63,76,1407.83,642.54,1595.64,98.0
63,77,1404.65,642.2,1584.1,97.0
63,78,1403.51,642.13,1594.0,96.0
63,79,1406.33,642.64,1587.46,95.0
63,80,1403.56,642.82,1587.87,94.0
63,81,1412.56,643.47,1599.49,93.0
63,82,1409.02,642.92,1587.75,92.0
63,83,1406.79,642.49,1590.1,91.0
63,84,1412.95,642.54,1597.47,90.0
63,85,1407.49,642.46,1588.63,89.0
63,86,1409.38,643.0,1590.6,88.0
63,87,1414.92,642.67,1586.9,87.0
63,88,1414.19,642.38,1585.34,86.0
63,89,1402.2,642.65,1593.33,85.0
63,90,1407.81,642.53,1584.06,84.0
63,91,1416.19,642.84,1592.21,83.0
63,92,1408.12,642.37,1592.27,82.0
63,93,1400.04,642.42,1592.85,81.0
63,94,1413.29,642.4,1588.46,80.0
63,95,1411.51,642.79,1591.82,79.0
63,96,1406.57,642.07,1593.57,78.0
63,97,1417.12,642.48,1592.44,77.0
63,98,1415.19,642.66,1587.25,76.0
63,99,1411.39,643.17,1591.83,75.0
63,100,1406.09,642.62,1597.18,74.0
63,101,1412.66,642.59,1593.82,73.0
63,102,1404.44,642.67,1591.63,72.0
63,103,1413.8,642.74,1594.84,71.0
63,104,1412.19,642.27,1595.86,70.0
63,105,1415.99,643.23,1592.0,69.0
63,106,1412.18,642.81,1590.76,68.0
63,107,1405.06,642.66,1598.6,67.0
63,108,1406.39,643.05,1591.53,66.0
63,109,1406.56,642.51,1584.53,65.0
63,110,1413.02,642.77,1598.25,64.0
63,111,1410.94,642.83,1593.36,63.0
63,112,1413.22,642.68,1597.77,62.0
63,113,1402.08,642.98,1590.69,61.0
63,114,1405.69,642.56,1586.7,60.0
63,115,1410.05,642.53,1590.64,59.0
63,116,1412.79,642.32,1597.28,58.0
63,117,1410.98,642.7,1588.18,57.0
63,118,1412.67,642.94,1595.36,56.0
63,119,1409.75,642.6,1597.6,55.0
63,120,1415.19,642.78,1596.94,54.0
63,121,1412.84,642.49,1591.68,53.0
63,122,1414.77,643.03,1589.73,52.0
63,123,1413.12,642.9,1589.53,51.0
63,124,1412.93,642.65,1588.99,50.0
63,125,1418.57,642.79,1598.45,49.0
63,126,1418.26,642.99,1589.62,48.0
63,127,1416.13,642.61,1598.81,47.0
63,128,1411.09,643.03,1593.3,46.0
63,129,1410.96,642.99,1589.17,45.0
63,130,1414.9,642.82,1594.82,44.0
63,131,1412.16,642.62,1598.02,43.0
63,132,1416.67,642.89,1592.84,42.0
63,133,1414.35,642.18,1592.96,41.0
63,134,1412.85,642.78,1588.95,40.0
63,135,1417.03,643.12,1592.74,39.0
63,136,1410.86,642.83,1601.89,38.0
63,137,1416.51,643.01,1600.14,37.0
63,138,1413.63,642.59,1589.85,36.0
63,139,1415.81,643.29,1593.63,35.0
63,140,1420.81,642.9,1590.76,34.0
63,141,1416.71,642.44,1591.89,33.0
63,142,1412.0,643.03,1597.29,32.0
63,143,1416.18,642.55,1594.19,31.0
63,144,1423.84,643.38,1602.12,30.0
63,145,1413.21,643.25,1594.31,29.0
63,146,1413.81,642.95,1595.82,28.0
63,147,1421.38,643.01,1597.83,27.0
63,148,1420.64,643.3,1599.72,26.0
63,149,1413.1,643.31,1592.92,25.0
63,150,1417.41,643.02,1597.29,24.0
63,151,1420.86,642.6,1603.26,23.0
63,152,1423.41,643.21,1601.95,22.0
63,153,1414.98,642.92,1594.72,21.0
63,154,1418.06,643.05,1597.51,20.0
63,155,1409.55,643.02,1598.22,19.0
63,156,1423.34,643.52,1603.83,18.0
63,157,1417.32,643.09,1600.75,17.0
63,158,1417.34,642.83,1599.06,16.0
63,159,1421.02,643.17,1598.19,15.0
63,160,1417.29,643.34,1594.61,14.0
63,161,1424.47,643.28,1597.21,13.0
63,162,1420.81,643.08,1602.01,12.0
63,163,1418.66,643.39,1604.5,11.0
63,164,1419.49,643.98,1594.28,10.0
63,165,1431.99,643.11,1602.24,9.0
63,166,1420.36,643.73,1600.61,8.0
63,167,1421.77,643.86,1603.43,7.0
63,168,1427.47,643.82,1607.15,6.0
63,169,1426.49,643.06,1599.04,5.0
63,170,1426.65,643.4,1609.06,4.0
63,171,1436.27,643.52,1599.89,3.0
63,172,1426.43,643.24,1604.96,2.0
63,173,1432.1,643.86,1605.08,1.0
63,174,1424.72,643.43,1603.87,0.0
64,1,1408.33,642.36,1586.12,282.0
64,2,1411.2,642.88,1581.13,281.0
64,3,1398.31,642.4,1588.42,280.0
64,4,1402.35,642.09,1592.03,279.0
64,5,1409.68,642.08,1593.79,278.0
64,6,1398.68,642.41,1584.39,277.0
64,7,1402.33,642.67,1588.0,276.0
64,8,1403.88,642.92,1585.98,275.0
64,9,1403.35,642.58,1584.6,274.0
64,10,1400.76,642.05,1589.08,273.0
64,11,1403.66,642.73,1586.57,272.0
64,12,1405.13,642.21,1587.6,271.0
64,13,1406.05,643.21,1591.73,270.0
64,14,1407.95,642.44,1587.32,269.0
64,15,1406.99,642.21,1588.68,268.0
64,16,1408.94,641.91,1587.52,267.0
64,17,1404.85,641.54,1583.34,266.0
64,18,1403.62,642.7,1588.04,265.0
64,19,1403.95,642.52,1583.21,264.0
64,20,1402.36,642.55,1592.9,263.0
64,21,1399.48,642.99,1584.23,262.0
64,22,1408.15,642.36,1592.92,261.0
64,23,1404.34,643.49,1590.75,260.0
64,24,1404.82,642.5,1589.22,259.0
64,25,1407.61,642.41,1588.52,258.0
64,26,1401.43,642.23,1585.5,257.0
64,27,1410.3,642.65,1591.62,256.0
64,28,1400.18,642.18,1591.39,255.0
64,29,1408.05,642.3,1589.93,254.0
64,30,1410.51,641.91,1595.94,253.0
64,31,1404.97,642.17,1586.6,252.0
64,32,1408.83,642.48,1586.13,251.0
64,33,1403.15,642.92,1589.38,250.0
64,34,1404.77,642.73,1589.62,249.0
64,35,1408.47,642.39,1588.65,248.0
64,36,1401.76,641.99,1595.28,247.0
64,37,1399.7,642.3,1582.82,246.0
64,38,1405.8,642.61,1584.92,245.0
64,39,1411.84,642.5,1588.5,244.0
64,40,1401.89,642.57,1591.54,243.0
64,41,1404.56,642.25,1590.18,242.0
64,42,1401.27,642.56,1586.53,241.0
64,43,1409.04,642.67,1588.24,240.0
64,44,1405.53,642.26,1588.9,239.0
64,45,1408.07,642.46,1590.21,238.0
64,46,1400.05,643.28,1583.66,237.0
64,47,1404.87,642.41,1590.62,236.0
64,48,1407.41,642.8,1589.78,235.0
64,49,1414.69,642.42,1592.98,234.0
64,50,1404.3,641.89,1593.29,233.0
64,51,1406.84,642.99,1592.33,232.0
64,52,1401.18,642.61,1592.55,231.0
64,53,1405.13,642.57,1583.63,230.0
64,54,1405.95,642.58,1591.98,229.0
64,55,1401.15,642.78,1580.51,228.0
64,56,1412.51,642.22,1585.86,227.0
64,57,1412.54,642.51,1583.48,226.0
64,58,1403.94,642.92,1589.47,225.0
64,59,1408.74,642.28,1585.01,224.0
64,60,1398.98,642.36,1587.34,223.0
64,61,1407.67,643.03,1583.68,222.0
64,62,1408.66,642.2,1583.7,221.0
64,63,1402.06,642.74,1581.45,220.0
64,64,1398.02,642.61,1587.46,219.0
64,65,1408.48,642.57,1587.48,218.0
64,66,1410.05,642.63,1586.69,217.0
64,67,1399.02,641.79,1596.41,216.0
64,68,1407.39,642.4,1586.63,215.0
64,69,1406.23,642.48,1582.15,214.0
64,70,1411.56,642.5,1587.87,213.0
64,71,1402.65,642.76,1590.63,212.0
64,72,1406.08,642.49,1588.64,211.0
64,73,1405.09,642.39,1587.43,210.0
64,74,1399.78,642.61,1584.69,209.0
64,75,1402.99,642.62,1588.02,208.0
64,76,1409.36,642.41,1594.25,207.0
64,77,1408.65,642.53,1598.75,206.0
64,78,1402.41,642.26,1588.74,205.0
64,79,1402.23,642.1,1592.68,204.0
64,80,1397.31,643.33,1584.81,203.0
64,81,1408.43,642.29,1588.33,202.0
64,82,1403.91,642.47,1581.11,201.0
64,83,1405.18,642.28,1586.93,200.0
64,84,1405.54,642.41,1587.24,199.0
64,85,1404.05,642.56,1592.04,198.0
64,86,1414.09,642.36,1588.65,197.0
64,87,1403.5,642.71,1582.61,196.0
64,88,1402.48,642.36,1592.4,195.0
64,89,1405.66,642.6,1585.81,194.0
64,90,1407.32,642.52,1597.29,193.0
64,91,1405.48,642.54,1586.43,192.0
64,92,1404.4,642.38,1593.87,191.0
64,93,1411.74,642.06,1588.15,190.0
64,94,1407.01,642.58,1592.6,189.0
64,95,1414.48,642.74,1591.49,188.0
64,96,1405.83,642.74,1584.15,187.0
64,97,1401.59,642.53,1583.51,186.0
64,98,1410.03,642.86,1590.95,185.0
64,99,1408.15,642.52,1583.37,184.0
64,100,1404.35,642.08,1591.3,183.0
64,101,1406.68,642.68,1587.93,182.0
64,102,1408.24,642.48,1584.73,181.0
64,103,1406.41,643.18,1589.12,180.0
64,104,1407.22,642.62,1589.4,179.0
64,105,1406.9,642.8,1588.82,178.0
64,106,1401.55,643.22,1594.01,177.0
64,107,1401.78,642.93,1588.86,176.0
64,108,1407.14,643.4,1588.86,175.0
64,109,1411.03,642.06,1588.0,174.0
64,110,1405.65,642.47,1594.36,173.0
64,111,1410.87,643.37,1584.02,172.0
64,112,1410.54,642.3,1587.3,171.0
64,113,1405.03,642.11,1584.9,170.0
64,114,1406.45,642.4,1584.63,169.0
64,115,1403.77,641.94,1592.17,168.0
64,116,1411.56,642.5,1593.55,167.0
64,117,1414.17,642.82,1584.63,166.0
64,118,1410.83,642.48,1592.19,165.0
64,119,1407.68,642.31,1587.36,164.0
64,120,1400.62,642.32,1587.98,163.0
64,121,1411.39,642.38,1590.94,162.0
64,122,1401.02,643.16,1589.31,161.0
64,123,1411.35,642.76,1587.54,160.0
64,124,1409.01,642.27,1585.42,159.0
64,125,1412.81,642.58,1591.23,158.0
64,126,1409.45,642.51,1588.63,157.0
64,127,1399.86,642.67,1582.44,156.0
64,128,1410.2,642.35,1590.64,155.0
64,129,1413.03,642.53,1588.75,154.0
64,130,1407.79,642.7,1590.46,153.0
64,131,1404.98,642.73,1592.57,152.0
64,132,1404.91,642.99,1587.24,151.0
64,133,1400.22,642.59,1594.92,150.0
64,134,1404.99,642.65,1585.75,149.0
64,135,1402.09,642.42,1593.85,148.0
64,136,1409.13,643.18,1597.99,147.0
64,137,1411.03,642.55,1586.86,146.0
64,138,1405.83,642.82,1577.94,145.0
64,139,1411.94,642.75,1593.11,144.0
64,140,1404.92,643.12,1593.11,143.0
64,141,1412.24,642.3,1590.88,142.0
64,142,1408.65,642.57,1588.53,141.0
64,143,1405.97,642.63,1587.25,140.0
64,144,1411.45,642.27,1593.37,139.0
64,145,1411.71,642.76,1585.17,138.0
64,146,1405.59,642.96,1588.33,137.0
64,147,1410.13,642.49,1590.99,136.0
64,148,1405.71,642.61,1589.48,135.0
64,149,1412.05,642.77,1585.37,134.0
64,150,1404.03,642.45,1594.46,133.0
64,151,1406.67,642.69,1587.54,132.0
64,152,1403.72,642.42,1594.49,131.0
64,153,1406.35,642.69,1594.07,130.0
64,154,1410.87,643.2,1586.82,129.0
64,155,1407.62,642.56,1587.11,128.0
64,156,1411.93,642.51,1595.76,127.0
64,157,1413.55,642.93,1588.94,126.0
64,158,1406.97,642.18,1598.97,125.0
64,159,1407.01,642.21,1590.02,124.0
64,160,1412.93,642.12,1593.96,123.0
64,161,1406.6,642.62,1597.08,122.0
64,162,1413.76,642.94,1589.04,121.0
64,163,1409.2,642.71,1590.71,120.0
64,164,1405.06,642.67,1591.98,119.0
64,165,1403.62,642.15,1586.8,118.0
64,166,1415.63,642.4,1592.82,117.0
64,167,1406.75,642.54,1594.69,116.0
64,168,1410.15,642.62,1593.63,115.0
64,169,1407.51,642.32,1591.89,114.0
64,170,1407.28,642.01,1586.6,113.0
64,171,1412.92,643.16,1591.09,112.0
64,172,1408.73,643.28,1590.74,111.0
64,173,1406.97,642.66,1592.76,110.0
64,174,1404.86,642.98,1599.11,109.0
64,175,1408.59,642.73,1600.13,108.0
64,176,1407.87,642.54,1592.13,107.0
64,177,1410.67,642.85,1589.31,106.0
64,178,1411.71,642.48,1590.91,105.0
64,179,1411.43,642.7,1591.62,104.0
64,180,1411.37,642.49,1594.16,103.0
64,181,1412.52,642.92,1597.55,102.0
64,182,1409.84,642.89,1592.63,101.0
64,183,1410.89,642.92,1587.38,100.0
64,184,1410.54,642.36,1592.73,99.0
64,185,1414.48,643.17,1597.7,98.0
64,186,1410.67,642.77,1591.07,97.0
64,187,1412.49,642.75,1589.41,96.0
64,188,1409.01,642.55,1587.09,95.0
64,189,1410.45,643.15,1592.75,94.0
64,190,1407.8,643.29,1587.7,93.0
64,191,1410.92,642.62,1589.39,92.0
64,192,1415.61,642.98,1591.2,91.0
64,193,1410.02,642.31,1601.12,90.0
64,194,1414.56,643.31,1590.8,89.0
64,195,1418.33,643.24,1593.42,88.0
64,196,1414.4,642.31,1598.42,87.0
64,197,1408.93,643.05,1586.83,86.0
64,198,1412.61,642.86,1594.85,85.0
64,199,1410.54,642.86,1597.36,84.0
64,200,1414.91,642.36,1590.45,83.0
64,201,1403.01,642.77,1591.32,82.0
64,202,1414.12,642.43,1597.54,81.0
64,203,1412.45,642.61,1586.36,80.0
64,204,1412.97,642.6,1591.25,79.0
64,205,1415.48,642.36,1588.88,78.0
64,206,1412.0,643.57,1599.52,77.0
64,207,1413.28,642.71,1590.62,76.0
64,208,1410.25,642.79,1594.13,75.0
64,209,1414.45,642.91,1597.09,74.0
64,210,1410.95,643.16,1587.84,73.0
64,211,1404.75,643.09,1594.12,72.0
64,212,1415.79,642.26,1594.58,71.0
64,213,1411.95,643.27,1590.72,70.0
64,214,1411.5,642.81,1590.17,69.0
64,215,1414.45,642.73,1603.33,68.0
64,216,1409.2,643.42,1598.64,67.0
64,217,1418.1,642.99,1595.39,66.0
64,218,1415.86,642.85,1593.55,65.0
64,219,1414.22,642.88,1596.7,64.0
64,220,1419.41,643.16,1593.21,63.0
64,221,1414.44,643.64,1588.48,62.0
64,222,1409.81,643.05,1592.77,61.0
64,223,1417.22,642.74,1602.2,60.0
64,224,1414.41,642.97,1594.06,59.0
64,225,1425.11,643.11,1594.61,58.0
64,226,1422.68,642.58,1601.54,57.0
64,227,1418.52,643.07,1603.16,56.0
64,228,1407.97,642.5,1596.57,55.0
64,229,1420.9,643.51,1595.25,54.0
64,230,1423.55,643.22,1598.55,53.0
64,231,1417.26,643.13,1605.37,52.0
64,232,1423.27,642.73,1597.8,51.0
64,233,1418.85,643.08,1598.47,50.0
64,234,1418.91,643.56,1598.08,49.0
64,235,1420.82,643.37,1597.25,48.0
64,236,1418.17,642.99,1589.14,47.0
64,237,1414.07,642.79,1597.0,46.0
64,238,1422.28,642.97,1599.06,45.0
64,239,1420.69,642.52,1596.07,44.0
64,240,1424.76,643.92,1594.16,43.0
64,241,1416.86,642.84,1600.59,42.0
64,242,1423.95,643.06,1596.28,41.0
64,243,1418.14,642.78,1598.73,40.0
64,244,1417.07,643.04,1596.91,39.0
64,245,1420.81,643.33,1592.73,38.0
64,246,1424.23,643.03,1599.22,37.0
64,247,1418.16,643.03,1599.56,36.0
64,248,1417.35,643.03,1599.03,35.0
64,249,1413.85,643.38,1599.45,34.0
64,250,1420.75,643.65,1596.79,33.0
64,251,1420.14,643.44,1593.83,32.0
64,252,1423.8,643.68,1603.85,31.0
64,253,1422.78,643.26,1596.33,30.0
64,254,1426.57,643.68,1597.07,29.0
64,255,1425.38,643.69,1597.51,28.0
64,256,1418.48,643.47,1592.48,27.0
64,257,1428.76,643.31,1602.45,26.0
64,258,1424.99,643.49,1601.91,25.0
64,259,1421.9,644.11,1593.8,24.0
64,260,1423.54,643.7,1602.01,23.0
64,261,1430.92,643.53,1607.28,22.0
64,262,1428.55,643.88,1597.72,21.0
64,263,1427.74,643.64,1600.08,20.0
64,264,1424.44,643.49,1605.49,19.0
64,265,1419.68,643.24,1601.36,18.0
64,266,1427.27,643.07,1605.32,17.0
64,267,1424.61,643.58,1601.3,16.0
64,268,1421.47,643.93,1602.02,15.0
64,269,1425.44,643.01,1603.1,14.0
64,270,1420.45,643.08,1606.69,13.0
64,271,1430.37,643.07,1602.53,12.0
64,272,1426.99,643.79,1604.26,11.0
64,273,1427.56,643.61,1604.23,10.0
64,274,1421.98,643.41,1605.24,9.0
64,275,1420.04,643.49,1597.55,8.0
64,276,1425.46,643.32,1602.04,7.0
64,277,1427.23,643.93,1608.81,6.0
64,278,1436.14,643.73,1604.42,5.0
64,279,1437.98,643.63,1606.92,4.0
64,280,1428.08,643.66,1607.07,3.0
64,281,1430.33,643.75,1607.98,2.0
64,282,1426.12,643.76,1606.06,1.0
64,283,1425.77,643.88,1605.47,0.0
65,1,1398.93,642.2,1586.71,152.0
65,2,1403.05,641.7,1580.85,151.0
65,3,1404.75,642.05,1577.46,150.0
65,4,1399.61,642.6,1586.51,149.0
65,5,1401.17,642.2,1584.74,148.0
65,6,1399.53,641.92,1583.24,147.0
65,7,1394.65,642.34,1586.99,146.0
65,8,1402.85,642.14,1583.18,145.0
65,9,1396.58,642.5,1584.76,144.0
65,10,1402.04,642.44,1583.31,143.0
65,11,1398.67,642.23,1578.93,142.0
65,12,1396.26,642.57,1582.23,141.0
65,13,1394.71,642.06,1584.35,140.0
65,14,1397.98,641.82,1588.73,139.0
65,15,1395.51,642.19,1576.99,138.0
65,16,1398.96,642.52,1583.81,137.0
65,17,1408.99,642.09,1584.47,136.0
65,18,1398.41,642.66,1586.93,135.0
65,19,1393.44,641.91,1583.52,134.0
65,20,1398.74,641.64,1578.53,133.0
65,21,1395.18,642.06,1581.99,132.0
65,22,1398.84,642.06,1584.11,131.0
65,23,1400.08,642.17,1587.24,130.0
65,24,1402.97,642.51,1584.95,129.0
65,25,1396.7,642.14,1581.47,128.0
65,26,1396.15,641.76,1580.05,127.0
65,27,1399.68,642.32,1582.39,126.0
65,28,1397.24,642.37,1586.12,125.0
65,29,1393.27,642.21,1589.3,124.0
65,30,1404.47,641.98,1587.54,123.0
65,31,1398.78,642.48,1589.18,122.0
65,32,1398.58,641.98,1584.62,121.0
65,33,1402.64,641.96,1584.08,120.0
65,34,1396.8,642.42,1582.25,119.0
65,35,1396.63,642.1,1586.79,118.0
65,36,1393.82,642.36,1586.9,117.0
65,37,1392.3,641.99,1581.52,116.0
65,38,1395.58,642.21,1584.63,115.0
65,39,1392.99,642.16,1590.79,114.0
65,40,1396.98,642.18,1581.15,113.0
65,41,1403.3,642.26,1586.91,112.0
65,42,1396.97,642.44,1581.24,111.0
65,43,1405.19,642.13,1585.74,110.0
65,44,1396.59,642.0,1581.89,109.0
65,45,1405.46,642.23,1587.12,108.0
65,46,1400.44,642.44,1589.28,107.0
65,47,1396.33,641.82,1578.14,106.0
65,48,1405.74,642.82,1582.29,105.0
65,49,1399.78,642.38,1591.73,104.0
65,50,1396.8,642.15,1589.11,103.0
65,51,1400.53,641.99,1580.77,102.0
65,52,1394.55,641.9,1594.56,101.0
65,53,1401.47,642.13,1584.76,100.0
65,54,1398.72,642.37,1580.8,99.0
65,55,1406.56,642.29,1585.11,98.0
65,56,1390.97,642.57,1585.0,97.0
65,57,1402.4,642.76,1589.34,96.0
65,58,1402.59,642.21,1588.17,95.0
65,59,1395.47,642.49,1588.86,94.0
65,60,1404.94,642.55,1584.18,93.0
65,61,1398.5,641.86,1578.79,92.0
65,62,1407.54,641.97,1589.86,91.0
65,63,1397.82,642.15,1580.75,90.0
65,64,1402.8,642.49,1583.8,89.0
65,65,1395.27,642.31,1582.02,88.0
65,66,1403.99,642.39,1589.33,87.0
65,67,1402.49,641.99,1593.34,86.0
65,68,1402.49,642.02,1593.28,85.0
65,69,1394.79,641.84,1582.1,84.0
65,70,1403.36,642.1,1587.58,83.0
65,71,1407.64,642.02,1588.7,82.0
65,72,1402.21,642.0,1583.69,81.0
65,73,1401.78,641.9,1587.48,80.0
65,74,1395.4,642.33,1587.39,79.0
65,75,1399.53,642.38,1579.38,78.0
65,76,1404.66,642.52,1583.39,77.0
65,77,1407.18,642.39,1579.94,76.0
65,78,1396.01,641.92,1588.11,75.0
65,79,1403.75,642.59,1588.06,74.0
65,80,1399.65,642.05,1587.84,73.0
65,81,1399.14,642.08,1587.5,72.0
65,82,1398.37,642.89,1588.96,71.0
65,83,1397.12,642.4,1584.42,70.0
65,84,1401.31,642.3,1587.75,69.0
65,85,1403.94,642.62,1581.87,68.0
65,86,1406.73,642.31,1589.65,67.0
65,87,1400.32,642.23,1588.44,66.0
65,88,1400.61,642.2,1578.93,65.0
65,89,1406.36,642.6,1588.79,64.0
65,90,1397.63,642.22,1582.44,63.0
65,91,1399.87,642.35,1584.44,62.0
65,92,1406.01,642.53,1589.17,61.0
65,93,1401.09,642.35,1597.77,60.0
65,94,1402.16,642.5,1586.1,59.0
65,95,1403.38,642.69,1585.56,58.0
65,96,1392.8,642.5,1588.29,57.0
65,97,1406.45,642.24,1590.06,56.0
65,98,1412.46,642.5,1582.24,55.0
65,99,1402.73,643.08,1592.07,54.0
65,100,1403.67,642.43,1584.57,53.0
65,101,1409.68,643.02,1584.25,52.0
65,102,1407.89,642.39,1588.22,51.0
65,103,1403.56,642.23,1587.28,50.0
65,104,1409.31,642.47,1592.11,49.0
65,105,1404.53,642.42,1589.81,48.0
65,106,1412.25,642.75,1588.21,47.0
65,107,1414.42,642.57,1589.74,46.0
65,108,1409.79,642.18,1589.15,45.0
65,109,1404.41,642.59,1595.95,44.0
65,110,1403.83,642.97,1587.76,43.0
65,111,1410.33,642.52,1588.07,42.0
65,112,1415.42,643.1,1587.48,41.0
65,113,1416.27,642.35,1594.27,40.0
65,114,1411.15,642.59,1590.1,39.0
65,115,1401.63,642.62,1593.83,38.0
65,116,1410.38,643.09,1591.46,37.0
65,117,1405.07,642.39,1594.3,36.0
65,118,1409.37,643.07,1590.65,35.0
65,119,1406.96,642.75,1594.59,34.0
65,120,1417.4,643.02,1595.29,33.0
65,121,1409.86,642.69,1592.61,32.0
65,122,1408.93,642.92,1596.23,31.0
65,123,1413.31,643.27,1595.7,30.0
65,124,1411.06,642.76,1592.82,29.0
65,125,1408.54,642.85,1587.6,28.0
65,126,1411.58,643.19,1601.28,27.0
65,127,1407.78,643.47,1588.04,26.0
65,128,1403.65,643.0,1587.49,25.0
65,129,1411.54,642.26,1592.53,24.0
65,130,1417.3,643.27,1598.02,23.0
65,131,1412.31,642.79,1605.14,22.0
65,132,1411.96,642.65,1597.44,21.0
65,133,1416.3,642.95,1589.36,20.0
65,134,1423.85,643.41,1595.64,19.0
65,135,1418.04,643.56,1591.97,18.0
65,136,1420.28,643.47,1591.49,17.0
65,137,1410.59,643.57,1596.03,16.0
65,138,1423.18,643.68,1591.82,15.0
65,139,1420.03,643.47,1598.9,14.0
65,140,1419.69,642.99,1596.62,13.0
65,141,1416.42,643.02,1593.47,12.0
65,142,1422.05,643.29,1601.39,11.0
65,143,1409.22,643.42,1597.1,10.0
65,144,1424.77,643.22,1603.33,9.0
65,145,1432.39,643.01,1602.95,8.0
65,146,1425.83,643.01,1588.85,7.0
65,147,1423.98,643.63,1598.37,6.0
65,148,1430.73,643.2,1596.3,5.0
65,149,1428.48,643.33,1605.33,4.0
65,150,1428.51,643.59,1593.13,3.0
65,151,1427.38,643.01,1602.05,2.0
65,152,1426.13,643.95,1602.77,1.0
65,153,1432.83,643.95,1592.45,0.0
66,1,1408.97,642.5,1589.58,201.0
66,2,1410.63,642.81,1595.37,200.0
66,3,1415.2,642.53,1584.2,199.0
66,4,1406.68,643.16,1585.91,198.0
66,5,1409.5,642.65,1588.17,197.0
66,6,1405.56,642.85,1590.71,196.0
66,7,1400.12,642.42,1591.37,195.0
66,8,1412.13,642.47,1591.6,194.0
66,9,1406.29,642.65,1592.8,193.0
66,10,1407.68,643.01,1585.32,192.0
66,11,1409.66,642.68,1597.09,191.0
66,12,1413.91,643.35,1585.12,190.0
66,13,1411.43,643.01,1592.68,189.0
66,14,1412.5,643.1,1589.64,188.0
66,15,1409.03,642.96,1591.16,187.0
66,16,1409.58,642.75,1596.49,186.0
66,17,1412.03,642.97,1589.07,185.0
66,18,1409.59,642.98,1593.98,184.0
66,19,1412.68,642.68,1595.57,183.0
66,20,1413.35,642.51,1587.16,182.0
66,21,1410.24,642.41,1594.01,181.0
66,22,1407.94,642.34,1591.67,180.0
66,23,1420.02,642.87,1593.53,179.0
66,24,1405.83,642.48,1586.77,178.0
66,25,1416.26,642.82,1591.1,177.0
66,26,1409.87,642.52,1592.06,176.0
66,27,1415.65,642.84,1584.97,175.0
66,28,1415.54,642.27,1586.41,174.0
66,29,1415.63,642.88,1578.03,173.0
66,30,1404.77,642.33,1593.33,172.0
66,31,1401.68,643.07,1596.34,171.0
66,32,1408.02,642.24,1583.19,170.0
66,33,1409.96,642.53,1595.44,169.0
66,34,1409.91,642.84,1593.96,168.0
66,35,1416.38,642.43,1591.41,167.0
66,36,1412.53,642.38,1578.44,166.0
66,37,1406.74,642.74,1593.29,165.0
66,38,1410.17,642.95,1597.33,164.0
66,39,1408.61,642.75,1591.05,163.0
66,40,1412.18,642.74,1588.86,162.0
66,41,1410.36,642.81,1591.27,161.0
66,42,1404.56,642.99,1586.7,160.0
66,43,1405.88,642.43,1596.57,159.0
66,44,1415.51,642.64,1585.61,158.0
66,45,1414.97,642.91,1593.34,157.0
66,46,1408.89,642.76,1585.52,156.0
66,47,1408.93,642.95,1591.55,155.0
66,48,1409.54,642.87,1588.45,154.0
66,49,1417.22,642.84,1588.26,153.0
66,50,1403.1,642.17,1583.51,152.0
66,51,1409.71,642.69,1589.82,151.0
66,52,1414.12,642.74,1592.39,150.0
66,53,1408.88,642.86,1593.67,149.0
66,54,1416.68,642.76,1592.62,148.0
66,55,1415.68,643.04,1590.8,147.0
66,56,1408.46,642.49,1594.37,146.0
66,57,1402.9,643.03,1590.41,145.0
66,58,1403.32,642.65,1592.64,144.0
66,59,1400.97,643.51,1583.68,143.0
66,60,1409.74,642.62,1590.24,142.0
66,61,1417.56,643.07,1592.59,141.0
66,62,1402.78,643.13,1592.7,140.0
66,63,1409.87,642.39,1593.77,139.0
66,64,1409.16,642.67,1590.56,138.0
66,65,1414.62,642.58,1590.41,137.0
66,66,1407.56,642.25,1589.61,136.0
66,67,1409.7,642.94,1588.9,135.0
66,68,1416.1,642.92,1591.56,134.0
66,69,1416.27,642.56,1598.29,133.0
66,70,1413.74,642.86,1595.19,132.0
66,71,1418.16,642.8,1597.82,131.0
66,72,1405.17,643.05,1595.28,130.0
66,73,1402.3,642.49,1594.25,129.0
66,74,1412.25,642.84,1594.0,128.0
66,75,1409.56,642.4,1583.47,127.0
66,76,1414.12,643.01,1593.29,126.0
66,77,1416.03,643.35,1587.93,125.0
66,78,1414.81,642.6,1591.0,124.0
66,79,1415.86,642.73,1587.76,123.0
66,80,1409.21,643.03,1594.31,122.0
66,81,1411.62,642.49,1591.3,121.0
66,82,1417.75,642.81,1594.7,120.0
66,83,1413.06,642.72,1593.91,119.0
66,84,1405.82,642.85,1588.81,118.0
66,85,1411.98,642.39,1587.04,117.0
66,86,1412.75,642.72,1596.02,116.0
66,87,1413.86,643.06,1591.39,115.0
66,88,1410.91,643.25,1597.1,114.0
66,89,1415.66,642.67,1591.93,113.0
66,90,1414.86,642.96,1595.04,112.0
66,91,1414.37,642.88,1590.59,111.0
66,92,1404.11,642.97,1592.3,110.0
66,93,1411.15,642.85,1594.16,109.0
66,94,1419.34,642.4,1589.59,108.0
66,95,1412.0,642.76,1595.63,107.0
66,96,1411.8,642.84,1590.28,106.0
66,97,1414.21,643.46,1593.91,105.0
66,98,1412.73,642.63,1592.27,104.0
66,99,1419.54,642.92,1593.69,103.0
66,100,1414.52,642.47,1594.55,102.0
66,101,1420.26,642.99,1596.66,101.0
66,102,1413.87,643.0,1596.19,100.0
66,103,1416.52,642.1,1592.25,99.0
66,104,1415.8,643.52,1590.94,98.0
66,105,1408.71,643.03,1590.39,97.0
66,106,1407.56,642.73,1591.57,96.0
66,107,1410.4,643.08,1592.71,95.0
66,108,1424.91,642.92,1598.06,94.0
66,109,1416.95,642.84,1593.7,93.0
66,110,1415.97,642.64,1592.69,92.0
66,111,1411.27,642.46,1589.54,91.0
66,112,1414.03,642.96,1592.14,90.0
66,113,1409.87,643.38,1587.21,89.0
66,114,1408.49,642.96,1591.93,88.0
66,115,1417.39,643.11,1587.97,87.0
66,116,1416.41,642.57,1604.59,86.0
66,117,1412.77,642.75,1590.27,85.0
66,118,1419.06,643.13,1600.86,84.0
66,119,1417.38,642.71,1592.43,83.0
66,120,1422.37,642.91,1598.67,82.0
66,121,1414.32,642.68,1592.98,81.0
66,122,1413.46,642.91,1588.52,80.0
66,123,1415.26,643.2,1591.23,79.0
66,124,1419.95,643.24,1591.37,78.0
66,125,1421.01,642.96,1594.81,77.0
66,126,1419.02,643.17,1588.41,76.0
66,127,1422.39,643.2,1597.3,75.0
66,128,1417.57,643.06,1592.22,74.0
66,129,1410.47,643.16,1596.23,73.0
66,130,1413.36,643.19,1589.35,72.0
66,131,1406.56,642.7,1590.86,71.0
66,132,1408.12,642.8,1596.19,70.0
66,133,1419.62,642.83,1592.18,69.0
66,134,1415.18,642.8,1592.84,68.0
66,135,1415.79,642.85,1596.31,67.0
66,136,1417.48,642.68,1596.87,66.0
66,137,1421.71,642.74,1598.05,65.0
66,138,1409.1,643.13,1592.62,64.0
66,139,1413.41,642.83,1598.96,63.0
66,140,1415.92,643.19,1585.92,62.0
66,141,1417.8,642.6,1594.96,61.0
66,142,1414.81,642.54,1589.71,60.0
66,143,1419.5,642.99,1594.82,59.0
66,144,1424.16,643.18,1596.42,58.0
66,145,1423.21,642.64,1596.62,57.0
66,146,1416.72,643.0,1598.01,56.0
66,147,1406.65,642.87,1596.97,55.0
66,148,1418.66,642.87,1591.66,54.0
66,149,1414.91,642.45,1589.23,53.0
66,150,1419.76,643.49,1600.5,52.0
66,151,1419.09,643.01,1596.46,51.0
66,152,1421.02,643.41,1594.81,50.0
66,153,1415.28,643.36,1600.05,49.0
66,154,1417.85,643.15,1596.78,48.0
66,155,1415.53,643.24,1592.27,47.0
66,156,1420.74,643.32,1591.09,46.0
66,157,1421.25,643.15,1598.25,45.0
66,158,1419.9,642.93,1599.6,44.0
66,159,1420.58,643.45,1596.72,43.0
66,160,1415.26,643.18,1601.61,42.0
66,161,1429.6,643.42,1590.04,41.0
66,162,1416.59,643.19,1601.94,40.0
66,163,1419.21,643.4,1596.43,39.0
66,164,1420.32,643.31,1598.15,38.0
66,165,1425.76,642.87,1599.03,37.0
66,166,1418.03,643.3,1595.73,36.0
66,167,1418.23,643.44,1599.56,35.0
66,168,1418.4,643.28,1598.71,34.0
66,169,1420.05,643.24,1601.51,33.0
66,170,1419.86,643.15,1599.32,32.0
66,171,1420.62,643.18,1596.93,31.0
66,172,1425.51,642.9,1596.66,30.0
66,173,1421.27,643.28,1593.14,29.0
66,174,1419.28,643.36,1598.8,28.0
66,175,1423.58,643.3,1600.35,27.0
66,176,1420.84,643.46,1597.68,26.0
66,177,1419.93,643.42,1604.56,25.0
66,178,1421.71,643.72,1595.63,24.0
66,179,1424.47,643.99,1599.32,23.0
66,180,1422.79,643.35,1596.28,22.0
66,181,1428.92,643.34,1591.98,21.0
66,182,1425.6,643.11,1601.35,20.0
66,183,1429.44,643.8,1602.49,19.0
66,184,1437.07,643.48,1597.75,18.0
66,185,1424.0,643.67,1597.24,17.0
66,186,1419.24,642.99,1600.63,16.0
66,187,1427.54,643.44,1596.66,15.0
66,188,1423.66,643.43,1601.28,14.0
66,189,1426.83,643.76,1605.79,13.0
66,190,1426.16,644.04,1596.5,12.0
66,191,1425.71,643.22,1600.93,11.0
66,192,1425.65,643.56,1603.09,10.0
66,193,1428.99,644.0,1593.62,9.0
66,194,1429.25,642.98,1597.2,8.0
66,195,1426.74,643.73,1598.27,7.0
66,196,1422.52,643.5,1603.22,6.0
66,197,1434.96,643.24,1602.18,5.0
66,198,1424.13,643.37,1604.07,4.0
66,199,1430.21,643.43,1605.43,3.0
66,200,1431.68,643.66,1595.1,2.0
66,201,1429.37,643.02,1599.4,1.0
66,202,1429.38,643.88,1607.66,0.0
67,1,1398.16,642.52,1583.12,312.0
67,2,1404.59,642.12,1591.12,311.0
67,3,1408.07,642.52,1591.87,310.0
67,4,1398.73,642.55,1589.54,309.0
67,5,1395.19,642.08,1591.25,308.0
67,6,1401.03,642.32,1594.72,307.0
67,7,1403.27,642.28,1579.75,306.0
67,8,1402.44,641.73,1584.85,305.0
67,9,1401.75,642.12,1580.02,304.0
67,10,1406.78,641.96,1581.35,303.0
67,11,1400.88,641.95,1590.54,302.0
67,12,1398.12,642.52,1589.2,301.0
67,13,1404.68,642.14,1587.24,300.0
67,14,1403.96,642.85,1591.59,299.0
67,15,1404.09,642.7,1588.66,298.0
67,16,1402.98,642.17,1587.7,297.0
67,17,1398.96,642.44,1589.76,296.0
67,18,1401.05,643.23,1582.39,295.0
67,19,1402.67,642.4,1583.06,294.0
67,20,1408.78,642.28,1586.77,293.0
67,21,1405.31,642.6,1585.35,292.0
67,22,1401.01,641.89,1592.69,291.0
67,23,1404.88,642.37,1590.12,290.0
67,24,1402.23,642.64,1573.58,289.0
67,25,1403.55,642.27,1586.41,288.0
67,26,1406.44,642.25,1594.71,287.0
67,27,1399.7,642.51,1592.83,286.0
67,28,1408.01,642.71,1595.54,285.0
67,29,1408.16,642.57,1580.96,284.0
67,30,1413.82,642.67,1578.2,283.0
67,31,1398.18,642.62,1589.85,282.0
67,32,1404.26,642.8,1588.21,281.0
67,33,1398.94,642.04,1586.72,280.0
67,34,1399.27,642.25,1585.43,279.0
67,35,1398.77,642.5,1590.25,278.0
67,36,1403.38,642.72,1592.5,277.0
67,37,1398.8,642.34,1582.27,276.0
67,38,1406.64,642.43,1587.25,275.0
67,39,1398.47,642.18,1584.33,274.0
67,40,1405.7,642.4,1577.7,273.0
67,41,1403.61,642.79,1588.31,272.0
67,42,1399.03,642.32,1586.77,271.0
67,43,1400.39,642.45,1589.83,270.0
67,44,1402.09,641.91,1590.29,269.0
67,45,1404.07,642.2,1586.25,268.0
67,46,1407.95,642.23,1596.15,267.0
67,47,1412.07,642.69,1585.13,266.0
67,48,1399.78,642.59,1589.61,265.0
67,49,1404.1,641.88,1590.62,264.0
67,50,1408.79,643.35,1590.34,263.0
67,51,1403.38,642.78,1588.87,262.0
67,52,1405.64,642.64,1590.69,261.0
67,53,1408.18,642.71,1581.02,260.0
67,54,1405.6,642.7,1590.35,259.0
67,55,1400.32,642.19,1589.47,258.0
67,56,1408.1,642.18,1589.49,257.0
67,57,1402.28,642.22,1586.82,256.0
67,58,1405.64,642.25,1585.95,255.0
67,59,1406.06,642.38,1593.05,254.0
67,60,1404.73,642.37,1595.2,253.0
67,61,1402.94,642.56,1578.74,252.0
67,62,1403.68,642.87,1587.4,251.0
67,63,1401.13,642.96,1582.58,250.0
67,64,1408.74,642.51,1590.84,249.0
67,65,1403.29,642.24,1593.31,248.0
67,66,1409.07,642.27,1586.0,247.0
67,67,1409.5,642.59,1594.94,246.0
67,68,1400.86,642.01,1590.53,245.0
67,69,1404.71,641.94,1587.23,244.0
67,70,1409.24,642.5,1589.26,243.0
67,71,1404.46,642.71,1590.43,242.0
67,72,1406.18,642.26,1591.56,241.0
67,73,1398.19,642.64,1589.12,240.0
67,74,1412.06,642.51,1587.06,239.0
67,75,1409.33,642.44,1580.16,238.0
67,76,1399.94,642.44,1590.81,237.0
67,77,1406.37,642.59,1585.42,236.0
67,78,1405.9,642.71,1591.74,235.0
67,79,1411.48,642.36,1591.8,234.0
67,80,1400.6,642.73,1587.92,233.0
67,81,1398.93,642.17,1587.67,232.0
67,82,1406.44,642.9,1589.33,231.0
67,83,1404.77,642.32,1587.02,230.0
67,84,1402.89,641.88,1587.5,229.0
67,85,1402.14,642.21,1584.79,228.0
67,86,1405.72,641.82,1590.72,227.0
67,87,1399.92,642.44,1590.49,226.0
67,88,1405.0,642.51,1583.23,225.0
67,89,1407.88,642.5,1585.45,224.0
67,90,1399.6,642.08,1586.08,223.0
67,91,1399.6,642.48,1590.35,222.0
67,92,1402.65,642.68,1589.75,221.0
67,93,1403.13,642.61,1592.7,220.0
67,94,1404.8,642.32,1585.58,219.0
67,95,1405.28,642.22,1593.53,218.0
67,96,1399.93,642.45,1582.95,217.0
67,97,1402.22,642.49,1591.88,216.0
67,98,1407.13,642.37,1590.02,215.0
67,99,1407.25,641.88,1590.83,214.0
67,100,1404.07,642.6,1586.95,213.0
67,101,1407.55,642.46,1588.21,212.0
67,102,1407.97,642.33,1597.12,211.0
67,103,1406.7,642.28,1585.44,210.0
67,104,1401.5,642.22,1588.19,209.0
67,105,1404.09,642.79,1590.31,208.0
67,106,1408.71,642.53,1586.53,207.0
67,107,1404.3,642.35,1584.43,206.0
67,108,1406.95,642.43,1591.59,205.0
67,109,1413.16,642.5,1594.07,204.0
67,110,1409.87,642.52,1591.88,203.0
67,111,1402.17,642.42,1587.84,202.0
67,112,1404.93,642.46,1589.02,201.0
67,113,1405.49,642.29,1593.2,200.0
67,114,1400.84,642.15,1588.52,199.0
67,115,1404.23,642.6,1587.88,198.0
67,116,1405.84,642.27,1588.76,197.0
67,117,1404.06,641.98,1584.4,196.0
67,118,1407.9,642.38,1584.5,195.0
67,119,1407.62,642.84,1586.58,194.0
67,120,1409.19,642.41,1596.29,193.0
67,121,1404.58,642.35,1587.34,192.0
67,122,1408.18,642.66,1590.35,191.0
67,123,1405.97,642.52,1595.76,190.0
67,124,1404.48,642.39,1592.79,189.0
67,125,1399.19,642.69,1581.66,188.0
67,126,1408.23,642.42,1591.71,187.0
67,127,1407.04,642.64,1594.39,186.0
67,128,1410.31,642.92,1591.38,185.0
67,129,1407.58,642.91,1587.72,184.0
67,130,1403.34,642.48,1588.23,183.0
67,131,1407.09,642.33,1588.98,182.0
67,132,1404.42,642.43,1587.43,181.0
67,133,1413.31,642.81,1594.65,180.0
67,134,1408.24,642.47,1581.1,179.0
67,135,1408.39,642.7,1584.68,178.0
67,136,1402.91,642.25,1593.26,177.0
67,137,1399.89,642.46,1589.05,176.0
67,138,1405.07,643.14,1592.0,175.0
67,139,1408.48,642.04,1581.35,174.0
67,140,1408.24,641.95,1593.87,173.0
67,141,1410.72,642.49,1582.17,172.0
67,142,1408.08,642.82,1584.54,171.0
67,143,1405.62,642.14,1585.24,170.0
67,144,1401.53,642.29,1589.32,169.0
67,145,1405.31,642.06,1592.04,168.0
67,146,1412.36,642.85,1588.36,167.0
67,147,1413.62,642.43,1590.37,166.0
67,148,1401.35,643.18,1591.79,165.0
67,149,1406.57,642.08,1592.67,164.0
67,150,1405.45,642.56,1590.28,163.0
67,151,1406.76,642.44,1592.17,162.0
67,152,1410.3,642.55,1589.31,161.0
67,153,1400.66,642.71,1592.22,160.0
67,154,1407.52,642.42,1593.58,159.0
67,155,1405.64,642.52,1586.69,158.0
67,156,1411.75,642.32,1593.99,157.0
67,157,1413.04,641.67,1591.35,156.0
67,158,1406.76,642.4,1587.51,155.0
67,159,1402.42,642.04,1594.64,154.0
67,160,1405.79,643.35,1591.65,153.0
67,161,1403.71,642.89,1591.64,152.0
67,162,1409.72,642.51,1586.02,151.0
67,163,1403.62,642.93,1587.79,150.0
67,164,1405.26,642.61,1582.16,149.0
67,165,1404.62,642.7,1589.34,148.0
67,166,1407.44,642.7,1587.93,147.0
67,167,1404.35,642.45,1587.46,146.0
67,168,1406.02,642.95,1593.59,145.0
67,169,1408.23,643.14,1590.64,144.0
67,170,1409.24,643.56,1591.02,143.0
67,171,1410.58,642.35,1583.32,142.0
67,172,1412.38,642.62,1591.53,141.0
67,173,1409.66,642.44,1596.9,140.0
67,174,1406.54,642.6,1592.09,139.0
67,175,1413.43,642.2,1578.18,138.0
67,176,1409.53,642.8,1585.62,137.0
67,177,1399.44,643.0,1581.72,136.0
67,178,1407.15,642.63,1591.4,135.0
67,179,1413.55,642.7,1586.69,134.0
67,180,1406.88,642.53,1586.6,133.0
67,181,1413.54,642.72,1591.88,132.0
67,182,1408.47,643.01,1588.62,131.0
67,183,1407.54,642.57,1594.01,130.0
67,184,1411.01,642.02,1595.51,129.0
67,185,1407.38,643.57,1586.31,128.0
67,186,1407.34,643.01,1589.4,127.0
67,187,1403.4,642.76,1598.03,126.0
67,188,1407.56,642.04,1588.36,125.0
67,189,1414.54,643.16,1587.31,124.0
67,190,1411.94,643.33,1591.95,123.0
67,191,1405.65,642.4,1586.17,122.0
67,192,1414.77,643.29,1593.13,121.0
67,193,1407.88,642.58,1591.98,120.0
67,194,1405.27,642.21,1596.73,119.0
67,195,1414.53,643.04,1596.59,118.0
67,196,1408.38,642.85,1588.94,117.0
67,197,1405.38,642.34,1594.12,116.0
67,198,1407.58,642.21,1588.65,115.0
67,199,1404.84,642.53,1595.04,114.0
67,200,1410.52,642.62,1585.67,113.0
67,201,1411.31,643.12,1587.94,112.0
67,202,1406.02,642.33,1588.16,111.0
67,203,1415.55,642.17,1589.11,110.0
67,204,1418.18,642.43,1591.16,109.0
67,205,1413.87,643.27,1590.74,108.0
67,206,1410.31,643.22,1594.23,107.0
67,207,1404.56,643.0,1595.18,106.0
67,208,1399.59,643.18,1594.83,105.0
67,209,1411.47,642.62,1589.85,104.0
67,210,1413.05,642.83,1589.64,103.0
67,211,1410.17,642.86,1595.27,102.0
67,212,1410.93,642.96,1590.64,101.0
67,213,1410.1,643.11,1592.69,100.0
67,214,1414.19,642.57,1591.26,99.0
67,215,1414.82,642.66,1590.22,98.0
67,216,1414.17,642.82,1591.98,97.0
67,217,1412.24,642.23,1587.66,96.0
67,218,1414.43,642.99,1591.35,95.0
67,219,1412.55,643.22,1595.32,94.0
67,220,1409.98,643.29,1595.18,93.0
67,221,1413.06,642.74,1592.67,92.0
67,222,1400.03,642.51,1593.59,91.0
67,223,1409.15,642.67,1591.9,90.0
67,224,1415.4,642.98,1589.29,89.0
67,225,1413.55,643.26,1590.35,88.0
67,226,1414.05,642.88,1592.24,87.0
67,227,1408.0,642.79,1597.73,86.0
67,228,1412.14,642.97,1589.54,85.0
67,229,1417.09,642.76,1599.5,84.0
67,230,1412.68,642.83,1595.06,83.0
67,231,1412.29,642.63,1584.94,82.0
67,232,1408.78,643.27,1585.42,81.0
67,233,1418.59,643.17,1589.98,80.0
67,234,1412.65,643.11,1598.88,79.0
67,235,1407.56,642.65,1593.43,78.0
67,236,1403.93,643.08,1588.06,77.0
67,237,1411.47,642.98,1595.76,76.0
67,238,1415.64,642.75,1599.76,75.0
67,239,1417.14,642.69,1587.28,74.0
67,240,1419.65,642.88,1595.57,73.0
67,241,1416.66,642.68,1593.74,72.0
67,242,1412.77,643.28,1597.21,71.0
67,243,1420.19,642.94,1598.45,70.0
67,244,1419.01,642.8,1592.05,69.0
67,245,1415.24,642.8,1598.22,68.0
67,246,1412.82,642.43,1589.53,67.0
67,247,1415.73,643.04,1595.3,66.0
67,248,1413.89,642.84,1582.84,65.0
67,249,1417.38,642.69,1595.37,64.0
67,250,1414.12,643.18,1595.97,63.0
67,251,1416.3,643.23,1590.03,62.0
67,252,1410.6,642.69,1599.56,61.0
67,253,1415.87,643.03,1598.26,60.0
67,254,1416.38,642.75,1587.43,59.0
67,255,1419.41,643.47,1596.55,58.0
67,256,1420.66,642.75,1602.05,57.0
67,257,1419.45,643.22,1592.25,56.0
67,258,1418.95,643.12,1592.89,55.0
67,259,1420.21,643.29,1600.46,54.0
67,260,1415.08,642.94,1599.55,53.0
67,261,1420.31,643.64,1597.1,52.0
67,262,1418.85,643.62,1599.98,51.0
67,263,1419.32,643.52,1599.01,50.0
67,264,1423.63,643.2,1595.02,49.0
67,265,1412.31,643.13,1596.61,48.0
67,266,1417.61,642.88,1591.87,47.0
67,267,1421.7,643.39,1596.98,46.0
67,268,1415.13,643.91,1599.06,45.0
67,269,1414.6,643.36,1592.94,44.0
67,270,1421.71,642.92,1596.2,43.0
67,271,1412.0,643.37,1595.6,42.0
67,272,1412.07,643.0,1601.78,41.0
67,273,1416.15,643.79,1592.16,40.0
67,274,1424.83,643.27,1600.42,39.0
67,275,1417.96,642.85,1603.39,38.0
67,276,1418.26,643.82,1600.4,37.0
67,277,1422.12,643.25,1595.78,36.0
67,278,1421.85,643.22,1601.43,35.0
67,279,1429.94,643.29,1600.74,34.0
67,280,1425.35,643.76,1598.26,33.0
67,281,1414.08,643.45,1594.16,32.0
67,282,1422.98,643.38,1599.31,31.0
67,283,1422.52,643.98,1595.7,30.0
67,284,1415.82,643.84,1594.78,29.0
67,285,1420.49,643.11,1596.19,28.0
67,286,1421.47,643.5,1597.98,27.0
67,287,1427.22,643.85,1598.86,26.0
67,288,1420.24,643.24,1596.43,25.0
67,289,1419.19,643.68,1596.19,24.0
67,290,1411.52,643.37,1598.6,23.0
67,291,1430.38,642.84,1594.42,22.0
67,292,1426.02,643.24,1607.08,21.0
67,293,1424.81,642.87,1600.54,20.0
67,294,1422.07,643.62,1600.45,19.0
67,295,1418.79,643.56,1601.74,18.0
67,296,1425.52,643.04,1610.32,17.0
67,297,1424.99,644.19,1600.7,16.0
67,298,1431.85,643.34,1604.82,15.0
67,299,1419.12,643.65,1600.05,14.0
67,300,1424.93,643.58,1602.18,13.0
67,301,1431.12,643.3,1609.85,12.0
67,302,1422.47,643.78,1593.7,11.0
67,303,1430.3,643.28,1602.62,10.0
67,304,1426.61,644.14,1598.36,9.0
67,305,1427.97,643.17,1602.43,8.0
67,306,1424.8,643.35,1595.82,7.0
67,307,1426.73,643.76,1600.55,6.0
67,308,1429.87,643.72,1603.45,5.0
67,309,1426.89,643.64,1596.88,4.0
67,310,1436.56,643.17,1606.73,3.0
67,311,1423.76,643.83,1603.88,2.0
67,312,1434.77,643.4,1599.47,1.0
67,313,1424.96,643.57,1599.78,0.0
68,1,1408.15,642.25,1589.89,198.0
68,2,1405.07,642.82,1586.51,197.0
68,3,1406.81,642.33,1584.78,196.0
68,4,1402.66,642.23,1589.99,195.0
68,5,1401.77,642.84,1589.79,194.0
68,6,1410.22,642.53,1591.51,193.0
68,7,1409.46,642.38,1583.83,192.0
68,8,1394.3,642.53,1586.51,191.0
68,9,1406.22,642.65,1588.43,190.0
68,10,1408.46,642.3,1587.63,189.0
68,11,1412.51,642.89,1588.11,188.0
68,12,1405.1,642.23,1590.82,187.0
68,13,1405.64,642.69,1589.59,186.0
68,14,1406.61,642.85,1579.07,185.0
68,15,1400.94,642.41,1592.39,184.0
68,16,1406.85,642.5,1587.92,183.0
68,17,1407.9,642.37,1589.08,182.0
68,18,1402.62,642.78,1584.94,181.0
68,19,1407.79,642.17,1585.56,180.0
68,20,1412.39,642.84,1588.89,179.0
68,21,1405.17,642.6,1595.95,178.0
68,22,1401.22,642.89,1580.48,177.0
68,23,1405.38,642.25,1593.69,176.0
68,24,1406.39,642.55,1592.87,175.0
68,25,1410.77,642.54,1590.99,174.0
68,26,1408.65,642.29,1590.88,173.0
68,27,1406.73,642.32,1582.9,172.0
68,28,1412.37,642.37,1588.42,171.0
68,29,1409.13,643.04,1590.67,170.0
68,30,1406.73,642.57,1590.42,169.0
68,31,1409.66,642.05,1591.26,168.0
68,32,1401.7,642.32,1585.66,167.0
68,33,1402.85,642.94,1584.94,166.0
68,34,1404.31,643.03,1593.34,165.0
68,35,1403.0,642.45,1586.72,164.0
68,36,1407.48,642.54,1594.74,163.0
68,37,1405.49,642.4,1584.05,162.0
68,38,1400.73,642.74,1589.65,161.0
68,39,1400.3,642.85,1588.98,160.0
68,40,1406.52,642.1,1586.49,159.0
68,41,1407.75,642.31,1591.24,158.0
68,42,1406.55,642.44,1584.92,157.0
68,43,1404.49,642.84,1585.15,156.0
68,44,1408.4,642.52,1591.09,155.0
68,45,1400.04,642.63,1585.58,154.0
68,46,1412.31,643.07,1584.74,153.0
68,47,1406.08,643.15,1589.16,152.0
68,48,1402.58,642.33,1597.59,151.0
68,49,1405.3,642.42,1593.51,150.0
68,50,1406.86,642.53,1588.84,149.0
68,51,1407.15,642.58,1584.53,148.0
68,52,1408.49,642.91,1587.72,147.0
68,53,1406.62,642.76,1588.45,146.0
68,54,1404.77,642.79,1586.56,145.0
68,55,1403.99,642.26,1590.46,144.0
68,56,1406.05,642.09,1590.98,143.0
68,57,1408.17,642.22,1593.71,142.0
68,58,1402.82,642.27,1589.32,141.0
68,59,1409.66,642.83,1586.97,140.0
68,60,1409.24,642.61,1585.23,139.0
68,61,1402.86,642.56,1593.06,138.0
68,62,1412.04,642.61,1592.93,137.0
68,63,1420.38,642.83,1584.61,136.0
68,64,1407.7,642.36,1593.08,135.0
68,65,1406.89,643.03,1592.83,134.0
68,66,1407.0,642.41,1589.48,133.0
68,67,1400.02,642.97,1590.29,132.0
68,68,1415.01,642.27,1590.24,131.0
68,69,1403.83,643.08,1586.99,130.0
68,70,1407.66,642.46,1586.8,129.0
68,71,1403.79,643.29,1592.88,128.0
68,72,1408.71,642.51,1593.37,127.0
68,73,1409.44,642.22,1588.26,126.0
68,74,1416.0,642.96,1589.26,125.0
68,75,1413.19,642.46,1591.72,124.0
68,76,1405.58,642.38,1587.56,123.0
68,77,1406.05,642.94,1592.07,122.0
68,78,1404.32,642.67,1596.91,121.0
68,79,1406.53,642.13,1586.41,120.0
68,80,1400.18,642.47,1583.95,119.0
68,81,1405.45,642.84,1587.13,118.0
68,82,1406.47,642.38,1587.56,117.0
68,83,1402.52,642.79,1594.49,116.0
68,84,1412.12,643.02,1589.81,115.0
68,85,1407.14,642.68,1590.88,114.0
68,86,1409.63,642.8,1584.19,113.0
68,87,1405.4,642.42,1589.45,112.0
68,88,1406.99,642.55,1587.09,111.0
68,89,1414.58,643.13,1592.9,110.0
68,90,1407.99,642.95,1590.46,109.0
68,91,1407.49,642.64,1589.39,108.0
68,92,1411.61,643.02,1589.08,107.0
68,93,1401.32,642.37,1585.57,106.0
68,94,1406.08,642.06,1588.41,105.0
68,95,1413.12,641.76,1594.86,104.0
68,96,1410.32,642.84,1588.55,103.0
68,97,1409.85,642.71,1590.86,102.0
68,98,1411.17,642.76,1587.42,101.0
68,99,1399.85,642.13,1586.34,100.0
68,100,1411.82,642.42,1586.08,99.0
68,101,1409.43,642.52,1586.5,98.0
68,102,1406.98,642.23,1586.12,97.0
68,103,1402.8,642.72,1593.54,96.0
68,104,1411.92,642.74,1593.31,95.0
68,105,1413.14,642.82,1589.38,94.0
68,106,1409.05,642.81,1588.65,93.0
68,107,1407.06,642.62,1593.35,92.0
68,108,1411.48,642.67,1588.96,91.0
68,109,1410.9,642.72,1585.16,90.0
68,110,1415.97,642.45,1592.66,89.0
68,111,1415.61,642.69,1594.49,88.0
68,112,1407.88,642.92,1589.1,87.0
68,113,1409.87,642.51,1583.97,86.0
68,114,1410.77,642.7,1588.71,85.0
68,115,1411.2,642.42,1583.89,84.0
68,116,1408.78,642.46,1589.72,83.0
68,117,1410.18,642.81,1585.78,82.0
68,118,1407.26,642.92,1586.93,81.0
68,119,1402.63,643.42,1586.39,80.0
68,120,1414.08,642.1,1584.66,79.0
68,121,1407.18,642.38,1596.44,78.0
68,122,1411.54,642.79,1587.47,77.0
68,123,1413.96,642.64,1584.43,76.0
68,124,1414.61,643.13,1590.06,75.0
68,125,1409.76,642.74,1590.03,74.0
68,126,1416.0,642.82,1594.96,73.0
68,127,1418.29,642.97,1586.22,72.0
68,128,1414.89,642.53,1586.84,71.0
68,129,1416.49,642.48,1588.75,70.0
68,130,1405.26,642.83,1592.31,69.0
68,131,1408.54,643.25,1588.15,68.0
68,132,1412.38,643.03,1590.87,67.0
68,133,1408.67,643.06,1596.81,66.0
68,134,1412.43,642.64,1586.29,65.0
68,135,1410.76,643.14,1593.72,64.0
68,136,1413.89,643.2,1594.74,63.0
68,137,1413.64,642.92,1598.82,62.0
68,138,1418.13,642.68,1592.53,61.0
68,139,1415.41,643.26,1587.58,60.0
68,140,1412.44,643.05,1587.74,59.0
68,141,1410.54,642.79,1588.35,58.0
68,142,1410.23,642.99,1587.2,57.0
68,143,1415.83,642.97,1597.63,56.0
68,144,1414.06,642.48,1594.57,55.0
68,145,1416.73,642.77,1593.85,54.0
68,146,1408.19,642.95,1591.57,53.0
68,147,1406.41,642.51,1587.22,52.0
68,148,1412.54,642.54,1599.19,51.0
68,149,1413.57,642.6,1590.77,50.0
68,150,1405.79,642.54,1598.49,49.0
68,151,1416.46,643.01,1596.73,48.0
68,152,1414.95,643.56,1596.76,47.0
68,153,1414.54,643.2,1592.85,46.0
68,154,1412.99,642.99,1603.21,45.0
68,155,1419.45,643.15,1597.08,44.0
68,156,1418.19,643.51,1597.49,43.0
68,157,1417.33,642.84,1596.18,42.0
68,158,1423.15,643.31,1598.51,41.0
68,159,1408.98,643.21,1596.99,40.0
68,160,1417.61,643.46,1597.81,39.0
68,161,1425.22,642.77,1598.47,38.0
68,162,1415.49,642.95,1597.99,37.0
68,163,1412.91,642.71,1591.85,36.0
68,164,1421.24,643.21,1593.4,35.0
68,165,1414.63,643.03,1593.99,34.0
68,166,1414.2,643.5,1587.86,33.0
68,167,1418.0,643.57,1598.94,32.0
68,168,1426.45,642.86,1598.35,31.0
68,169,1417.88,643.79,1601.08,30.0
68,170,1417.87,643.01,1595.7,29.0
68,171,1417.09,642.88,1594.03,28.0
68,172,1416.84,642.86,1596.64,27.0
68,173,1418.89,643.3,1593.78,26.0
68,174,1420.91,643.1,1600.09,25.0
68,175,1419.41,643.23,1599.6,24.0
68,176,1423.26,643.12,1596.07,23.0
68,177,1424.59,643.03,1597.77,22.0
68,178,1419.61,643.11,1596.99,21.0
68,179,1427.75,643.1,1596.49,20.0
68,180,1416.16,643.07,1602.36,19.0
68,181,1421.84,643.29,1592.47,18.0
68,182,1412.31,643.23,1599.62,17.0
68,183,1423.96,643.86,1596.02,16.0
68,184,1427.77,643.62,1596.68,15.0
68,185,1423.39,643.34,1597.92,14.0
68,186,1421.26,643.72,1602.32,13.0
68,187,1420.22,643.94,1608.22,12.0
68,188,1433.65,643.73,1603.63,11.0
68,189,1421.73,643.85,1607.81,10.0
68,190,1429.45,643.79,1596.92,9.0
68,191,1421.81,643.57,1606.71,8.0
68,192,1432.07,643.36,1597.02,7.0
68,193,1421.07,643.35,1599.87,6.0
68,194,1430.98,643.4,1604.79,5.0
68,195,1423.14,643.49,1602.36,4.0
68,196,1428.54,643.74,1604.93,3.0
68,197,1427.03,643.83,1593.46,2.0
68,198,1428.79,643.88,1614.72,1.0
68,199,1430.17,643.88,1609.59,0.0
69,1,1400.65,641.96,1587.1,361.0
69,2,1401.54,641.5,1594.24,360.0
69,3,1405.22,642.73,1585.41,359.0
69,4,1408.44,642.0,1586.57,358.0
69,5,1403.07,642.37,1582.6,357.0
69,6,1399.12,642.66,1586.89,356.0
69,7,1399.02,641.86,1581.58,355.0
69,8,1402.42,642.24,1581.77,354.0
69,9,1399.12,642.53,1582.27,353.0
69,10,1405.68,642.2,1586.82,352.0
69,11,1406.42,642.5,1594.77,351.0
69,12,1399.64,642.22,1588.72,350.0
69,13,1398.65,642.34,1589.66,349.0
69,14,1402.76,642.17,1591.26,348.0
69,15,1404.58,642.06,1585.51,347.0
69,16,1406.63,642.51,1583.93,346.0
69,17,1402.52,642.09,1586.48,345.0
69,18,1398.91,642.63,1593.01,344.0
69,19,1402.07,642.48,1583.71,343.0
69,20,1401.35,642.95,1580.85,342.0
69,21,1400.83,642.61,1582.64,341.0
69,22,1408.57,642.47,1583.51,340.0
69,23,1398.51,641.96,1587.87,339.0
69,24,1404.97,642.03,1594.35,338.0
69,25,1402.96,642.98,1582.81,337.0
69,26,1401.56,643.05,1582.02,336.0
69,27,1397.94,642.46,1589.72,335.0
69,28,1397.51,642.39,1583.78,334.0
69,29,1403.56,642.02,1591.48,333.0
69,30,1401.98,642.11,1596.64,332.0
69,31,1403.47,641.76,1585.94,331.0
69,32,1396.26,642.54,1583.83,330.0
69,33,1396.31,642.39,1586.62,329.0
69,34,1402.87,642.26,1587.22,328.0
69,35,1406.54,642.5,1588.12,327.0
69,36,1400.27,642.96,1584.06,326.0
69,37,1403.9,642.27,1586.96,325.0
69,38,1393.38,642.14,1585.48,324.0
69,39,1403.49,642.94,1594.9,323.0
69,40,1395.23,642.37,1579.66,322.0
69,41,1403.22,642.81,1583.15,321.0
69,42,1393.94,642.56,1588.95,320.0
69,43,1406.74,642.48,1590.83,319.0
69,44,1402.63,642.08,1590.48,318.0
69,45,1408.84,642.33,1589.66,317.0
69,46,1400.68,642.07,1590.88,316.0
69,47,1400.96,642.42,1583.93,315.0
69,48,1394.68,642.22,1583.95,314.0
69,49,1401.05,642.22,1586.24,313.0
69,50,1409.53,642.7,1589.78,312.0
69,51,1413.52,642.01,1590.52,311.0
69,52,1400.49,641.95,1582.78,310.0
69,53,1402.65,642.44,1590.73,309.0
69,54,1399.91,642.22,1592.65,308.0
69,55,1403.57,642.31,1589.02,307.0
69,56,1404.68,642.2,1581.45,306.0
69,57,1405.01,642.68,1593.8,305.0
69,58,1400.35,642.25,1591.74,304.0
69,59,1399.67,642.43,1591.48,303.0
69,60,1404.78,642.67,1591.24,302.0
69,61,1401.64,642.6,1589.87,301.0
69,62,1402.55,641.99,1587.1,300.0
69,63,1407.13,642.42,1588.23,299.0
69,64,1403.32,641.78,1583.57,298.0
69,65,1404.72,642.41,1585.43,297.0
69,66,1402.42,643.04,1585.75,296.0
69,67,1405.42,642.61,1589.15,295.0
69,68,1403.38,642.52,1588.22,294.0
69,69,1402.21,642.49,1588.58,293.0
69,70,1398.62,642.1,1587.68,292.0
69,71,1394.47,642.32,1590.15,291.0
69,72,1397.55,642.49,1592.29,290.0
69,73,1397.19,642.78,1588.97,289.0
69,74,1396.86,641.82,1585.45,288.0
69,75,1393.68,641.93,1584.1,287.0
69,76,1403.48,642.15,1588.26,286.0
69,77,1397.67,642.26,1581.31,285.0
69,78,1402.1,642.65,1581.02,284.0
69,79,1400.89,642.33,1590.07,283.0
69,80,1402.95,641.95,1588.83,282.0
69,81,1410.19,642.7,1589.94,281.0
69,82,1400.87,642.46,1582.8,280.0
69,83,1402.62,642.18,1590.51,279.0
69,84,1411.14,642.48,1587.83,278.0
69,85,1403.4,642.81,1588.16,277.0
69,86,1397.46,642.23,1588.23,276.0
69,87,1405.94,642.3,1595.34,275.0
69,88,1397.49,642.75,1586.48,274.0
69,89,1400.68,642.5,1590.07,273.0
69,90,1400.74,642.29,1589.44,272.0
69,91,1402.11,642.95,1588.38,271.0
69,92,1402.98,642.49,1583.11,270.0
69,93,1404.13,642.42,1590.25,269.0
69,94,1407.16,642.23,1587.91,268.0
69,95,1410.86,642.7,1586.28,267.0
69,96,1397.91,642.35,1583.22,266.0
69,97,1406.05,642.27,1587.87,265.0
69,98,1405.4,642.71,1582.37,264.0
69,99,1402.46,642.65,1585.79,263.0
69,100,1401.43,642.14,1585.79,262.0
69,101,1402.74,642.26,1589.04,261.0
69,102,1408.9,642.4,1580.86,260.0
69,103,1402.73,642.82,1590.71,259.0
69,104,1406.33,641.95,1583.69,258.0
69,105,1401.41,642.46,1583.49,257.0
69,106,1405.4,642.6,1592.78,256.0
69,107,1403.28,642.06,1581.32,255.0
69,108,1403.11,642.55,1590.72,254.0
69,109,1402.85,642.51,1589.1,253.0
69,110,1397.65,642.21,1589.67,252.0
69,111,1401.35,641.98,1594.26,251.0
69,112,1407.67,642.49,1595.04,250.0
69,113,1413.22,642.88,1588.63,249.0
69,114,1406.57,642.29,1587.98,248.0
69,115,1403.66,642.62,1592.14,247.0
69,116,1401.12,642.19,1593.04,246.0
69,117,1403.44,642.3,1580.92,245.0
69,118,1406.53,642.19,1586.7,244.0
69,119,1405.6,642.48,1585.14,243.0
69,120,1403.27,642.36,1589.23,242.0
69,121,1405.8,642.49,1586.86,241.0
69,122,1395.0,642.4,1583.9,240.0
69,123,1398.15,642.28,1591.99,239.0
69,124,1403.35,642.44,1585.54,238.0
69,125,1411.5,642.67,1595.6,237.0
69,126,1406.71,642.12,1592.38,236.0
69,127,1405.94,641.65,1587.74,235.0
69,128,1399.95,642.34,1581.24,234.0
69,129,1401.7,642.33,1586.03,233.0
69,130,1406.42,642.27,1584.29,232.0
69,131,1406.68,642.59,1587.82,231.0
69,132,1401.39,642.37,1588.31,230.0
69,133,1398.01,642.78,1586.41,229.0
69,134,1406.13,642.44,1582.76,228.0
69,135,1402.66,642.06,1588.63,227.0
69,136,1403.63,642.47,1588.81,226.0
69,137,1408.87,642.4,1586.21,225.0
69,138,1402.28,642.29,1584.91,224.0
69,139,1406.82,642.46,1591.06,223.0
69,140,1412.94,642.7,1593.43,222.0
69,141,1400.34,642.88,1583.31,221.0
69,142,1403.67,642.42,1586.04,220.0
69,143,1404.07,642.03,1594.37,219.0
69,144,1413.04,642.52,1593.06,218.0
69,145,1401.76,642.65,1588.35,217.0
69,146,1400.61,642.87,1591.29,216.0
69,147,1404.29,641.85,1598.39,215.0
69,148,1408.86,642.12,1592.47,214.0
69,149,1412.5,642.44,1585.98,213.0
69,150,1411.43,641.77,1592.75,212.0
69,151,1406.85,642.57,1585.42,211.0
69,152,1407.53,642.21,1586.79,210.0
69,153,1402.22,643.05,1596.96,209.0
69,154,1396.77,642.58,1587.36,208.0
69,155,1403.29,642.46,1594.33,207.0
69,156,1409.77,642.81,1586.49,206.0
69,157,1399.0,642.48,1585.83,205.0
69,158,1398.21,642.56,1595.06,204.0
69,159,1403.68,642.78,1588.47,203.0
69,160,1396.04,642.24,1590.67,202.0
69,161,1409.82,642.42,1595.85,201.0
69,162,1402.38,642.05,1583.95,200.0
69,163,1409.73,642.96,1587.57,199.0
69,164,1405.05,642.67,1591.85,198.0
69,165,1401.25,642.36,1591.17,197.0
69,166,1399.13,642.58,1590.96,196.0
69,167,1413.0,642.28,1581.27,195.0
69,168,1401.03,642.32,1584.92,194.0
69,169,1400.9,642.41,1585.61,193.0
69,170,1405.88,642.29,1582.07,192.0
69,171,1407.45,642.76,1591.34,191.0
69,172,1408.81,643.29,1586.69,190.0
69,173,1413.89,641.98,1580.64,189.0
69,174,1404.95,642.81,1591.47,188.0
69,175,1400.93,642.48,1594.34,187.0
69,176,1410.49,642.72,1586.34,186.0
69,177,1404.51,642.93,1590.22,185.0
69,178,1410.05,642.36,1586.24,184.0
69,179,1406.63,642.79,1586.02,183.0
69,180,1405.21,642.73,1587.25,182.0
69,181,1404.86,642.73,1589.07,181.0
69,182,1407.05,642.4,1589.78,180.0
69,183,1411.02,642.58,1589.58,179.0
69,184,1404.79,642.72,1584.7,178.0
69,185,1404.39,642.33,1580.72,177.0
69,186,1404.29,642.35,1588.05,176.0
69,187,1408.24,642.55,1594.73,175.0
69,188,1408.25,642.99,1592.52,174.0
69,189,1412.01,643.06,1586.8,173.0
69,190,1408.3,642.41,1589.14,172.0
69,191,1399.54,643.01,1590.69,171.0
69,192,1417.58,642.54,1590.74,170.0
69,193,1404.16,642.37,1584.5,169.0
69,194,1405.74,642.48,1589.97,168.0
69,195,1411.09,642.53,1581.85,167.0
69,196,1410.31,642.52,1583.0,166.0
69,197,1405.28,643.04,1590.52,165.0
69,198,1406.08,643.42,1589.05,164.0
69,199,1410.85,642.32,1590.5,163.0
69,200,1411.26,642.36,1594.24,162.0
69,201,1411.1,642.11,1585.17,161.0
69,202,1405.16,642.4,1589.09,160.0
69,203,1405.86,642.64,1590.68,159.0
69,204,1404.61,642.45,1590.63,158.0
69,205,1398.64,642.66,1591.27,157.0
69,206,1406.51,642.11,1592.25,156.0
69,207,1414.13,642.93,1586.6,155.0
69,208,1401.92,642.22,1595.37,154.0
69,209,1405.09,642.79,1585.13,153.0
69,210,1412.28,641.96,1592.77,152.0
69,211,1411.83,642.34,1586.1,151.0
69,212,1407.28,642.56,1591.05,150.0
69,213,1413.59,642.62,1592.97,149.0
69,214,1410.32,642.71,1596.93,148.0
69,215,1406.78,643.41,1592.08,147.0
69,216,1412.69,643.03,1586.26,146.0
69,217,1402.82,642.95,1587.59,145.0
69,218,1404.21,642.65,1595.54,144.0
69,219,1403.66,642.43,1590.21,143.0
69,220,1405.96,642.68,1593.69,142.0
69,221,1413.78,642.5,1598.19,141.0
69,222,1399.52,642.42,1586.47,140.0
69,223,1402.8,643.53,1588.05,139.0
69,224,1398.4,642.71,1590.1,138.0
69,225,1409.54,642.75,1589.34,137.0
69,226,1403.88,642.81,1589.05,136.0
69,227,1408.38,642.27,1585.04,135.0
69,228,1411.47,642.22,1586.72,134.0
69,229,1414.32,642.48,1592.42,133.0
69,230,1404.0,642.56,1591.18,132.0
69,231,1416.59,642.87,1594.94,131.0
69,232,1403.38,642.92,1589.88,130.0
69,233,1414.12,642.58,1588.64,129.0
69,234,1417.7,641.98,1589.61,128.0
69,235,1411.79,642.79,1595.12,127.0
69,236,1410.52,643.06,1590.61,126.0
69,237,1415.45,642.35,1585.43,125.0
69,238,1407.89,642.23,1589.67,124.0
69,239,1406.81,643.18,1581.22,123.0
69,240,1414.69,642.98,1592.27,122.0
69,241,1408.21,643.02,1594.17,121.0
69,242,1411.08,642.74,1589.7,120.0
69,243,1408.73,642.31,1588.43,119.0
69,244,1411.38,643.11,1587.59,118.0
69,245,1408.43,642.34,1584.83,117.0
69,246,1412.71,643.14,1592.93,116.0
69,247,1409.07,642.61,1592.12,115.0
69,248,1416.02,642.73,1591.72,114.0
69,249,1412.61,642.47,1596.07,113.0
69,250,1410.27,642.52,1589.89,112.0
69,251,1410.23,642.33,1592.05,111.0
69,252,1406.82,643.18,1594.4,110.0
69,253,1410.92,643.12,1592.17,109.0
69,254,1416.17,642.95,1591.72,108.0
69,255,1420.35,642.37,1587.85,107.0
69,256,1414.76,642.7,1589.31,106.0
69,257,1412.35,643.26,1589.79,105.0
69,258,1419.15,642.72,1589.38,104.0
69,259,1418.05,642.33,1590.4,103.0
69,260,1413.35,642.32,1588.34,102.0
69,261,1409.19,642.55,1587.98,101.0
69,262,1416.58,642.48,1589.2,100.0
69,263,1405.98,642.7,1590.85,99.0
69,264,1414.06,642.98,1591.98,98.0
69,265,1414.15,642.93,1590.06,97.0
69,266,1409.95,643.25,1591.95,96.0
69,267,1415.54,642.95,1594.27,95.0
69,268,1404.21,643.11,1591.97,94.0
69,269,1410.36,642.85,1589.58,93.0
69,270,1413.2,642.74,1596.66,92.0
69,271,1409.69,642.75,1599.68,91.0
69,272,1420.53,643.02,1592.28,90.0
69,273,1412.36,642.67,1595.9,89.0
69,274,1411.3,642.52,1600.44,88.0
69,275,1408.05,643.52,1587.82,87.0
69,276,1413.63,642.5,1594.59,86.0
69,277,1418.37,643.17,1598.01,85.0
69,278,1412.32,642.47,1587.57,84.0
69,279,1423.04,643.18,1594.44,83.0
69,280,1414.99,642.86,1596.39,82.0
69,281,1410.25,642.79,1590.53,81.0
69,282,1413.74,643.01,1589.02,80.0
69,283,1419.46,642.79,1588.62,79.0
69,284,1422.47,643.24,1591.6,78.0
69,285,1419.53,642.97,1596.03,77.0
69,286,1417.14,642.95,1599.22,76.0
69,287,1415.16,642.87,1598.24,75.0
69,288,1415.36,643.29,1594.47,74.0
69,289,1416.28,642.48,1591.49,73.0
69,290,1414.42,643.08,1591.32,72.0
69,291,1410.72,643.35,1587.86,71.0
69,292,1414.13,642.88,1591.47,70.0
69,293,1419.82,643.2,1596.1,69.0
69,294,1421.63,642.83,1590.05,68.0
69,295,1418.43,642.99,1594.49,67.0
69,296,1416.09,642.58,1595.72,66.0
69,297,1411.91,643.2,1599.98,65.0
69,298,1411.95,643.0,1594.5,64.0
69,299,1411.96,642.7,1597.84,63.0
69,300,1423.67,643.19,1590.34,62.0
69,301,1413.19,642.89,1592.73,61.0
69,302,1415.1,642.92,1602.26,60.0
69,303,1415.44,643.41,1598.23,59.0
69,304,1420.09,642.98,1594.42,58.0
69,305,1413.84,642.72,1594.9,57.0
69,306,1422.08,642.81,1595.53,56.0
69,307,1412.92,642.4,1593.46,55.0
69,308,1424.03,643.09,1596.09,54.0
69,309,1424.59,643.23,1593.02,53.0
69,310,1413.82,643.2,1588.64,52.0
69,311,1417.41,643.08,1602.82,51.0
69,312,1418.39,643.8,1597.02,50.0
69,313,1415.37,643.07,1602.16,49.0
69,314,1413.3,643.05,1595.21,48.0
69,315,1424.92,643.4,1589.26,47.0
69,316,1427.92,643.12,1590.91,46.0
69,317,1414.16,642.69,1597.26,45.0
69,318,1423.28,643.25,1595.83,44.0
69,319,1421.58,642.96,1589.9,43.0
69,320,1424.72,642.88,1590.42,42.0
69,321,1417.1,643.15,1596.85,41.0
69,322,1418.6,642.8,1594.64,40.0
69,323,1424.02,643.62,1594.96,39.0
69,324,1418.32,643.53,1601.73,38.0
69,325,1417.65,643.22,1590.55,37.0
69,326,1421.79,643.35,1593.28,36.0
69,327,1424.25,643.01,1600.45,35.0
69,328,1425.58,643.38,1597.37,34.0
69,329,1426.96,643.1,1598.81,33.0
69,330,1428.11,643.34,1599.07,32.0
69,331,1431.51,643.28,1591.95,31.0
69,332,1425.43,643.25,1602.31,30.0
69,333,1423.86,642.84,1592.72,29.0
69,334,1423.27,644.16,1602.95,28.0
69,335,1421.65,643.17,1592.32,27.0
69,336,1427.29,644.19,1604.62,26.0
69,337,1422.25,643.85,1597.91,25.0
69,338,1423.03,643.59,1599.31,24.0
69,339,1419.72,643.77,1589.96,23.0
69,340,1422.42,643.45,1589.69,22.0
69,341,1416.4,643.11,1599.62,21.0
69,342,1423.81,642.68,1597.54,20.0
69,343,1424.69,644.11,1604.22,19.0
69,344,1422.5,643.52,1596.48,18.0
69,345,1426.21,643.97,1607.97,17.0
69,346,1427.02,643.91,1598.91,16.0
69,347,1431.4,643.71,1602.48,15.0
69,348,1427.13,643.45,1599.49,14.0
69,349,1428.26,643.34,1594.56,13.0
69,350,1422.02,643.64,1601.57,12.0
69,351,1433.34,643.18,1595.07,11.0
69,352,1422.75,643.59,1593.9,10.0
69,353,1425.36,643.73,1598.88,9.0
69,354,1430.15,643.66,1606.28,8.0
69,355,1425.27,643.34,1593.05,7.0
69,356,1428.43,643.19,1605.11,6.0
69,357,1428.18,643.86,1601.8,5.0
69,358,1428.26,643.74,1609.53,4.0
69,359,1429.82,643.46,1603.83,3.0
69,360,1428.85,643.97,1597.75,2.0
69,361,1433.95,643.65,1603.5,1.0
69,362,1428.28,643.75,1598.16,0.0
70,1,1400.02,642.26,1588.45,136.0
70,2,1407.22,642.59,1590.0,135.0
70,3,1408.64,642.82,1586.05,134.0
70,4,1398.32,642.24,1591.24,133.0
70,5,1399.39,642.32,1580.76,132.0
70,6,1402.19,642.43,1582.35,131.0
70,7,1394.98,642.54,1583.29,130.0
70,8,1400.12,642.39,1590.11,129.0
70,9,1402.84,642.85,1577.69,128.0
70,10,1402.78,642.14,1587.3,127.0
70,11,1403.65,642.39,1590.12,126.0
70,12,1406.19,642.6,1591.68,125.0
70,13,1398.07,642.49,1584.61,124.0
70,14,1406.18,642.68,1577.93,123.0
70,15,1409.02,642.01,1593.14,122.0
70,16,1410.03,642.04,1585.98,121.0
70,17,1397.88,642.74,1593.04,120.0
70,18,1402.1,642.34,1597.82,119.0
70,19,1405.77,642.44,1588.83,118.0
70,20,1399.98,642.2,1588.67,117.0
70,21,1399.8,642.45,1585.11,116.0
70,22,1401.68,642.95,1591.54,115.0
70,23,1402.88,642.27,1583.38,114.0
70,24,1403.75,642.6,1590.89,113.0
70,25,1406.1,642.88,1585.1,112.0
70,26,1400.67,642.01,1584.22,111.0
70,27,1402.31,642.6,1585.96,110.0
70,28,1414.5,642.63,1595.78,109.0
70,29,1398.05,642.3,1585.03,108.0
70,30,1404.65,642.24,1587.35,107.0
70,31,1402.64,642.09,1588.25,106.0
70,32,1407.46,642.08,1593.15,105.0
70,33,1403.41,642.72,1593.15,104.0
70,34,1405.29,642.33,1588.77,103.0
70,35,1406.66,642.18,1593.21,102.0
70,36,1401.61,642.7,1586.56,101.0
70,37,1402.85,642.16,1585.26,100.0
70,38,1406.5,643.02,1582.33,99.0
70,39,1411.81,642.17,1592.36,98.0
70,40,1403.26,642.44,1585.76,97.0
70,41,1403.48,642.72,1592.16,96.0
70,42,1404.24,642.12,1581.07,95.0
70,43,1400.31,642.88,1583.12,94.0
70,44,1406.33,642.49,1587.92,93.0
70,45,1411.33,642.38,1595.01,92.0
70,46,1399.87,642.89,1581.0,91.0
70,47,1409.08,642.38,1587.43,90.0
70,48,1405.39,642.89,1589.04,89.0
70,49,1400.93,642.68,1581.38,88.0
70,50,1399.28,642.66,1591.05,87.0
70,51,1412.5,642.95,1593.28,86.0
70,52,1403.69,642.73,1588.49,85.0
70,53,1399.19,642.18,1593.61,84.0
70,54,1414.05,642.45,1592.93,83.0
70,55,1399.43,642.71,1593.25,82.0
70,56,1404.89,642.76,1591.8,81.0
70,57,1402.92,642.66,1593.98,80.0
70,58,1404.67,642.93,1588.08,79.0
70,59,1402.69,642.79,1587.81,78.0
70,60,1413.36,641.99,1588.09,77.0
70,61,1405.99,642.67,1591.12,76.0
70,62,1415.45,642.52,1592.28,75.0
70,63,1404.79,642.07,1596.38,74.0
70,64,1414.66,642.35,1588.1,73.0
70,65,1404.08,642.31,1581.73,72.0
70,66,1418.84,642.45,1590.07,71.0
70,67,1407.97,643.05,1589.46,70.0
70,68,1409.91,642.51,1589.06,69.0
70,69,1408.24,642.64,1593.68,68.0
70,70,1411.22,642.35,1588.16,67.0
70,71,1407.59,642.4,1586.97,66.0
70,72,1416.18,642.58,1590.18,65.0
70,73,1406.83,642.95,1590.0,64.0
70,74,1415.3,642.73,1587.9,63.0
70,75,1411.15,642.4,1587.1,62.0
70,76,1405.55,642.72,1588.83,61.0
70,77,1411.58,642.6,1595.6,60.0
70,78,1411.55,642.52,1592.75,59.0
70,79,1402.89,642.64,1592.64,58.0
70,80,1407.59,642.16,1581.81,57.0
70,81,1408.4,642.96,1591.52,56.0
70,82,1409.09,642.62,1593.59,55.0
70,83,1404.39,642.47,1591.42,54.0
70,84,1418.72,642.34,1591.66,53.0
70,85,1409.61,642.58,1596.02,52.0
70,86,1406.46,642.9,1591.51,51.0
70,87,1408.78,643.03,1583.76,50.0
70,88,1408.28,642.99,1585.57,49.0
70,89,1412.42,643.08,1589.03,48.0
70,90,1409.68,643.03,1589.87,47.0
70,91,1411.31,642.69,1594.61,46.0
70,92,1409.96,643.32,1600.55,45.0
70,93,1410.92,642.53,1585.37,44.0
70,94,1419.28,643.27,1588.34,43.0
70,95,1412.93,642.81,1598.27,42.0
70,96,1409.99,643.29,1590.12,41.0
70,97,1409.39,642.77,1594.01,40.0
70,98,1412.86,643.1,1595.38,39.0
70,99,1415.98,643.22,1594.31,38.0
70,100,1412.82,642.73,1591.19,37.0
70,101,1409.32,642.8,1592.44,36.0
70,102,1415.13,642.75,1591.72,35.0
70,103,1416.34,642.99,1593.06,34.0
70,104,1410.32,643.54,1595.08,33.0
70,105,1421.66,643.0,1594.12,32.0
70,106,1409.21,643.26,1597.27,31.0
70,107,1411.13,643.36,1593.28,30.0
70,108,1407.9,642.96,1592.76,29.0
70,109,1417.75,642.6,1591.01,28.0
70,110,1414.75,643.17,1592.01,27.0
70,111,1416.65,642.91,1591.59,26.0
70,112,1417.91,643.15,1594.73,25.0
70,113,1415.53,643.04,1600.74,24.0
70,114,1414.01,643.37,1594.45,23.0
70,115,1420.94,643.37,1595.82,22.0
70,116,1424.37,643.31,1592.34,21.0
70,117,1420.24,643.5,1599.52,20.0
70,118,1422.24,642.95,1594.4,19.0
70,119,1421.08,643.23,1604.24,18.0
70,120,1424.43,643.44,1599.91,17.0
70,121,1424.79,643.45,1594.56,16.0
70,122,1424.63,642.9,1599.54,15.0
70,123,1415.52,643.34,1600.71,14.0
70,124,1424.03,643.63,1597.48,13.0
70,125,1426.85,643.51,1597.66,12.0
70,126,1422.67,643.23,1595.68,11.0
70,127,1424.21,643.42,1596.61,10.0
70,128,1425.2,643.76,1593.47,9.0
70,129,1421.83,643.73,1594.39,8.0
70,130,1421.86,643.98,1599.26,7.0
70,131,1424.65,643.29,1599.67,6.0
70,132,1423.33,643.86,1597.87,5.0
70,133,1430.27,644.1,1601.31,4.0
70,134,1430.21,644.09,1605.88,3.0
70,135,1426.86,643.55,1596.63,2.0
70,136,1427.36,643.79,1601.3,1.0
70,137,1434.81,643.39,1602.76,0.0
71,1,1407.04,642.64,1581.95,207.0
71,2,1403.53,642.82,1593.17,206.0
71,3,1402.54,642.5,1582.94,205.0
71,4,1409.75,643.04,1584.9,204.0
71,5,1400.43,642.0,1587.63,203.0
71,6,1407.16,642.57,1583.36,202.0
71,7,1404.49,641.74,1592.03,201.0
71,8,1407.86,642.65,1586.46,200.0
71,9,1402.6,642.1,1578.86,199.0
71,10,1405.47,642.95,1593.6,198.0
71,11,1404.42,642.71,1591.08,197.0
71,12,1408.04,642.4,1585.72,196.0
71,13,1406.83,642.48,1595.78,195.0
71,14,1407.85,642.88,1591.51,194.0
71,15,1402.1,642.5,1589.43,193.0
71,16,1405.75,642.27,1584.32,192.0
71,17,1407.35,642.26,1583.56,191.0
71,18,1406.81,642.49,1589.66,190.0
71,19,1404.08,642.18,1585.28,189.0
71,20,1407.59,642.58,1587.06,188.0
71,21,1406.38,642.57,1588.62,187.0
71,22,1401.28,641.77,1591.11,186.0
71,23,1407.26,642.57,1591.09,185.0
71,24,1405.28,642.58,1585.89,184.0
71,25,1403.11,642.54,1594.72,183.0
71,26,1403.23,642.53,1588.38,182.0
71,27,1406.95,642.88,1594.42,181.0
71,28,1412.13,643.08,1592.86,180.0
71,29,1396.89,642.67,1591.28,179.0
71,30,1404.77,642.79,1585.03,178.0
71,31,1400.9,642.24,1585.04,177.0
71,32,1404.59,641.9,1595.55,176.0
71,33,1408.79,642.36,1586.39,175.0
71,34,1410.58,642.7,1585.04,174.0
71,35,1409.9,642.9,1591.38,173.0
71,36,1406.38,642.42,1589.45,172.0
71,37,1407.48,642.5,1587.32,171.0
71,38,1403.44,642.88,1582.03,170.0
71,39,1407.7,642.75,1588.93,169.0
71,40,1414.42,642.46,1590.25,168.0
71,41,1409.96,643.09,1582.02,167.0
71,42,1400.4,642.58,1585.54,166.0
71,43,1405.3,641.93,1591.89,165.0
71,44,1402.2,642.48,1586.16,164.0
71,45,1406.75,642.66,1590.3,163.0
71,46,1406.88,642.79,1587.82,162.0
71,47,1409.24,643.19,1588.74,161.0
71,48,1406.0,642.72,1589.79,160.0
71,49,1398.52,642.52,1589.46,159.0
71,50,1399.15,642.29,1593.44,158.0
71,51,1408.94,642.99,1589.49,157.0
71,52,1412.14,642.53,1583.93,156.0
71,53,1409.38,642.69,1589.2,155.0
71,54,1399.21,642.47,1588.39,154.0
71,55,1408.25,642.35,1587.57,153.0
71,56,1409.6,642.65,1589.96,152.0
71,57,1410.61,641.86,1585.83,151.0
71,58,1408.06,642.69,1588.9,150.0
71,59,1408.98,642.72,1592.42,149.0
71,60,1404.05,642.55,1589.5,148.0
71,61,1402.94,642.65,1591.41,147.0
71,62,1408.44,642.48,1593.15,146.0
71,63,1407.07,642.25,1585.34,145.0
71,64,1401.17,642.43,1592.62,144.0
71,65,1401.73,642.57,1584.28,143.0
71,66,1404.56,642.68,1588.12,142.0
71,67,1402.83,641.89,1589.29,141.0
71,68,1402.09,642.75,1586.37,140.0
71,69,1404.1,642.88,1591.54,139.0
71,70,1405.25,642.53,1580.69,138.0
71,71,1405.61,642.65,1587.82,137.0
71,72,1404.46,642.68,1590.85,136.0
71,73,1409.51,643.22,1596.75,135.0
71,74,1412.1,642.66,1592.56,134.0
71,75,1411.82,642.97,1590.21,133.0
71,76,1415.57,642.86,1589.24,132.0
71,77,1404.94,642.73,1583.58,131.0
71,78,1408.76,642.73,1591.38,130.0
71,79,1401.29,642.66,1589.88,129.0
71,80,1412.42,642.69,1594.63,128.0
71,81,1414.76,642.75,1590.19,127.0
71,82,1410.18,642.88,1590.26,126.0
71,83,1415.27,643.16,1592.31,125.0
71,84,1413.99,642.33,1593.76,124.0
71,85,1407.94,642.7,1592.07,123.0
71,86,1410.34,642.83,1590.54,122.0
71,87,1411.67,642.8,1586.81,121.0
71,88,1405.69,642.93,1591.65,120.0
71,89,1409.5,642.32,1594.26,119.0
71,90,1408.26,642.72,1583.81,118.0
71,91,1411.5,642.44,1589.04,117.0
71,92,1410.54,642.39,1587.45,116.0
71,93,1414.51,642.92,1592.03,115.0
71,94,1411.32,642.97,1591.53,114.0
71,95,1407.02,642.71,1595.74,113.0
71,96,1407.69,642.91,1581.3,112.0
71,97,1405.99,642.37,1590.44,111.0
71,98,1402.01,642.09,1596.55,110.0
71,99,1409.18,642.56,1589.72,109.0
71,100,1405.57,642.86,1588.57,108.0
71,101,1410.37,642.52,1588.52,107.0
71,102,1403.93,642.55,1587.79,106.0
71,103,1407.55,642.52,1591.57,105.0
71,104,1411.37,642.94,1587.21,104.0
71,105,1407.26,642.71,1588.93,103.0
71,106,1406.95,642.32,1590.9,102.0
71,107,1407.27,642.7,1593.14,101.0
71,108,1407.28,642.61,1590.18,100.0
71,109,1411.86,642.87,1593.35,99.0
71,110,1405.28,642.72,1585.79,98.0
71,111,1405.16,642.24,1593.55,97.0
71,112,1412.61,642.49,1584.01,96.0
71,113,1413.8,642.77,1588.24,95.0
71,114,1409.03,642.62,1596.53,94.0
71,115,1407.0,642.46,1594.8,93.0
71,116,1409.51,642.72,1587.46,92.0
71,117,1408.13,642.79,1590.4,91.0
71,118,1411.57,642.21,1584.79,90.0
71,119,1400.22,642.85,1588.91,89.0
71,120,1414.67,642.81,1590.75,88.0
71,121,1413.15,643.29,1592.08,87.0
71,122,1414.0,642.9,1583.86,86.0
71,123,1416.62,642.71,1589.22,85.0
71,124,1408.9,642.79,1594.29,84.0
71,125,1411.66,643.28,1585.32,83.0
71,126,1413.86,642.67,1597.88,82.0
71,127,1407.3,642.81,1594.31,81.0
71,128,1410.6,643.02,1593.3,80.0
71,129,1410.95,643.03,1588.49,79.0
71,130,1408.76,642.78,1591.01,78.0
71,131,1404.47,642.27,1594.54,77.0
71,132,1410.57,642.75,1589.44,76.0
71,133,1419.33,642.97,1598.37,75.0
71,134,1415.12,642.54,1586.99,74.0
71,135,1410.94,642.96,1594.67,73.0
71,136,1407.29,642.64,1585.84,72.0
71,137,1416.33,642.92,1591.06,71.0
71,138,1415.09,642.86,1594.96,70.0
71,139,1414.45,642.56,1593.15,69.0
71,140,1419.33,642.82,1593.55,68.0
71,141,1412.73,643.0,1583.94,67.0
71,142,1406.34,642.13,1583.6,66.0
71,143,1414.05,643.04,1596.13,65.0
71,144,1408.9,642.46,1587.71,64.0
71,145,1408.05,642.73,1588.76,63.0
71,146,1415.29,642.87,1592.91,62.0
71,147,1414.77,643.02,1594.03,61.0
71,148,1418.54,643.23,1582.36,60.0
71,149,1411.16,642.77,1589.41,59.0
71,150,1402.97,642.86,1592.62,58.0
71,151,1409.82,642.29,1586.58,57.0
71,152,1418.63,643.2,1586.01,56.0
71,153,1414.46,643.32,1593.78,55.0
71,154,1411.45,643.02,1597.47,54.0
71,155,1415.4,642.69,1598.39,53.0
71,156,1408.07,643.17,1593.34,52.0
71,157,1411.08,642.7,1597.56,51.0
71,158,1414.23,643.17,1590.28,50.0
71,159,1416.4,643.4,1586.52,49.0
71,160,1424.36,642.98,1592.74,48.0
71,161,1417.93,642.57,1591.35,47.0
71,162,1413.89,642.53,1594.16,46.0
71,163,1413.94,643.29,1593.59,45.0
71,164,1416.32,643.19,1593.4,44.0
71,165,1415.21,642.89,1594.16,43.0
71,166,1414.65,643.13,1594.59,42.0
71,167,1415.99,642.94,1598.59,41.0
71,168,1412.2,643.0,1596.79,40.0
71,169,1408.82,642.39,1596.3,39.0
71,170,1413.04,642.94,1599.6,38.0
71,171,1410.27,643.36,1601.38,37.0
71,172,1417.78,643.01,1586.69,36.0
71,173,1414.58,642.48,1596.61,35.0
71,174,1410.71,643.13,1596.37,34.0
71,175,1419.49,642.88,1599.47,33.0
71,176,1420.25,643.02,1593.29,32.0
71,177,1418.33,643.33,1599.11,31.0
71,178,1421.25,642.97,1593.86,30.0
71,179,1416.48,642.98,1599.53,29.0
71,180,1420.03,643.09,1598.48,28.0
71,181,1413.43,643.51,1596.63,27.0
71,182,1421.06,643.14,1602.2,26.0
71,183,1425.17,643.77,1598.38,25.0
71,184,1418.35,642.92,1593.23,24.0
71,185,1422.09,643.16,1596.52,23.0
71,186,1423.97,643.0,1597.49,22.0
71,187,1413.84,643.23,1593.31,21.0
71,188,1425.14,642.99,1591.45,20.0
71,189,1424.51,643.33,1597.56,19.0
71,190,1415.06,643.44,1595.76,18.0
71,191,1425.08,643.4,1604.75,17.0
71,192,1422.94,643.57,1598.71,16.0
71,193,1416.96,643.38,1600.02,15.0
71,194,1419.79,643.43,1596.97,14.0
71,195,1419.57,643.15,1590.26,13.0
71,196,1430.38,643.13,1602.81,12.0
71,197,1417.32,643.5,1602.85,11.0
71,198,1421.66,643.36,1591.01,10.0
71,199,1419.82,643.98,1600.76,9.0
71,200,1428.16,643.3,1597.91,8.0
71,201,1432.89,643.42,1605.53,7.0
71,202,1425.72,643.44,1600.22,6.0
71,203,1432.54,643.66,1596.68,5.0
71,204,1432.07,643.24,1603.25,4.0
71,205,1421.45,644.0,1605.32,3.0
71,206,1436.86,643.5,1602.49,2.0
71,207,1428.89,643.4,1597.16,1.0
71,208,1437.81,643.57,1599.94,0.0
72,1,1397.98,642.76,1581.27,212.0
72,2,1405.73,642.53,1591.31,211.0
72,3,1402.37,642.39,1588.19,210.0
72,4,1394.32,642.31,1581.9,209.0
72,5,1400.95,642.87,1583.99,208.0
72,6,1405.86,642.14,1597.17,207.0
72,7,1402.77,641.95,1584.41,206.0
72,8,1407.47,642.33,1586.74,205.0
72,9,1394.7,642.25,1590.21,204.0
72,10,1398.02,642.27,1589.65,203.0
72,11,1401.16,642.41,1586.85,202.0
72,12,1406.14,642.54,1588.43,201.0
72,13,1406.9,642.59,1582.37,200.0
72,14,1398.62,642.65,1582.83,199.0
72,15,1406.85,642.11,1582.02,198.0
72,16,1398.83,642.44,1584.99,197.0
72,17,1403.61,642.36,1589.92,196.0
72,18,1396.85,642.33,1589.33,195.0
72,19,1406.67,642.01,1587.78,194.0
72,20,1406.74,642.5,1584.24,193.0
72,21,1404.55,642.96,1588.49,192.0
72,22,1400.56,642.25,1588.6,191.0
72,23,1397.45,641.93,1587.37,190.0
72,24,1404.68,642.43,1586.5,189.0
72,25,1400.09,642.42,1590.4,188.0
72,26,1397.69,642.0,1588.33,187.0
72,27,1394.42,642.36,1581.79,186.0
72,28,1403.61,642.53,1584.49,185.0
72,29,1405.87,642.51,1589.28,184.0
72,30,1402.73,642.11,1586.93,183.0
72,31,1404.26,642.3,1587.02,182.0
72,32,1396.31,642.19,1587.69,181.0
72,33,1402.5,642.39,1585.1,180.0
72,34,1399.16,642.14,1589.84,179.0
72,35,1400.21,642.44,1583.5,178.0
72,36,1396.31,642.63,1589.33,177.0
72,37,1403.74,642.05,1587.82,176.0
72,38,1400.0,642.5,1580.28,175.0
72,39,1404.16,642.37,1579.68,174.0
72,40,1401.99,642.56,1581.44,173.0
72,41,1399.01,643.12,1579.11,172.0
72,42,1397.02,642.03,1585.93,171.0
72,43,1404.01,642.4,1582.59,170.0
72,44,1404.09,641.88,1589.27,169.0
72,45,1403.36,642.54,1591.29,168.0
72,46,1404.33,643.17,1586.89,167.0
72,47,1402.83,642.39,1587.82,166.0
72,48,1402.47,642.57,1595.62,165.0
72,49,1404.59,642.5,1589.34,164.0
72,50,1403.72,642.44,1591.92,163.0
72,51,1401.54,642.56,1587.66,162.0
72,52,1406.85,642.67,1577.13,161.0
72,53,1400.64,642.45,1591.44,160.0
72,54,1405.38,642.69,1583.71,159.0
72,55,1407.05,642.48,1587.59,158.0
72,56,1398.44,642.25,1587.94,157.0
72,57,1407.54,642.44,1585.52,156.0
72,58,1391.04,642.72,1594.45,155.0
72,59,1399.99,643.01,1587.27,154.0
72,60,1402.45,642.63,1586.15,153.0
72,61,1396.54,642.42,1588.6,152.0
72,62,1404.71,642.19,1589.94,151.0
72,63,1408.93,641.98,1581.76,150.0
72,64,1404.66,642.19,1591.0,149.0
72,65,1402.41,642.99,1586.97,148.0
72,66,1402.59,642.35,1588.55,147.0
72,67,1409.16,641.67,1583.47,146.0
72,68,1403.67,642.44,1585.83,145.0
72,69,1401.78,643.04,1587.65,144.0
72,70,1404.29,642.53,1584.39,143.0
72,71,1401.17,642.2,1588.84,142.0
72,72,1405.0,642.41,1589.87,141.0
72,73,1413.8,642.41,1588.7,140.0
72,74,1401.39,642.73,1588.47,139.0
72,75,1408.2,642.22,1586.21,138.0
72,76,1403.0,642.26,1581.99,137.0
72,77,1400.86,642.9,1582.87,136.0
72,78,1404.56,642.29,1585.8,135.0
72,79,1392.43,643.2,1593.82,134.0
72,80,1403.12,642.32,1587.4,133.0
72,81,1400.7,642.19,1589.87,132.0
72,82,1409.95,642.36,1585.56,131.0
72,83,1410.49,642.1,1576.48,130.0
72,84,1406.73,642.24,1587.22,129.0
72,85,1403.05,642.45,1577.13,128.0
72,86,1408.09,642.16,1585.97,127.0
72,87,1408.34,642.24,1592.04,126.0
72,88,1407.52,642.62,1589.67,125.0
72,89,1404.76,642.32,1590.98,124.0
72,90,1404.05,642.11,1585.5,123.0
72,91,1402.54,642.71,1591.76,122.0
72,92,1403.29,642.79,1589.79,121.0
72,93,1402.38,642.74,1590.01,120.0
72,94,1407.95,642.59,1580.73,119.0
72,95,1405.81,642.42,1589.44,118.0
72,96,1407.59,643.08,1590.3,117.0
72,97,1414.09,642.18,1579.54,116.0
72,98,1393.38,642.67,1584.54,115.0
72,99,1405.18,642.43,1587.17,114.0
72,100,1407.27,642.72,1586.63,113.0
72,101,1408.41,642.82,1593.52,112.0
72,102,1412.99,642.28,1589.07,111.0
72,103,1401.93,642.33,1588.0,110.0
72,104,1414.52,642.64,1588.09,109.0
72,105,1399.41,643.28,1589.35,108.0
72,106,1405.01,642.08,1589.42,107.0
72,107,1407.33,642.99,1591.48,106.0
72,108,1405.55,643.18,1584.5,105.0
72,109,1411.73,642.39,1585.97,104.0
72,110,1407.71,641.96,1588.3,103.0
72,111,1405.5,642.44,1592.5,102.0
72,112,1402.02,642.03,1587.3,101.0
72,113,1409.84,642.34,1589.81,100.0
72,114,1401.97,642.58,1584.11,99.0
72,115,1408.14,642.5,1588.33,98.0
72,116,1408.17,642.05,1584.17,97.0
72,117,1411.88,642.31,1591.68,96.0
72,118,1406.43,642.79,1587.65,95.0
72,119,1419.67,642.91,1586.71,94.0
72,120,1412.18,642.18,1581.1,93.0
72,121,1412.89,642.35,1585.92,92.0
72,122,1409.04,642.7,1584.04,91.0
72,123,1402.59,642.86,1596.2,90.0
72,124,1402.83,642.59,1583.21,89.0
72,125,1402.68,642.32,1583.2,88.0
72,126,1406.15,642.43,1590.56,87.0
72,127,1405.34,642.83,1592.53,86.0
72,128,1412.87,642.44,1587.26,85.0
72,129,1405.09,642.2,1591.85,84.0
72,130,1417.28,642.89,1595.9,83.0
72,131,1406.35,642.27,1583.29,82.0
72,132,1410.78,642.51,1585.93,81.0
72,133,1414.29,642.77,1584.87,80.0
72,134,1402.77,642.68,1587.38,79.0
72,135,1410.48,642.62,1593.33,78.0
72,136,1412.73,642.12,1592.87,77.0
72,137,1413.19,642.42,1591.17,76.0
72,138,1407.31,642.74,1591.88,75.0
72,139,1415.19,642.59,1593.43,74.0
72,140,1407.19,642.16,1594.3,73.0
72,141,1407.46,642.48,1593.56,72.0
72,142,1411.91,642.94,1593.16,71.0
72,143,1409.48,643.1,1591.17,70.0
72,144,1417.97,642.79,1588.02,69.0
72,145,1407.37,642.35,1590.63,68.0
72,146,1409.07,642.52,1586.52,67.0
72,147,1411.88,642.42,1593.02,66.0
72,148,1415.82,642.66,1590.75,65.0
72,149,1404.71,642.51,1591.65,64.0
72,150,1404.11,642.44,1593.6,63.0
72,151,1406.28,642.65,1593.66,62.0
72,152,1412.44,642.95,1592.23,61.0
72,153,1412.51,642.6,1589.29,60.0
72,154,1409.93,642.76,1585.89,59.0
72,155,1407.74,643.02,1589.53,58.0
72,156,1415.27,642.83,1588.22,57.0
72,157,1402.24,642.73,1588.79,56.0
72,158,1406.14,642.85,1595.82,55.0
72,159,1416.13,643.26,1596.98,54.0
72,160,1412.75,643.04,1599.27,53.0
72,161,1418.24,642.98,1592.37,52.0
72,162,1408.01,643.16,1594.16,51.0
72,163,1419.3,642.95,1590.62,50.0
72,164,1413.76,643.48,1591.17,49.0
72,165,1418.62,643.02,1598.06,48.0
72,166,1412.6,643.1,1597.46,47.0
72,167,1411.58,643.76,1588.1,46.0
72,168,1413.36,643.27,1590.65,45.0
72,169,1419.56,643.04,1590.72,44.0
72,170,1420.24,642.67,1590.08,43.0
72,171,1406.46,642.45,1589.49,42.0
72,172,1413.26,642.34,1596.86,41.0
72,173,1422.07,643.5,1594.29,40.0
72,174,1424.51,642.58,1588.37,39.0
72,175,1412.19,643.33,1593.65,38.0
72,176,1415.07,643.12,1596.98,37.0
72,177,1423.98,643.28,1595.03,36.0
72,178,1421.1,643.36,1594.84,35.0
72,179,1412.32,643.07,1585.8,34.0
72,180,1419.5,643.63,1592.67,33.0
72,181,1412.75,643.36,1598.76,32.0
72,182,1415.85,643.12,1597.98,31.0
72,183,1417.63,643.12,1600.23,30.0
72,184,1424.38,642.85,1591.85,29.0
72,185,1425.17,642.96,1597.53,28.0
72,186,1416.52,642.79,1591.54,27.0
72,187,1423.63,643.0,1595.57,26.0
72,188,1414.33,643.24,1601.17,25.0
72,189,1423.87,643.52,1597.95,24.0
72,190,1418.5,642.89,1589.19,23.0
72,191,1426.87,643.69,1598.54,22.0
72,192,1421.85,642.97,1588.67,21.0
72,193,1418.0,642.9,1588.52,20.0
72,194,1417.67,643.51,1599.91,19.0
72,195,1421.79,643.6,1597.35,18.0
72,196,1431.82,643.47,1600.41,17.0
72,197,1419.88,643.41,1598.87,16.0
72,198,1425.92,643.14,1592.26,15.0
72,199,1428.75,643.76,1597.4,14.0
72,200,1425.56,643.4,1598.37,13.0
72,201,1422.0,643.09,1591.36,12.0
72,202,1423.93,642.93,1601.62,11.0
72,203,1430.48,643.5,1597.42,10.0
72,204,1430.08,643.33,1598.5,9.0
72,205,1423.58,643.08,1601.74,8.0
72,206,1427.06,642.99,1601.84,7.0
72,207,1433.07,643.66,1606.65,6.0
72,208,1424.75,642.96,1600.45,5.0
72,209,1430.17,644.31,1598.38,4.0
72,210,1428.53,643.3,1605.5,3.0
72,211,1429.09,643.72,1600.33,2.0
72,212,1436.24,643.9,1598.73,1.0
72,213,1427.84,643.91,1597.72,0.0
73,1,1408.94,642.84,1591.37,212.0
73,2,1415.22,642.46,1594.55,211.0
73,3,1411.45,642.78,1593.6,210.0
73,4,1403.71,643.02,1596.5,209.0
73,5,1410.37,643.26,1586.44,208.0
73,6,1414.12,642.57,1596.68,207.0
73,7,1409.35,642.47,1593.01,206.0
73,8,1402.54,642.54,1586.11,205.0
73,9,1413.17,642.89,1587.95,204.0
73,10,1415.07,643.07,1586.84,203.0
73,11,1407.69,641.94,1594.56,202.0
73,12,1402.49,642.55,1586.23,201.0
73,13,1411.63,642.84,1592.06,200.0
73,14,1413.79,642.39,1587.75,199.0
73,15,1407.19,642.47,1589.55,198.0
73,16,1409.25,642.42,1592.53,197.0
73,17,1404.47,642.82,1593.18,196.0
73,18,1413.79,642.65,1599.46,195.0
73,19,1409.78,642.64,1598.26,194.0
73,20,1406.02,642.59,1589.01,193.0
73,21,1404.15,642.45,1591.56,192.0
73,22,1414.03,642.52,1586.43,191.0
73,23,1405.53,642.83,1592.5,190.0
73,24,1411.79,642.84,1585.04,189.0
73,25,1403.69,642.58,1592.64,188.0
73,26,1412.92,642.24,1589.12,187.0
73,27,1412.94,642.65,1586.44,186.0
73,28,1409.27,642.78,1585.79,185.0
73,29,1410.52,642.73,1591.95,184.0
73,30,1408.8,642.65,1584.84,183.0
73,31,1406.67,642.87,1588.28,182.0
73,32,1404.87,643.1,1589.41,181.0
73,33,1412.66,642.55,1587.23,180.0
73,34,1411.79,642.36,1593.64,179.0
73,35,1406.13,642.47,1587.35,178.0
73,36,1397.25,643.13,1584.84,177.0
73,37,1414.6,642.83,1587.91,176.0
73,38,1413.7,642.58,1598.22,175.0
73,39,1412.99,642.74,1586.76,174.0
73,40,1410.02,642.6,1590.17,173.0
73,41,1412.26,642.76,1588.2,172.0
73,42,1409.48,642.83,1587.98,171.0
73,43,1410.93,642.8,1585.52,170.0
73,44,1403.67,642.47,1592.69,169.0
73,45,1408.74,642.71,1592.13,168.0
73,46,1408.65,642.4,1593.68,167.0
73,47,1409.98,642.52,1596.73,166.0
73,48,1415.77,642.86,1596.82,165.0
73,49,1408.38,642.45,1594.91,164.0
73,50,1417.73,642.94,1588.79,163.0
73,51,1412.4,642.78,1588.4,162.0
73,52,1406.91,642.23,1593.77,161.0
73,53,1404.63,643.8,1592.28,160.0
73,54,1410.35,643.28,1593.18,159.0
73,55,1407.36,642.9,1595.96,158.0
73,56,1414.79,642.68,1589.58,157.0
73,57,1419.22,643.03,1600.53,156.0
73,58,1408.7,642.88,1587.98,155.0
73,59,1411.27,642.76,1596.73,154.0
73,60,1410.59,643.16,1591.75,153.0
73,61,1407.41,642.74,1594.95,152.0
73,62,1416.65,642.72,1597.17,151.0
73,63,1413.81,642.79,1586.47,150.0
73,64,1405.84,642.66,1591.25,149.0
73,65,1411.59,642.92,1598.4,148.0
73,66,1412.68,642.64,1589.92,147.0
73,67,1404.93,642.73,1591.02,146.0
73,68,1414.39,642.38,1593.98,145.0
73,69,1408.61,642.0,1595.2,144.0
73,70,1410.03,642.15,1590.67,143.0
73,71,1411.99,642.73,1585.29,142.0
73,72,1407.65,642.52,1588.18,141.0
73,73,1408.79,642.36,1591.77,140.0
73,74,1419.89,642.68,1595.53,139.0
73,75,1419.3,642.78,1586.61,138.0
73,76,1405.75,642.97,1589.96,137.0
73,77,1409.57,643.09,1584.59,136.0
73,78,1415.45,642.75,1590.89,135.0
73,79,1406.81,642.53,1593.64,134.0
73,80,1414.24,642.39,1588.48,133.0
73,81,1414.23,642.91,1592.86,132.0
73,82,1414.53,642.91,1582.29,131.0
73,83,1410.77,642.87,1597.14,130.0
73,84,1412.62,642.68,1592.18,129.0
73,85,1419.36,642.95,1595.72,128.0
73,86,1410.25,642.39,1595.28,127.0
73,87,1410.25,642.54,1597.98,126.0
73,88,1418.73,642.96,1589.71,125.0
73,89,1415.75,642.61,1594.17,124.0
73,90,1407.02,643.13,1596.9,123.0
73,91,1408.79,642.87,1595.7,122.0
73,92,1413.66,643.11,1590.77,121.0
73,93,1415.61,642.34,1585.32,120.0
73,94,1410.65,642.98,1595.09,119.0
73,95,1405.63,642.8,1585.73,118.0
73,96,1416.02,642.4,1587.93,117.0
73,97,1412.69,642.42,1591.54,116.0
73,98,1407.46,643.04,1584.4,115.0
73,99,1409.55,642.69,1588.64,114.0
73,100,1416.94,642.6,1593.15,113.0
73,101,1417.12,643.18,1592.06,112.0
73,102,1410.26,642.52,1589.08,111.0
73,103,1416.4,642.98,1592.05,110.0
73,104,1410.42,642.7,1593.28,109.0
73,105,1417.15,642.8,1593.44,108.0
73,106,1411.53,643.43,1592.11,107.0
73,107,1414.95,642.91,1591.98,106.0
73,108,1406.13,643.18,1587.43,105.0
73,109,1409.55,643.1,1596.91,104.0
73,110,1417.98,642.82,1589.74,103.0
73,111,1414.26,642.5,1595.33,102.0
73,112,1410.73,642.7,1589.0,101.0
73,113,1407.34,642.74,1598.92,100.0
73,114,1413.44,642.61,1602.26,99.0
73,115,1416.35,642.93,1588.06,98.0
73,116,1411.22,643.22,1591.41,97.0
73,117,1408.82,642.57,1588.76,96.0
73,118,1410.61,642.85,1585.02,95.0
73,119,1413.96,642.9,1593.55,94.0
73,120,1414.69,642.74,1588.91,93.0
73,121,1413.96,642.77,1593.2,92.0
73,122,1407.56,642.82,1592.53,91.0
73,123,1415.01,642.43,1594.55,90.0
73,124,1416.84,643.09,1588.65,89.0
73,125,1405.12,642.75,1593.33,88.0
73,126,1417.02,642.11,1591.12,87.0
73,127,1417.42,643.23,1590.17,86.0
73,128,1413.28,642.25,1592.24,85.0
73,129,1419.95,642.96,1592.71,84.0
73,130,1415.93,642.65,1592.92,83.0
73,131,1419.91,642.34,1591.47,82.0
73,132,1409.79,643.74,1600.66,81.0
73,133,1411.83,643.35,1593.74,80.0
73,134,1410.94,643.12,1593.18,79.0
73,135,1411.93,643.15,1588.12,78.0
73,136,1412.3,642.59,1596.44,77.0
73,137,1409.53,642.98,1595.51,76.0
73,138,1407.98,642.57,1596.05,75.0
73,139,1414.18,642.85,1595.28,74.0
73,140,1414.51,643.52,1598.76,73.0
73,141,1412.01,642.33,1597.69,72.0
73,142,1420.47,642.77,1602.05,71.0
73,143,1411.24,643.03,1594.99,70.0
73,144,1415.77,643.16,1594.72,69.0
73,145,1418.66,643.41,1595.09,68.0
73,146,1410.05,642.85,1597.87,67.0
73,147,1422.89,642.66,1590.98,66.0
73,148,1422.58,643.12,1598.12,65.0
73,149,1410.1,642.98,1592.36,64.0
73,150,1411.49,643.17,1597.11,63.0
73,151,1420.53,643.25,1600.8,62.0
73,152,1413.92,642.88,1591.25,61.0
73,153,1422.71,643.19,1593.86,60.0
73,154,1412.11,643.29,1586.19,59.0
73,155,1417.0,642.35,1597.84,58.0
73,156,1413.42,642.96,1593.46,57.0
73,157,1422.72,643.0,1598.72,56.0
73,158,1418.75,642.89,1600.97,55.0
73,159,1415.64,643.26,1594.71,54.0
73,160,1411.88,642.92,1587.93,53.0
73,161,1421.48,643.22,1591.04,52.0
73,162,1416.57,643.13,1584.75,51.0
73,163,1417.03,642.99,1597.12,50.0
73,164,1414.29,642.93,1593.49,49.0
73,165,1412.79,643.43,1592.84,48.0
73,166,1419.18,642.86,1601.77,47.0
73,167,1422.14,643.22,1593.12,46.0
73,168,1420.03,643.48,1597.45,45.0
73,169,1417.6,643.01,1603.56,44.0
73,170,1420.09,642.92,1600.25,43.0
73,171,1414.4,643.67,1594.65,42.0
73,172,1426.06,643.41,1594.61,41.0
73,173,1415.17,642.5,1594.41,40.0
73,174,1425.39,643.18,1599.3,39.0
73,175,1423.68,643.25,1591.7,38.0
73,176,1422.53,643.52,1601.43,37.0
73,177,1427.06,643.31,1596.5,36.0
73,178,1420.77,643.4,1587.43,35.0
73,179,1422.74,643.77,1599.29,34.0
73,180,1421.84,643.15,1595.8,33.0
73,181,1420.72,643.17,1597.77,32.0
73,182,1417.8,643.48,1596.09,31.0
73,183,1418.75,643.27,1600.09,30.0
73,184,1419.44,643.89,1591.89,29.0
73,185,1423.04,643.43,1597.14,28.0
73,186,1428.19,644.13,1592.23,27.0
73,187,1420.94,642.89,1598.46,26.0
73,188,1417.3,643.25,1599.09,25.0
73,189,1420.94,643.22,1600.03,24.0
73,190,1419.2,643.91,1602.23,23.0
73,191,1423.84,643.04,1597.68,22.0
73,192,1415.27,643.7,1600.62,21.0
73,193,1429.78,642.93,1601.41,20.0
73,194,1427.73,643.74,1597.59,19.0
73,195,1419.89,642.98,1594.79,18.0
73,196,1430.81,643.37,1599.96,17.0
73,197,1424.58,643.29,1598.42,16.0
73,198,1426.94,643.26,1600.43,15.0
73,199,1429.96,643.45,1593.08,14.0
73,200,1429.43,643.88,1601.86,13.0
73,201,1421.53,643.25,1599.83,12.0
73,202,1418.38,643.92,1592.35,11.0
73,203,1422.68,643.38,1597.7,10.0
73,204,1435.89,643.2,1601.49,9.0
73,205,1427.87,643.75,1601.68,8.0
73,206,1427.63,643.38,1602.32,7.0
73,207,1425.22,644.03,1606.83,6.0
73,208,1438.16,643.78,1599.53,5.0
73,209,1430.59,643.17,1597.94,4.0
73,210,1429.77,643.1,1601.3,3.0
73,211,1430.45,644.3,1601.47,2.0
73,212,1430.64,643.48,1597.82,1.0
73,213,1428.84,643.54,1599.16,0.0
74,1,1400.18,642.31,1580.43,165.0
74,2,1398.78,642.26,1593.03,164.0
74,3,1399.5,642.61,1579.86,163.0
74,4,1395.3,642.07,1589.82,162.0
74,5,1395.03,642.55,1587.88,161.0
74,6,1401.07,642.11,1590.19,160.0
74,7,1398.69,642.21,1596.43,159.0
74,8,1397.7,642.26,1583.32,158.0
74,9,1404.52,642.18,1583.82,157.0
74,10,1399.13,642.23,1587.34,156.0
74,11,1400.94,642.4,1592.61,155.0
74,12,1399.83,642.78,1587.92,154.0
74,13,1409.13,642.31,1587.15,153.0
74,14,1398.17,642.24,1588.65,152.0
74,15,1405.96,641.79,1588.95,151.0
74,16,1404.19,642.3,1591.42,150.0
74,17,1399.42,641.9,1587.62,149.0
74,18,1400.28,642.04,1584.45,148.0
74,19,1403.17,642.0,1588.3,147.0
74,20,1406.25,642.4,1577.44,146.0
74,21,1404.32,642.0,1587.03,145.0
74,22,1400.03,641.97,1589.06,144.0
74,23,1403.22,642.44,1582.47,143.0
74,24,1398.14,642.48,1584.24,142.0
74,25,1398.98,642.03,1586.06,141.0
74,26,1407.46,642.49,1594.69,140.0
74,27,1398.74,641.79,1587.34,139.0
74,28,1396.64,641.84,1584.15,138.0
74,29,1397.92,642.45,1582.81,137.0
74,30,1404.47,642.03,1589.83,136.0
74,31,1397.85,642.1,1593.19,135.0
74,32,1399.46,642.25,1593.45,134.0
74,33,1404.05,642.55,1586.85,133.0
74,34,1407.9,642.4,1582.43,132.0
74,35,1400.38,642.59,1585.86,131.0
74,36,1401.54,642.07,1595.45,130.0
74,37,1412.38,642.13,1590.41,129.0
74,38,1401.33,642.1,1586.81,128.0
74,39,1400.67,642.32,1592.66,127.0
74,40,1401.32,642.24,1582.36,126.0
74,41,1398.79,642.47,1593.25,125.0
74,42,1404.37,642.14,1582.57,124.0
74,43,1404.81,642.12,1580.45,123.0
74,44,1401.86,642.16,1591.77,122.0
74,45,1402.96,642.6,1582.73,121.0
74,46,1403.24,642.33,1588.18,120.0
74,47,1405.12,642.51,1587.06,119.0
74,48,1397.89,642.29,1588.74,118.0
74,49,1403.69,642.68,1583.52,117.0
74,50,1399.49,642.27,1590.88,116.0
74,51,1401.28,642.45,1591.7,115.0
74,52,1400.56,642.35,1582.25,114.0
74,53,1403.07,642.51,1588.08,113.0
74,54,1400.24,642.37,1573.01,112.0
74,55,1400.88,642.34,1590.42,111.0
74,56,1403.64,642.19,1581.96,110.0
74,57,1405.75,641.98,1597.42,109.0
74,58,1405.97,642.29,1587.76,108.0
74,59,1399.3,642.18,1586.34,107.0
74,60,1400.11,642.4,1587.13,106.0
74,61,1398.0,642.65,1587.91,105.0
74,62,1404.32,642.25,1587.57,104.0
74,63,1405.28,642.33,1580.61,103.0
74,64,1403.1,642.7,1585.63,102.0
74,65,1403.58,642.22,1588.08,101.0
74,66,1394.64,641.88,1582.4,100.0
74,67,1407.41,642.09,1593.55,99.0
74,68,1399.61,642.52,1584.61,98.0
74,69,1406.34,642.25,1580.45,97.0
74,70,1401.03,642.08,1584.02,96.0
74,71,1398.43,642.49,1592.4,95.0
74,72,1401.0,642.48,1588.87,94.0
74,73,1402.23,642.67,1592.31,93.0
74,74,1405.09,642.32,1586.8,92.0
74,75,1400.94,642.16,1582.53,91.0
74,76,1393.28,642.84,1588.98,90.0
74,77,1406.27,641.8,1588.56,89.0
74,78,1406.97,642.35,1590.28,88.0
74,79,1408.73,642.49,1582.66,87.0
74,80,1398.8,642.61,1589.09,86.0
74,81,1407.7,642.89,1584.46,85.0
74,82,1415.12,642.14,1590.43,84.0
74,83,1402.6,642.26,1583.83,83.0
74,84,1404.87,642.73,1580.82,82.0
74,85,1408.07,642.97,1582.96,81.0
74,86,1401.84,642.34,1585.96,80.0
74,87,1410.28,642.27,1592.24,79.0
74,88,1405.83,641.86,1589.76,78.0
74,89,1402.96,642.07,1594.9,77.0
74,90,1405.0,643.21,1591.59,76.0
74,91,1404.6,642.5,1584.01,75.0
74,92,1401.69,642.0,1580.91,74.0
74,93,1407.97,642.13,1586.29,73.0
74,94,1410.45,642.36,1582.25,72.0
74,95,1400.65,642.56,1592.88,71.0
74,96,1406.94,642.55,1594.8,70.0
74,97,1401.36,643.37,1584.2,69.0
74,98,1413.04,643.23,1591.38,68.0
74,99,1406.4,642.63,1598.24,67.0
74,100,1401.16,642.81,1591.05,66.0
74,101,1404.66,642.26,1586.88,65.0
74,102,1403.75,642.37,1589.5,64.0
74,103,1405.94,641.98,1589.18,63.0
74,104,1403.47,642.46,1587.45,62.0
74,105,1395.87,642.59,1588.29,61.0
74,106,1395.86,642.18,1583.73,60.0
74,107,1405.97,642.72,1585.41,59.0
74,108,1401.95,642.53,1596.06,58.0
74,109,1408.36,642.67,1589.44,57.0
74,110,1410.15,642.64,1591.73,56.0
74,111,1413.43,642.68,1595.06,55.0
74,112,1411.42,642.75,1585.25,54.0
74,113,1403.74,642.83,1596.96,53.0
74,114,1414.89,642.39,1591.45,52.0
74,115,1410.36,642.43,1591.88,51.0
74,116,1406.84,642.35,1589.06,50.0
74,117,1409.75,642.53,1584.49,49.0
74,118,1405.71,643.16,1591.62,48.0
74,119,1409.85,642.7,1593.63,47.0
74,120,1407.1,642.27,1589.65,46.0
74,121,1405.77,642.53,1588.85,45.0
74,122,1405.94,642.24,1597.21,44.0
74,123,1405.57,642.77,1589.39,43.0
74,124,1421.53,642.51,1587.31,42.0
74,125,1412.02,642.72,1587.27,41.0
74,126,1411.39,642.48,1592.15,40.0
74,127,1410.18,642.79,1593.71,39.0
74,128,1409.77,642.46,1596.34,38.0
74,129,1407.31,642.39,1592.04,37.0
74,130,1417.52,642.89,1589.55,36.0
74,131,1409.96,643.23,1600.18,35.0
74,132,1418.97,642.6,1588.11,34.0
74,133,1417.31,642.9,1599.4,33.0
74,134,1416.62,643.36,1591.59,32.0
74,135,1412.3,642.83,1596.42,31.0
74,136,1416.91,642.91,1601.05,30.0
74,137,1413.32,642.66,1590.3,29.0
74,138,1418.69,642.88,1590.98,28.0
74,139,1417.17,642.99,1590.43,27.0
74,140,1416.74,643.01,1593.96,26.0
74,141,1422.88,643.3,1601.19,25.0
74,142,1419.58,643.28,1594.44,24.0
74,143,1420.47,642.95,1589.67,23.0
74,144,1416.33,643.37,1591.53,22.0
74,145,1418.11,642.33,1598.46,21.0
74,146,1419.52,643.39,1592.18,20.0
74,147,1421.0,643.16,1597.28,19.0
74,148,1415.9,643.33,1597.24,18.0
74,149,1412.37,643.15,1595.7,17.0
74,150,1420.21,643.47,1603.26,16.0
74,151,1419.6,643.03,1599.69,15.0
74,152,1420.12,643.25,1594.29,14.0
74,153,1422.36,643.29,1601.55,13.0
74,154,1418.04,643.55,1592.46,12.0
74,155,1417.41,643.83,1598.91,11.0
74,156,1421.75,643.42,1599.03,10.0
74,157,1418.78,643.27,1592.25,9.0
74,158,1424.76,643.88,1597.92,8.0
74,159,1430.31,643.62,1597.26,7.0
74,160,1431.59,643.47,1599.38,6.0
74,161,1429.6,643.96,1601.06,5.0
74,162,1430.56,643.7,1604.64,4.0
74,163,1426.01,644.16,1607.16,3.0
74,164,1423.05,643.64,1600.62,2.0
74,165,1423.1,643.96,1599.81,1.0
74,166,1431.14,643.29,1604.39,0.0
75,1,1404.45,642.1,1590.06,228.0
75,2,1401.76,642.5,1591.85,227.0
75,3,1404.45,642.62,1591.86,226.0
75,4,1402.91,642.49,1593.67,225.0
75,5,1408.21,642.69,1584.46,224.0
75,6,1408.18,642.56,1588.83,223.0
75,7,1403.19,641.88,1588.81,222.0
75,8,1405.41,642.16,1583.86,221.0
75,9,1406.26,642.39,1583.05,220.0
75,10,1401.19,642.86,1585.13,219.0
75,11,1404.13,642.92,1588.65,218.0
75,12,1397.69,642.52,1585.93,217.0
75,13,1400.05,642.2,1589.69,216.0
75,14,1401.28,642.59,1587.24,215.0
75,15,1408.6,642.68,1590.54,214.0
75,16,1401.91,642.47,1590.97,213.0
75,17,1408.52,642.54,1589.68,212.0
75,18,1405.9,642.56,1588.87,211.0
75,19,1406.85,642.69,1597.83,210.0
75,20,1408.83,642.51,1594.99,209.0
75,21,1420.87,642.44,1592.53,208.0
75,22,1402.52,642.39,1587.18,207.0
75,23,1404.36,642.64,1587.76,206.0
75,24,1402.35,642.53,1590.9,205.0
75,25,1400.39,642.47,1582.39,204.0
75,26,1404.03,642.68,1591.18,203.0
75,27,1409.44,642.17,1594.22,202.0
75,28,1408.75,642.23,1585.87,201.0
75,29,1405.48,642.64,1586.82,200.0
75,30,1412.48,642.46,1581.54,199.0
75,31,1413.3,642.37,1585.53,198.0
75,32,1405.33,642.4,1590.5,197.0
75,33,1413.84,642.03,1587.15,196.0
75,34,1405.26,642.45,1580.71,195.0
75,35,1413.98,642.47,1592.67,194.0
75,36,1406.13,642.83,1597.59,193.0
75,37,1401.26,642.72,1590.03,192.0
75,38,1408.76,642.75,1586.28,191.0
75,39,1403.45,642.3,1587.0,190.0
75,40,1408.81,642.38,1589.64,189.0
75,41,1403.8,642.24,1588.94,188.0
75,42,1410.79,642.42,1587.56,187.0
75,43,1407.01,643.09,1585.47,186.0
75,44,1407.94,642.5,1590.63,185.0
75,45,1411.18,643.01,1588.06,184.0
75,46,1409.76,642.47,1593.21,183.0
75,47,1404.21,641.97,1589.95,182.0
75,48,1403.56,642.22,1589.96,181.0
75,49,1410.52,642.23,1584.88,180.0
75,50,1404.58,642.81,1596.21,179.0
75,51,1407.2,642.44,1592.46,178.0
75,52,1410.95,642.45,1589.51,177.0
75,53,1406.56,642.91,1588.96,176.0
75,54,1412.05,642.35,1582.68,175.0
75,55,1409.22,642.47,1586.26,174.0
75,56,1404.88,643.07,1584.65,173.0
75,57,1402.31,643.13,1592.51,172.0
75,58,1410.69,642.73,1589.93,171.0
75,59,1405.79,642.17,1593.36,170.0
75,60,1407.16,642.38,1587.19,169.0
75,61,1406.58,642.46,1598.89,168.0
75,62,1411.25,642.19,1584.42,167.0
75,63,1406.52,642.95,1582.39,166.0
75,64,1404.22,642.53,1590.31,165.0
75,65,1413.01,642.56,1586.48,164.0
75,66,1403.16,642.58,1585.71,163.0
75,67,1410.75,642.85,1586.13,162.0
75,68,1414.84,642.92,1592.34,161.0
75,69,1404.32,642.53,1589.59,160.0
75,70,1408.52,642.64,1594.83,159.0
75,71,1405.12,642.29,1593.64,158.0
75,72,1408.87,642.39,1589.8,157.0
75,73,1411.97,642.84,1595.12,156.0
75,74,1405.04,642.4,1586.66,155.0
75,75,1403.98,642.26,1594.3,154.0
75,76,1409.85,642.65,1590.89,153.0
75,77,1410.93,642.51,1594.05,152.0
75,78,1405.47,642.65,1597.2,151.0
75,79,1408.22,642.49,1592.1,150.0
75,80,1408.91,643.03,1595.21,149.0
75,81,1410.58,642.7,1591.64,148.0
75,82,1413.86,642.86,1592.99,147.0
75,83,1414.39,642.88,1592.98,146.0
75,84,1406.17,642.78,1595.76,145.0
75,85,1412.8,642.83,1585.48,144.0
75,86,1406.92,642.86,1578.91,143.0
75,87,1407.44,642.65,1592.61,142.0
75,88,1407.71,642.53,1588.28,141.0
75,89,1416.08,642.66,1586.92,140.0
75,90,1417.08,642.66,1583.44,139.0
75,91,1409.76,642.39,1586.94,138.0
75,92,1415.66,642.58,1592.09,137.0
75,93,1411.37,642.82,1588.72,136.0
75,94,1408.76,642.77,1588.74,135.0
75,95,1412.35,642.52,1581.54,134.0
75,96,1404.55,642.54,1587.07,133.0
75,97,1406.73,642.84,1592.52,132.0
75,98,1407.16,642.78,1593.34,131.0
75,99,1410.67,642.96,1586.07,130.0
75,100,1405.65,642.9,1584.68,129.0
75,101,1409.7,642.74,1592.48,128.0
75,102,1408.29,643.01,1586.68,127.0
75,103,1410.29,642.91,1599.13,126.0
75,104,1414.04,642.59,1579.79,125.0
75,105,1412.82,642.64,1591.96,124.0
75,106,1408.59,642.65,1585.18,123.0
75,107,1413.67,642.85,1594.64,122.0
75,108,1410.94,642.75,1593.82,121.0
75,109,1408.99,642.6,1594.14,120.0
75,110,1416.92,642.21,1589.32,119.0
75,111,1406.15,642.14,1588.76,118.0
75,112,1409.57,642.4,1587.53,117.0
75,113,1412.68,642.74,1586.68,116.0
75,114,1423.02,642.98,1590.2,115.0
75,115,1415.52,642.74,1595.32,114.0
75,116,1414.79,643.35,1580.43,113.0
75,117,1407.41,643.33,1588.5,112.0
75,118,1412.72,642.63,1594.01,111.0
75,119,1409.77,642.98,1590.29,110.0
75,120,1407.32,642.65,1593.23,109.0
75,121,1407.75,642.76,1590.7,108.0
75,122,1416.17,642.62,1591.98,107.0
75,123,1410.97,642.84,1595.79,106.0
75,124,1403.72,643.13,1595.5,105.0
75,125,1414.48,642.63,1597.65,104.0
75,126,1405.91,643.29,1595.36,103.0
75,127,1411.51,642.61,1587.04,102.0
75,128,1411.87,642.87,1591.05,101.0
75,129,1413.68,642.22,1585.6,100.0
75,130,1414.38,642.6,1598.63,99.0
75,131,1403.7,642.89,1588.55,98.0
75,132,1413.02,643.14,1590.41,97.0
75,133,1406.51,642.82,1583.5,96.0
75,134,1411.5,642.72,1590.8,95.0
75,135,1413.86,642.57,1594.49,94.0
75,136,1407.95,642.45,1591.55,93.0
75,137,1413.75,643.7,1592.24,92.0
75,138,1417.96,642.95,1587.68,91.0
75,139,1407.71,642.64,1590.89,90.0
75,140,1411.1,642.94,1591.7,89.0
75,141,1412.7,643.54,1595.67,88.0
75,142,1403.93,643.4,1596.1,87.0
75,143,1408.34,642.83,1593.63,86.0
75,144,1408.72,642.41,1590.98,85.0
75,145,1419.17,642.42,1586.4,84.0
75,146,1409.41,642.78,1599.82,83.0
75,147,1415.64,643.44,1584.06,82.0
75,148,1410.53,643.13,1591.1,81.0
75,149,1418.03,642.92,1591.53,80.0
75,150,1417.08,642.73,1600.64,79.0
75,151,1412.2,643.32,1589.99,78.0
75,152,1414.76,643.13,1587.65,77.0
75,153,1412.49,642.79,1583.99,76.0
75,154,1413.46,642.73,1592.58,75.0
75,155,1414.22,642.88,1584.8,74.0
75,156,1416.71,643.17,1592.71,73.0
75,157,1415.27,642.68,1593.73,72.0
75,158,1412.1,643.01,1588.66,71.0
75,159,1415.11,642.98,1589.09,70.0
75,160,1418.71,643.09,1593.9,69.0
75,161,1415.06,642.72,1594.05,68.0
75,162,1410.32,642.54,1587.69,67.0
75,163,1422.15,643.31,1592.04,66.0
75,164,1426.87,643.18,1592.8,65.0
75,165,1416.22,643.39,1592.41,64.0
75,166,1408.89,642.84,1587.73,63.0
75,167,1417.83,643.03,1592.91,62.0
75,168,1420.61,643.16,1589.45,61.0
75,169,1415.69,643.1,1595.43,60.0
75,170,1414.46,643.15,1592.35,59.0
75,171,1421.1,642.89,1589.06,58.0
75,172,1417.92,642.9,1592.32,57.0
75,173,1414.64,643.45,1594.97,56.0
75,174,1411.71,642.81,1591.42,55.0
75,175,1420.25,643.74,1592.11,54.0
75,176,1415.56,642.8,1593.3,53.0
75,177,1414.24,642.98,1597.43,52.0
75,178,1417.41,642.57,1598.31,51.0
75,179,1415.33,642.92,1589.18,50.0
75,180,1422.54,643.02,1592.36,49.0
75,181,1419.42,642.97,1598.01,48.0
75,182,1427.8,643.04,1596.44,47.0
75,183,1420.41,643.08,1592.79,46.0
75,184,1414.23,643.54,1594.84,45.0
75,185,1415.6,643.55,1603.15,44.0
75,186,1412.71,642.47,1594.11,43.0
75,187,1421.63,643.2,1593.02,42.0
75,188,1419.67,642.8,1594.94,41.0
75,189,1421.9,643.12,1587.54,40.0
75,190,1417.74,643.5,1599.07,39.0
75,191,1414.65,643.19,1598.88,38.0
75,192,1429.08,642.53,1601.87,37.0
75,193,1420.7,643.69,1597.99,36.0
75,194,1416.44,643.04,1593.99,35.0
75,195,1416.76,643.76,1592.44,34.0
75,196,1421.77,643.13,1604.22,33.0
75,197,1418.96,643.48,1605.88,32.0
75,198,1421.32,643.37,1602.25,31.0
75,199,1419.43,642.91,1600.45,30.0
75,200,1423.04,643.85,1604.02,29.0
75,201,1424.92,643.62,1594.8,28.0
75,202,1420.5,643.45,1595.81,27.0
75,203,1419.41,643.23,1600.32,26.0
75,204,1427.97,643.58,1595.64,25.0
75,205,1422.42,643.68,1604.14,24.0
75,206,1426.96,642.96,1593.0,23.0
75,207,1424.5,643.51,1596.41,22.0
75,208,1421.41,643.68,1599.12,21.0
75,209,1427.14,643.37,1600.45,20.0
75,210,1421.11,643.33,1597.06,19.0
75,211,1429.36,643.09,1596.78,18.0
75,212,1421.55,643.36,1593.54,17.0
75,213,1422.28,642.91,1595.59,16.0
75,214,1429.92,643.73,1597.8,15.0
75,215,1430.12,643.31,1590.79,14.0
75,216,1426.54,643.04,1593.37,13.0
75,217,1430.28,643.6,1596.2,12.0
75,218,1425.31,643.18,1601.18,11.0
75,219,1423.98,643.47,1593.08,10.0
75,220,1431.75,643.83,1600.76,9.0
75,221,1424.78,643.48,1599.18,8.0
75,222,1429.07,644.3,1599.91,7.0
75,223,1430.09,643.6,1600.67,6.0
75,224,1419.34,643.67,1601.78,5.0
75,225,1429.83,643.53,1608.32,4.0
75,226,1435.58,643.64,1598.52,3.0
75,227,1426.63,643.84,1601.44,2.0
75,228,1430.03,644.23,1595.88,1.0
75,229,1433.1,643.7,1600.8,0.0
76,1,1411.33,642.66,1585.01,209.0
76,2,1411.7,642.24,1589.03,208.0
76,3,1404.75,642.92,1597.35,207.0
76,4,1407.19,642.92,1598.29,206.0
76,5,1408.04,642.42,1590.91,205.0
76,6,1404.87,642.6,1590.97,204.0
76,7,1409.9,642.27,1595.97,203.0
76,8,1409.33,642.73,1593.1,202.0
76,9,1407.76,642.93,1594.11,201.0
76,10,1410.44,642.66,1586.93,200.0
76,11,1404.44,642.87,1583.32,199.0
76,12,1406.24,642.96,1590.68,198.0
76,13,1404.4,642.74,1587.61,197.0
76,14,1409.47,642.63,1581.53,196.0
76,15,1411.75,642.55,1596.42,195.0
76,16,1412.99,642.84,1588.74,194.0
76,17,1412.45,642.92,1585.8,193.0
76,18,1408.55,642.72,1590.76,192.0
76,19,1413.46,642.42,1597.76,191.0
76,20,1412.77,643.13,1594.17,190.0
76,21,1409.64,642.52,1599.13,189.0
76,22,1408.64,642.44,1594.32,188.0
76,23,1410.55,642.97,1585.85,187.0
76,24,1410.16,642.54,1586.57,186.0
76,25,1415.39,642.56,1595.93,185.0
76,26,1404.41,642.99,1585.34,184.0
76,27,1408.09,642.99,1593.2,183.0
76,28,1404.77,642.65,1592.03,182.0
76,29,1404.43,642.84,1592.65,181.0
76,30,1412.88,642.52,1588.03,180.0
76,31,1403.25,643.1,1595.99,179.0
76,32,1407.38,642.13,1587.33,178.0
76,33,1408.43,642.9,1592.25,177.0
76,34,1404.06,642.82,1593.27,176.0
76,35,1405.63,643.48,1594.35,175.0
76,36,1412.44,642.27,1596.96,174.0
76,37,1405.4,642.37,1594.92,173.0
76,38,1407.76,642.57,1587.17,172.0
76,39,1410.08,642.57,1586.89,171.0
76,40,1405.02,642.37,1585.96,170.0
76,41,1409.31,642.98,1588.15,169.0
76,42,1405.81,643.0,1585.76,168.0
76,43,1415.56,642.59,1592.42,167.0
76,44,1400.38,642.71,1594.12,166.0
76,45,1408.74,642.01,1586.67,165.0
76,46,1410.41,642.26,1592.61,164.0
76,47,1404.22,641.92,1594.19,163.0
76,48,1405.91,643.0,1595.6,162.0
76,49,1412.48,642.31,1586.18,161.0
76,50,1410.53,642.57,1588.53,160.0
76,51,1400.94,642.41,1591.03,159.0
76,52,1409.15,642.37,1594.0,158.0
76,53,1412.96,642.79,1591.52,157.0
76,54,1404.03,642.94,1590.52,156.0
76,55,1415.52,642.36,1595.88,155.0
76,56,1412.42,642.25,1589.25,154.0
76,57,1412.96,642.92,1596.27,153.0
76,58,1407.79,642.69,1587.2,152.0
76,59,1411.29,642.24,1583.07,151.0
76,60,1409.59,642.25,1596.54,150.0
76,61,1417.72,642.83,1591.85,149.0
76,62,1408.79,642.5,1593.24,148.0
76,63,1408.51,642.75,1594.93,147.0
76,64,1402.14,642.98,1591.32,146.0
76,65,1399.65,642.3,1591.88,145.0
76,66,1411.91,642.52,1590.53,144.0
76,67,1407.38,643.14,1593.91,143.0
76,68,1406.14,642.65,1579.04,142.0
76,69,1412.9,642.44,1589.48,141.0
76,70,1405.8,642.64,1592.01,140.0
76,71,1405.8,642.71,1595.72,139.0
76,72,1408.26,643.28,1588.28,138.0
76,73,1407.24,642.49,1594.55,137.0
76,74,1415.08,642.58,1586.85,136.0
76,75,1409.7,643.02,1591.5,135.0
76,76,1410.62,643.16,1597.66,134.0
76,77,1407.34,642.71,1592.49,133.0
76,78,1418.2,642.67,1590.02,132.0
76,79,1416.18,642.59,1594.75,131.0
76,80,1412.23,642.06,1590.42,130.0
76,81,1409.26,643.21,1591.66,129.0
76,82,1407.49,642.56,1587.65,128.0
76,83,1410.64,642.31,1588.36,127.0
76,84,1407.42,642.86,1581.31,126.0
76,85,1418.11,642.6,1587.36,125.0
76,86,1410.71,642.81,1590.36,124.0
76,87,1408.85,642.38,1587.63,123.0
76,88,1407.79,643.54,1582.14,122.0
76,89,1407.87,642.77,1597.12,121.0
76,90,1398.85,642.59,1589.06,120.0
76,91,1413.26,643.12,1593.62,119.0
76,92,1416.45,643.25,1593.4,118.0
76,93,1407.74,642.67,1592.08,117.0
76,94,1408.59,642.81,1592.55,116.0
76,95,1412.31,642.48,1592.86,115.0
76,96,1413.44,642.72,1592.69,114.0
76,97,1405.01,642.78,1590.59,113.0
76,98,1409.39,642.95,1586.11,112.0
76,99,1415.76,642.57,1596.96,111.0
76,100,1412.16,642.31,1593.01,110.0
76,101,1413.31,642.8,1591.09,109.0
76,102,1410.6,643.3,1591.86,108.0
76,103,1407.79,642.87,1590.79,107.0
76,104,1410.51,642.7,1591.14,106.0
76,105,1415.93,643.38,1595.96,105.0
76,106,1411.88,641.8,1589.79,104.0
76,107,1414.59,641.83,1596.35,103.0
76,108,1406.66,643.38,1586.86,102.0
76,109,1409.06,642.61,1588.91,101.0
76,110,1413.74,642.89,1586.45,100.0
76,111,1409.76,643.23,1593.21,99.0
76,112,1401.48,642.79,1589.74,98.0
76,113,1412.07,642.36,1592.78,97.0
76,114,1417.0,643.15,1591.32,96.0
76,115,1407.9,642.85,1585.78,95.0
76,116,1417.13,642.64,1599.91,94.0
76,117,1410.02,643.08,1593.6,93.0
76,118,1410.93,642.88,1594.06,92.0
76,119,1417.37,642.47,1595.02,91.0
76,120,1412.59,643.23,1590.11,90.0
76,121,1406.64,642.67,1595.6,89.0
76,122,1419.4,642.92,1590.01,88.0
76,123,1411.59,642.39,1600.49,87.0
76,124,1415.77,643.18,1588.77,86.0
76,125,1412.86,643.4,1594.35,85.0
76,126,1404.5,642.57,1595.55,84.0
76,127,1409.22,642.93,1587.23,83.0
76,128,1410.86,642.83,1591.49,82.0
76,129,1414.98,642.54,1590.63,81.0
76,130,1412.81,643.09,1597.94,80.0
76,131,1414.17,642.98,1587.01,79.0
76,132,1418.37,643.05,1585.52,78.0
76,133,1417.59,643.44,1593.34,77.0
76,134,1406.79,642.92,1589.07,76.0
76,135,1404.9,643.12,1595.07,75.0
76,136,1414.83,643.03,1591.58,74.0
76,137,1422.7,643.08,1585.51,73.0
76,138,1410.09,642.96,1589.14,72.0
76,139,1420.06,643.14,1597.68,71.0
76,140,1409.48,643.04,1597.59,70.0
76,141,1414.03,642.47,1594.46,69.0
76,142,1414.87,642.86,1594.47,68.0
76,143,1409.84,642.61,1591.33,67.0
76,144,1414.19,643.05,1595.93,66.0
76,145,1413.91,643.1,1600.23,65.0
76,146,1412.32,642.81,1585.03,64.0
76,147,1427.18,643.14,1591.83,63.0
76,148,1409.79,643.21,1592.54,62.0
76,149,1416.43,642.65,1594.84,61.0
76,150,1413.11,643.17,1592.61,60.0
76,151,1418.34,642.83,1587.82,59.0
76,152,1407.12,642.98,1601.75,58.0
76,153,1419.68,642.67,1594.61,57.0
76,154,1417.56,643.25,1598.99,56.0
76,155,1418.81,643.05,1588.4,55.0
76,156,1414.96,643.21,1594.88,54.0
76,157,1421.11,643.13,1596.61,53.0
76,158,1417.37,643.02,1588.92,52.0
76,159,1414.0,642.98,1591.58,51.0
76,160,1423.69,643.16,1596.66,50.0
76,161,1412.0,642.9,1598.75,49.0
76,162,1420.94,643.12,1599.19,48.0
76,163,1410.46,643.29,1594.52,47.0
76,164,1417.9,643.39,1602.06,46.0
76,165,1421.2,643.04,1592.53,45.0
76,166,1421.77,642.81,1597.35,44.0
76,167,1420.25,642.99,1594.19,43.0
76,168,1425.95,643.42,1601.18,42.0
76,169,1423.65,643.11,1591.17,41.0
76,170,1417.72,643.21,1599.05,40.0
76,171,1413.65,643.16,1591.5,39.0
76,172,1419.89,643.12,1595.0,38.0
76,173,1414.88,643.46,1594.78,37.0
76,174,1417.62,643.11,1595.92,36.0
76,175,1420.21,643.51,1591.72,35.0
76,176,1423.9,643.14,1602.66,34.0
76,177,1426.06,643.63,1599.51,33.0
76,178,1416.3,642.83,1599.41,32.0
76,179,1408.28,643.43,1594.65,31.0
76,180,1425.27,642.9,1596.91,30.0
76,181,1424.68,643.27,1590.19,29.0
76,182,1425.89,643.71,1599.19,28.0
76,183,1415.11,643.4,1595.59,27.0
76,184,1425.54,643.57,1595.96,26.0
76,185,1420.64,643.37,1599.18,25.0
76,186,1419.68,643.64,1597.71,24.0
76,187,1424.33,643.04,1600.11,23.0
76,188,1423.94,643.14,1604.62,22.0
76,189,1421.56,643.24,1600.68,21.0
76,190,1416.46,643.81,1597.63,20.0
76,191,1420.41,642.86,1593.94,19.0
76,192,1430.34,643.66,1595.93,18.0
76,193,1421.35,643.3,1595.24,17.0
76,194,1423.71,643.7,1599.47,16.0
76,195,1421.4,643.72,1602.47,15.0
76,196,1420.14,643.98,1596.85,14.0
76,197,1420.9,643.51,1601.93,13.0
76,198,1422.14,643.48,1599.38,12.0
76,199,1429.56,643.42,1601.28,11.0
76,200,1424.86,643.93,1601.24,10.0
76,201,1428.07,643.42,1597.56,9.0
76,202,1427.6,643.58,1603.94,8.0
76,203,1428.37,643.92,1603.83,7.0
76,204,1430.9,643.86,1599.62,6.0
76,205,1422.82,643.52,1605.57,5.0
76,206,1429.55,643.98,1600.8,4.0
76,207,1424.96,643.26,1599.16,3.0
76,208,1432.06,643.64,1606.72,2.0
76,209,1431.35,643.73,1603.22,1.0
76,210,1432.07,643.67,1598.61,0.0
77,1,1411.32,642.62,1591.75,153.0
77,2,1406.97,642.46,1591.88,152.0
77,3,1400.54,641.78,1585.31,151.0
77,4,1410.04,642.71,1592.71,150.0
77,5,1405.8,642.09,1587.59,149.0
77,6,1405.66,642.85,1586.86,148.0
77,7,1417.79,642.26,1583.78,147.0
77,8,1405.13,642.4,1587.29,146.0
77,9,1407.47,642.72,1589.08,145.0
77,10,1407.97,642.83,1584.97,144.0
77,11,1407.13,643.13,1582.29,143.0
77,12,1406.0,642.3,1591.82,142.0
77,13,1402.71,642.12,1588.45,141.0
77,14,1406.71,642.69,1590.52,140.0
77,15,1404.48,642.65,1587.02,139.0
77,16,1400.29,642.6,1583.71,138.0
77,17,1406.36,642.83,1586.01,137.0
77,18,1402.4,642.29,1585.14,136.0
77,19,1404.29,642.3,1583.71,135.0
77,20,1406.3,642.78,1586.51,134.0
77,21,1409.51,642.48,1586.09,133.0
77,22,1401.52,642.65,1589.23,132.0
77,23,1405.51,642.91,1594.68,131.0
77,24,1401.67,642.78,1589.04,130.0
77,25,1409.97,642.53,1588.28,129.0
77,26,1408.38,642.75,1590.76,128.0
77,27,1403.69,642.43,1581.6,127.0
77,28,1411.83,642.81,1591.61,126.0
77,29,1406.42,642.53,1591.34,125.0
77,30,1408.42,642.64,1590.8,124.0
77,31,1410.95,642.86,1584.4,123.0
77,32,1409.97,642.58,1590.54,122.0
77,33,1413.26,643.09,1592.54,121.0
77,34,1412.17,642.57,1586.78,120.0
77,35,1411.6,643.15,1583.88,119.0
77,36,1407.96,642.86,1594.03,118.0
77,37,1407.27,642.86,1587.77,117.0
77,38,1405.38,642.72,1597.55,116.0
77,39,1404.44,642.61,1593.84,115.0
77,40,1414.29,642.44,1591.76,114.0
77,41,1411.2,642.88,1587.79,113.0
77,42,1413.4,642.37,1591.22,112.0
77,43,1407.35,642.08,1589.69,111.0
77,44,1410.17,642.44,1587.27,110.0
77,45,1402.95,642.74,1587.64,109.0
77,46,1409.79,642.68,1582.92,108.0
77,47,1409.03,642.47,1583.7,107.0
77,48,1410.16,642.42,1597.41,106.0
77,49,1403.2,642.48,1580.52,105.0
77,50,1409.9,642.82,1589.72,104.0
77,51,1409.17,642.27,1588.62,103.0
77,52,1408.6,642.49,1582.17,102.0
77,53,1400.69,642.44,1596.23,101.0
77,54,1415.77,642.93,1591.77,100.0
77,55,1405.16,642.2,1594.71,99.0
77,56,1405.53,642.37,1588.1,98.0
77,57,1408.03,642.13,1583.93,97.0
77,58,1410.33,642.84,1598.44,96.0
77,59,1414.84,642.95,1590.79,95.0
77,60,1411.12,642.97,1589.3,94.0
77,61,1407.62,642.75,1585.58,93.0
77,62,1404.54,642.47,1588.19,92.0
77,63,1411.6,642.97,1585.94,91.0
77,64,1408.5,642.98,1586.2,90.0
77,65,1407.15,642.57,1588.21,89.0
77,66,1403.97,642.62,1587.43,88.0
77,67,1400.57,642.73,1583.73,87.0
77,68,1409.43,643.13,1592.02,86.0
77,69,1415.08,642.85,1592.74,85.0
77,70,1404.1,642.72,1589.98,84.0
77,71,1410.37,642.39,1587.44,83.0
77,72,1407.45,642.67,1593.31,82.0
77,73,1406.97,642.68,1591.07,81.0
77,74,1406.81,642.39,1588.72,80.0
77,75,1408.78,642.6,1585.52,79.0
77,76,1408.48,642.63,1590.84,78.0
77,77,1410.47,642.29,1595.03,77.0
77,78,1410.18,643.19,1597.73,76.0
77,79,1413.98,642.43,1594.06,75.0
77,80,1408.73,643.81,1583.38,74.0
77,81,1410.62,642.81,1585.68,73.0
77,82,1408.56,642.3,1590.81,72.0
77,83,1413.41,643.13,1577.92,71.0
77,84,1411.57,642.88,1589.73,70.0
77,85,1414.03,642.85,1582.0,69.0
77,86,1414.83,643.33,1592.79,68.0
77,87,1410.93,642.52,1591.29,67.0
77,88,1411.6,643.05,1586.76,66.0
77,89,1416.13,642.23,1595.81,65.0
77,90,1411.4,642.68,1596.51,64.0
77,91,1410.94,642.79,1591.8,63.0
77,92,1410.71,642.93,1590.2,62.0
77,93,1416.97,642.94,1591.57,61.0
77,94,1412.86,642.91,1596.19,60.0
77,95,1413.47,643.66,1596.08,59.0
77,96,1410.49,642.85,1588.31,58.0
77,97,1415.41,643.2,1591.43,57.0
77,98,1410.02,643.21,1591.89,56.0
77,99,1419.78,642.69,1593.86,55.0
77,100,1408.58,642.58,1591.63,54.0
77,101,1418.41,643.13,1588.67,53.0
77,102,1407.1,642.87,1589.1,52.0
77,103,1418.63,642.8,1593.24,51.0
77,104,1412.38,642.61,1593.13,50.0
77,105,1410.11,642.89,1598.96,49.0
77,106,1413.62,642.87,1594.48,48.0
77,107,1416.49,642.78,1596.86,47.0
77,108,1413.1,642.97,1584.63,46.0
77,109,1414.81,642.78,1590.58,45.0
77,110,1410.16,643.02,1592.21,44.0
77,111,1413.97,642.9,1598.66,43.0
77,112,1409.7,643.05,1592.8,42.0
77,113,1420.67,643.13,1595.98,41.0
77,114,1411.73,643.29,1587.44,40.0
77,115,1418.29,642.53,1593.62,39.0
77,116,1411.88,642.97,1587.52,38.0
77,117,1420.44,643.32,1590.98,37.0
77,118,1410.66,643.37,1601.89,36.0
77,119,1420.46,643.05,1592.65,35.0
77,120,1409.15,643.01,1595.5,34.0
77,121,1419.72,643.01,1588.1,33.0
77,122,1412.66,642.9,1594.92,32.0
77,123,1416.1,643.04,1589.03,31.0
77,124,1416.74,643.03,1590.52,30.0
77,125,1418.51,643.06,1599.57,29.0
77,126,1417.47,642.93,1593.37,28.0
77,127,1424.27,643.48,1592.36,27.0
77,128,1421.89,643.2,1599.17,26.0
77,129,1417.15,643.55,1590.15,25.0
77,130,1422.54,643.02,1595.82,24.0
77,131,1412.71,643.06,1596.61,23.0
77,132,1420.27,643.38,1602.24,22.0
77,133,1418.03,643.06,1590.19,21.0
77,134,1417.9,643.66,1595.34,20.0
77,135,1419.16,643.37,1592.53,19.0
77,136,1409.57,643.98,1591.07,18.0
77,137,1417.29,642.93,1606.2,17.0
77,138,1419.0,643.14,1608.28,16.0
77,139,1419.03,643.41,1601.91,15.0
77,140,1423.24,643.24,1596.97,14.0
77,141,1416.6,643.09,1602.25,13.0
77,142,1426.77,643.02,1593.8,12.0
77,143,1421.85,643.27,1606.55,11.0
77,144,1423.96,643.87,1599.52,10.0
77,145,1426.0,643.03,1599.24,9.0
77,146,1423.84,643.12,1606.96,8.0
77,147,1419.2,642.92,1598.62,7.0
77,148,1426.85,643.52,1590.78,6.0
77,149,1428.06,643.52,1602.14,5.0
77,150,1430.02,643.87,1599.88,4.0
77,151,1425.5,643.35,1603.88,3.0
77,152,1427.02,643.79,1606.27,2.0
77,153,1426.15,643.81,1607.37,1.0
77,154,1423.58,643.49,1601.95,0.0
78,1,1395.1,642.0,1587.5,230.0
78,2,1394.24,641.45,1586.11,229.0
78,3,1396.56,641.96,1586.33,228.0
78,4,1396.67,642.14,1591.12,227.0
78,5,1399.11,642.0,1578.97,226.0
78,6,1401.36,641.69,1579.1,225.0
78,7,1401.27,641.56,1584.97,224.0
78,8,1391.06,642.05,1583.58,223.0
78,9,1392.94,642.18,1589.59,222.0
78,10,1398.76,641.91,1584.85,221.0
78,11,1402.4,642.15,1580.93,220.0
78,12,1393.63,641.5,1576.39,219.0
78,13,1402.26,642.06,1587.39,218.0
78,14,1396.1,642.42,1581.03,217.0
78,15,1402.63,641.91,1580.52,216.0
78,16,1394.54,641.58,1585.95,215.0
78,17,1395.12,641.97,1585.03,214.0
78,18,1396.83,642.19,1582.07,213.0
78,19,1398.36,642.18,1590.55,212.0
78,20,1394.47,642.29,1572.67,211.0
78,21,1393.77,642.0,1589.19,210.0
78,22,1394.89,642.15,1581.67,209.0
78,23,1394.03,641.47,1590.37,208.0
78,24,1393.2,641.77,1584.09,207.0
78,25,1397.0,642.11,1582.28,206.0
78,26,1395.33,642.14,1583.98,205.0
78,27,1391.44,641.79,1580.41,204.0
78,28,1396.32,642.0,1583.3,203.0
78,29,1393.15,641.76,1587.66,202.0
78,30,1391.41,642.45,1590.95,201.0
78,31,1388.26,642.18,1589.18,200.0
78,32,1382.25,642.22,1580.42,199.0
78,33,1397.92,642.02,1578.83,198.0
78,34,1395.04,641.9,1582.77,197.0
78,35,1399.52,641.66,1581.09,196.0
78,36,1402.15,642.0,1582.28,195.0
78,37,1400.5,642.69,1583.05,194.0
78,38,1397.51,641.69,1590.53,193.0
78,39,1392.81,642.21,1586.08,192.0
78,40,1392.93,641.73,1577.8,191.0
78,41,1404.02,642.02,1589.95,190.0
78,42,1396.27,642.31,1586.48,189.0
78,43,1397.63,642.65,1579.28,188.0
78,44,1394.42,642.09,1588.84,187.0
78,45,1399.3,642.51,1584.36,186.0
78,46,1396.86,642.35,1581.22,185.0
78,47,1391.02,641.82,1583.15,184.0
78,48,1395.83,641.9,1584.07,183.0
78,49,1393.43,642.2,1579.41,182.0
78,50,1392.53,641.64,1584.88,181.0
78,51,1401.62,642.39,1585.03,180.0
78,52,1390.91,642.29,1579.12,179.0
78,53,1396.16,641.97,1572.46,178.0
78,54,1394.73,641.85,1579.43,177.0
78,55,1388.25,641.55,1587.66,176.0
78,56,1397.7,641.97,1587.21,175.0
78,57,1393.11,642.3,1582.75,174.0
78,58,1409.24,641.86,1586.23,173.0
78,59,1394.46,642.34,1591.43,172.0
78,60,1394.66,642.27,1580.72,171.0
78,61,1396.71,641.79,1588.09,170.0
78,62,1403.44,642.01,1579.61,169.0
78,63,1399.13,641.76,1591.07,168.0
78,64,1397.25,642.09,1579.69,167.0
78,65,1394.86,642.49,1581.95,166.0
78,66,1399.64,641.69,1586.59,165.0
78,67,1393.91,642.1,1583.62,164.0
78,68,1399.83,642.18,1586.33,163.0
78,69,1389.95,641.81,1586.41,162.0
78,70,1391.43,642.05,1585.08,161.0
78,71,1397.47,642.1,1583.49,160.0
78,72,1400.88,642.22,1575.4,159.0
78,73,1392.86,642.41,1588.83,158.0
78,74,1400.4,642.8,1585.88,157.0
78,75,1399.97,642.06,1583.69,156.0
78,76,1395.47,641.94,1585.62,155.0
78,77,1397.49,642.16,1583.03,154.0
78,78,1400.32,642.81,1580.73,153.0
78,79,1397.93,642.43,1591.9,152.0
78,80,1396.77,641.86,1587.43,151.0
78,81,1405.43,641.52,1581.96,150.0
78,82,1392.83,642.23,1580.34,149.0
78,83,1391.58,642.12,1590.83,148.0
78,84,1402.33,642.09,1581.32,147.0
78,85,1399.85,641.98,1585.81,146.0
78,86,1402.95,642.72,1585.99,145.0
78,87,1398.11,642.37,1584.91,144.0
78,88,1395.69,642.6,1589.02,143.0
78,89,1401.71,641.93,1588.07,142.0
78,90,1407.61,642.49,1586.05,141.0
78,91,1396.73,641.76,1587.4,140.0
78,92,1399.05,642.37,1585.87,139.0
78,93,1400.36,641.81,1575.74,138.0
78,94,1399.23,642.29,1586.88,137.0
78,95,1395.9,642.09,1580.71,136.0
78,96,1404.09,641.95,1585.83,135.0
78,97,1398.16,642.5,1581.51,134.0
78,98,1399.66,642.19,1576.65,133.0
78,99,1399.98,641.79,1583.97,132.0
78,100,1401.7,641.5,1586.11,131.0
78,101,1397.89,642.69,1583.12,130.0
78,102,1396.87,642.34,1585.71,129.0
78,103,1401.61,642.7,1583.29,128.0
78,104,1396.57,641.72,1586.81,127.0
78,105,1400.37,642.66,1584.55,126.0
78,106,1398.42,642.4,1587.69,125.0
78,107,1397.81,641.7,1579.04,124.0
78,108,1396.87,641.9,1581.3,123.0
78,109,1403.96,641.91,1580.32,122.0
78,110,1400.21,642.41,1586.47,121.0
78,111,1407.24,642.04,1587.48,120.0
78,112,1408.6,642.58,1589.46,119.0
78,113,1397.83,642.87,1586.97,118.0
78,114,1401.24,642.58,1582.74,117.0
78,115,1392.88,642.43,1590.86,116.0
78,116,1400.17,642.06,1588.22,115.0
78,117,1396.06,641.81,1585.26,114.0
78,118,1397.99,642.28,1581.92,113.0
78,119,1394.26,642.58,1579.99,112.0
78,120,1391.51,642.17,1584.44,111.0
78,121,1400.04,642.35,1581.19,110.0
78,122,1398.27,642.31,1584.89,109.0
78,123,1405.09,642.09,1577.55,108.0
78,124,1398.14,642.23,1587.56,107.0
78,125,1401.99,642.45,1588.88,106.0
78,126,1404.81,642.51,1582.6,105.0
78,127,1397.96,642.74,1578.88,104.0
78,128,1400.63,642.07,1589.93,103.0
78,129,1398.81,641.98,1587.68,102.0
78,130,1401.55,642.43,1586.05,101.0
78,131,1398.44,642.14,1579.85,100.0
78,132,1402.59,642.5,1587.02,99.0
78,133,1400.57,642.15,1584.59,98.0
78,134,1396.56,642.41,1595.16,97.0
78,135,1395.0,642.29,1579.77,96.0
78,136,1402.16,642.68,1593.67,95.0
78,137,1409.95,642.2,1588.61,94.0
78,138,1402.32,642.34,1584.42,93.0
78,139,1404.32,642.45,1583.62,92.0
78,140,1407.66,642.39,1585.01,91.0
78,141,1400.58,642.26,1592.69,90.0
78,142,1402.28,642.48,1579.28,89.0
78,143,1401.61,642.29,1588.2,88.0
78,144,1408.29,642.9,1589.73,87.0
78,145,1401.5,642.3,1591.72,86.0
78,146,1398.76,642.29,1591.29,85.0
78,147,1404.29,642.16,1584.68,84.0
78,148,1403.41,642.6,1582.93,83.0
78,149,1403.59,642.82,1583.95,82.0
78,150,1401.2,642.2,1594.49,81.0
78,151,1411.26,642.32,1580.65,80.0
78,152,1398.44,642.04,1591.17,79.0
78,153,1404.44,642.41,1585.18,78.0
78,154,1404.26,642.47,1585.71,77.0
78,155,1404.33,642.53,1588.23,76.0
78,156,1401.77,642.54,1578.55,75.0
78,157,1406.25,642.64,1589.6,74.0
78,158,1408.57,642.33,1584.5,73.0
78,159,1409.57,642.81,1593.32,72.0
78,160,1399.41,642.86,1591.46,71.0
78,161,1407.09,642.27,1589.57,70.0
78,162,1401.03,641.87,1587.83,69.0
78,163,1408.58,642.6,1589.06,68.0
78,164,1411.14,642.28,1590.37,67.0
78,165,1410.16,642.77,1591.73,66.0
78,166,1397.17,642.89,1593.78,65.0
78,167,1407.23,642.73,1586.11,64.0
78,168,1410.55,642.17,1583.08,63.0
78,169,1415.63,642.39,1592.26,62.0
78,170,1405.41,642.5,1596.75,61.0
78,171,1404.6,642.76,1588.0,60.0
78,172,1401.5,642.53,1585.42,59.0
78,173,1417.13,642.11,1587.56,58.0
78,174,1404.92,642.74,1587.1,57.0
78,175,1408.0,642.96,1593.69,56.0
78,176,1409.28,642.44,1594.83,55.0
78,177,1409.43,642.52,1591.31,54.0
78,178,1403.64,642.7,1594.99,53.0
78,179,1418.53,643.22,1584.8,52.0
78,180,1411.99,642.75,1593.12,51.0
78,181,1409.75,642.8,1595.24,50.0
78,182,1410.41,643.13,1591.25,49.0
78,183,1408.73,642.96,1596.74,48.0
78,184,1412.38,642.82,1591.95,47.0
78,185,1411.93,642.61,1592.09,46.0
78,186,1413.42,642.83,1590.4,45.0
78,187,1419.49,642.5,1591.34,44.0
78,188,1419.84,642.76,1592.48,43.0
78,189,1412.0,642.62,1588.96,42.0
78,190,1403.35,642.96,1591.33,41.0
78,191,1412.22,642.89,1585.86,40.0
78,192,1411.91,643.15,1590.94,39.0
78,193,1415.67,642.77,1587.35,38.0
78,194,1415.34,642.97,1590.03,37.0
78,195,1416.93,642.79,1589.34,36.0
78,196,1410.65,642.83,1592.59,35.0
78,197,1419.44,643.01,1592.51,34.0
78,198,1413.52,643.38,1594.96,33.0
78,199,1409.31,642.94,1598.32,32.0
78,200,1422.66,643.1,1592.34,31.0
78,201,1415.29,642.49,1597.12,30.0
78,202,1419.26,642.41,1593.07,29.0
78,203,1421.67,643.26,1584.91,28.0
78,204,1416.94,643.02,1593.48,27.0
78,205,1407.02,642.94,1591.58,26.0
78,206,1414.57,643.36,1596.39,25.0
78,207,1420.06,643.58,1589.89,24.0
78,208,1416.01,642.87,1600.56,23.0
78,209,1414.74,643.86,1594.65,22.0
78,210,1422.91,643.15,1599.74,21.0
78,211,1422.0,642.98,1598.78,20.0
78,212,1418.48,643.65,1594.42,19.0
78,213,1418.35,642.75,1601.66,18.0
78,214,1410.89,643.13,1597.39,17.0
78,215,1427.22,643.21,1599.05,16.0
78,216,1422.28,643.03,1605.16,15.0
78,217,1426.78,643.51,1593.85,14.0
78,218,1423.47,643.45,1603.88,13.0
78,219,1420.58,643.68,1605.06,12.0
78,220,1422.61,643.39,1594.57,11.0
78,221,1420.09,643.57,1602.14,10.0
78,222,1422.12,643.64,1603.29,9.0
78,223,1416.23,643.3,1597.67,8.0
78,224,1416.47,643.92,1600.49,7.0
78,225,1427.31,643.99,1605.76,6.0
78,226,1431.88,643.61,1601.54,5.0
78,227,1427.2,643.81,1604.31,4.0
78,228,1421.88,643.87,1603.2,3.0
78,229,1428.77,643.45,1596.39,2.0
78,230,1432.4,643.2,1603.23,1.0
78,231,1428.33,643.23,1596.6,0.0
79,1,1392.78,642.22,1581.77,198.0
79,2,1399.23,641.97,1582.13,197.0
79,3,1398.1,642.15,1584.59,196.0
79,4,1396.11,641.71,1584.17,195.0
79,5,1397.45,642.15,1582.11,194.0
79,6,1396.57,642.6,1582.13,193.0
79,7,1406.71,642.03,1584.75,192.0
79,8,1395.5,642.73,1583.71,191.0
79,9,1396.6,642.52,1585.8,190.0
79,10,1396.27,642.29,1588.6,189.0
79,11,1397.42,642.27,1576.89,188.0
79,12,1403.56,641.97,1592.16,187.0
79,13,1402.22,641.94,1580.59,186.0
79,14,1404.11,642.01,1584.95,185.0
79,15,1400.17,642.01,1589.19,184.0
79,16,1397.89,642.53,1577.53,183.0
79,17,1388.86,642.2,1580.36,182.0
79,18,1395.44,641.98,1585.41,181.0
79,19,1399.96,642.53,1588.12,180.0
79,20,1401.72,642.74,1576.83,179.0
79,21,1400.49,641.9,1580.28,178.0
79,22,1396.46,642.15,1581.45,177.0
79,23,1389.47,642.35,1582.6,176.0
79,24,1395.4,642.26,1582.97,175.0
79,25,1394.52,641.3,1576.55,174.0
79,26,1403.72,642.25,1588.8,173.0
79,27,1395.64,642.1,1587.27,172.0
79,28,1400.84,642.88,1588.64,171.0
79,29,1396.78,641.95,1587.44,170.0
79,30,1407.03,642.06,1582.3,169.0
79,31,1408.4,642.18,1581.59,168.0
79,32,1406.35,641.83,1586.54,167.0
79,33,1388.79,641.5,1584.15,166.0
79,34,1400.16,642.53,1577.16,165.0
79,35,1392.52,642.59,1583.42,164.0
79,36,1401.54,642.62,1580.53,163.0
79,37,1397.4,642.13,1582.42,162.0
79,38,1396.45,642.1,1577.93,161.0
79,39,1395.43,641.46,1584.44,160.0
79,40,1392.94,642.4,1588.45,159.0
79,41,1401.86,642.06,1585.17,158.0
79,42,1401.35,642.17,1590.6,157.0
79,43,1398.86,642.13,1585.89,156.0
79,44,1396.25,642.15,1581.65,155.0
79,45,1400.72,642.53,1581.2,154.0
79,46,1403.02,641.97,1584.78,153.0
79,47,1399.93,642.57,1583.98,152.0
79,48,1399.48,641.9,1582.76,151.0
79,49,1398.67,642.59,1582.36,150.0
79,50,1397.8,641.99,1586.44,149.0
79,51,1407.42,641.61,1580.53,148.0
79,52,1396.54,642.03,1579.55,147.0
79,53,1396.89,642.25,1583.89,146.0
79,54,1391.96,642.36,1579.7,145.0
79,55,1398.21,642.62,1576.89,144.0
79,56,1393.54,641.98,1576.72,143.0
79,57,1397.54,641.99,1582.94,142.0
79,58,1398.07,642.46,1589.58,141.0
79,59,1396.2,642.0,1576.18,140.0
79,60,1399.59,642.59,1586.38,139.0
79,61,1399.19,641.54,1586.96,138.0
79,62,1405.61,641.98,1585.77,137.0
79,63,1392.37,642.94,1582.5,136.0
79,64,1394.11,641.92,1583.98,135.0
79,65,1403.53,641.96,1584.58,134.0
79,66,1396.63,642.22,1577.15,133.0
79,67,1397.55,641.92,1589.63,132.0
79,68,1402.36,642.36,1582.22,131.0
79,69,1401.78,642.48,1589.64,130.0
79,70,1402.99,642.62,1581.51,129.0
79,71,1391.91,641.86,1581.77,128.0
79,72,1404.95,642.77,1582.62,127.0
79,73,1401.56,641.81,1589.23,126.0
79,74,1392.32,642.22,1587.3,125.0
79,75,1400.66,642.16,1588.78,124.0
79,76,1403.52,641.32,1581.1,123.0
79,77,1397.73,642.25,1586.14,122.0
79,78,1403.1,641.68,1586.43,121.0
79,79,1398.51,642.8,1582.95,120.0
79,80,1402.16,642.32,1589.41,119.0
79,81,1402.01,641.27,1581.91,118.0
79,82,1394.09,641.72,1585.22,117.0
79,83,1395.38,642.03,1581.53,116.0
79,84,1398.9,642.16,1588.24,115.0
79,85,1404.92,641.99,1592.25,114.0
79,86,1399.52,642.81,1580.2,113.0
79,87,1403.08,642.07,1577.99,112.0
79,88,1399.39,641.91,1590.86,111.0
79,89,1402.34,642.3,1596.27,110.0
79,90,1403.67,642.39,1587.3,109.0
79,91,1401.77,642.52,1585.19,108.0
79,92,1402.59,642.46,1586.99,107.0
79,93,1403.85,642.33,1591.24,106.0
79,94,1397.32,642.35,1586.82,105.0
79,95,1401.3,642.2,1593.69,104.0
79,96,1387.56,642.53,1583.77,103.0
79,97,1400.54,642.22,1588.49,102.0
79,98,1391.78,641.58,1591.53,101.0
79,99,1402.92,642.31,1584.4,100.0
79,100,1400.83,642.42,1579.58,99.0
79,101,1404.47,642.56,1590.38,98.0
79,102,1397.16,642.02,1582.58,97.0
79,103,1401.67,642.55,1588.47,96.0
79,104,1398.54,642.67,1579.46,95.0
79,105,1401.47,642.52,1588.05,94.0
79,106,1400.31,642.15,1589.71,93.0
79,107,1399.01,642.81,1579.71,92.0
79,108,1405.78,642.21,1587.36,91.0
79,109,1402.45,642.39,1586.98,90.0
79,110,1398.8,642.65,1591.2,89.0
79,111,1399.99,642.33,1585.7,88.0
79,112,1403.27,642.41,1586.33,87.0
79,113,1402.37,642.58,1595.96,86.0
79,114,1407.51,642.23,1594.48,85.0
79,115,1401.9,642.4,1590.68,84.0
79,116,1408.75,642.36,1587.95,83.0
79,117,1398.82,642.28,1586.4,82.0
79,118,1404.94,642.53,1588.76,81.0
79,119,1405.75,642.53,1585.0,80.0
79,120,1399.13,642.1,1595.73,79.0
79,121,1408.12,642.0,1592.53,78.0
79,122,1413.11,642.23,1587.52,77.0
79,123,1403.23,642.54,1584.87,76.0
79,124,1406.9,642.5,1584.6,75.0
79,125,1406.32,642.46,1585.75,74.0
79,126,1407.64,641.97,1579.81,73.0
79,127,1400.55,642.11,1591.89,72.0
79,128,1403.55,642.73,1589.36,71.0
79,129,1403.0,642.37,1585.87,70.0
79,130,1410.22,642.51,1582.33,69.0
79,131,1405.16,642.0,1588.48,68.0
79,132,1404.85,642.49,1591.23,67.0
79,133,1409.27,642.46,1591.96,66.0
79,134,1400.78,642.6,1590.03,65.0
79,135,1406.88,642.4,1586.23,64.0
79,136,1411.99,641.96,1593.44,63.0
79,137,1406.64,642.53,1600.35,62.0
79,138,1404.33,642.54,1590.44,61.0
79,139,1405.56,642.74,1592.47,60.0
79,140,1405.95,642.38,1592.36,59.0
79,141,1415.1,642.27,1586.0,58.0
79,142,1408.67,642.69,1582.84,57.0
79,143,1407.43,642.31,1587.76,56.0
79,144,1402.33,642.69,1591.61,55.0
79,145,1415.89,642.85,1595.85,54.0
79,146,1404.22,641.9,1584.69,53.0
79,147,1405.92,642.47,1589.64,52.0
79,148,1406.01,642.99,1590.75,51.0
79,149,1412.43,643.15,1586.4,50.0
79,150,1412.21,642.02,1590.91,49.0
79,151,1408.25,643.4,1584.04,48.0
79,152,1412.73,642.95,1593.53,47.0
79,153,1410.75,642.8,1584.81,46.0
79,154,1400.4,642.59,1595.6,45.0
79,155,1407.43,642.79,1586.28,44.0
79,156,1405.27,642.9,1586.72,43.0
79,157,1406.43,643.18,1598.58,42.0
79,158,1403.7,642.63,1591.16,41.0
79,159,1413.13,642.76,1589.61,40.0
79,160,1412.32,642.12,1592.33,39.0
79,161,1412.49,642.73,1592.2,38.0
79,162,1409.63,642.92,1597.34,37.0
79,163,1411.94,643.01,1587.46,36.0
79,164,1420.25,642.99,1593.49,35.0
79,165,1408.09,642.96,1593.1,34.0
79,166,1413.47,642.78,1596.73,33.0
79,167,1412.78,642.97,1593.17,32.0
79,168,1419.5,643.02,1591.19,31.0
79,169,1409.62,642.19,1594.26,30.0
79,170,1410.52,643.15,1590.61,29.0
79,171,1417.47,642.75,1597.24,28.0
79,172,1413.72,642.32,1590.48,27.0
79,173,1415.91,642.72,1604.92,26.0
79,174,1412.85,643.29,1595.9,25.0
79,175,1420.88,642.94,1590.51,24.0
79,176,1418.08,642.78,1593.24,23.0
79,177,1414.12,643.15,1598.9,22.0
79,178,1421.72,643.31,1595.94,21.0
79,179,1414.17,642.88,1596.35,20.0
79,180,1422.26,643.61,1598.56,19.0
79,181,1418.04,643.03,1601.1,18.0
79,182,1418.08,643.1,1593.39,17.0
79,183,1411.4,643.33,1598.94,16.0
79,184,1420.6,643.22,1595.07,15.0
79,185,1423.72,643.34,1603.8,14.0
79,186,1421.79,643.22,1601.55,13.0
79,187,1424.25,643.7,1600.66,12.0
79,188,1428.14,643.17,1605.33,11.0
79,189,1424.73,642.99,1603.0,10.0
79,190,1427.9,642.99,1604.81,9.0
79,191,1429.15,643.15,1603.83,8.0
79,192,1417.45,643.25,1598.31,7.0
79,193,1423.36,643.55,1605.53,6.0
79,194,1428.89,643.32,1599.8,5.0
79,195,1429.44,643.84,1601.67,4.0
79,196,1431.96,644.23,1597.47,3.0
79,197,1422.69,643.82,1603.82,2.0
79,198,1431.45,643.91,1606.34,1.0
79,199,1436.93,643.57,1598.35,0.0
80,1,1392.25,642.66,1588.3,184.0
80,2,1413.83,642.55,1590.37,183.0
80,3,1408.62,643.62,1586.74,182.0
80,4,1412.19,643.04,1589.6,181.0
80,5,1408.13,642.1,1587.23,180.0
80,6,1410.83,642.17,1592.74,179.0
80,7,1409.0,642.44,1590.79,178.0
80,8,1408.6,642.24,1580.72,177.0
80,9,1414.7,642.27,1580.36,176.0
80,10,1416.48,643.42,1587.59,175.0
80,11,1409.51,642.99,1593.0,174.0
80,12,1412.01,643.02,1601.02,173.0
80,13,1408.53,642.91,1586.05,172.0
80,14,1416.61,642.58,1588.22,171.0
80,15,1405.62,642.93,1595.52,170.0
80,16,1411.21,641.93,1590.07,169.0
80,17,1403.27,642.38,1588.24,168.0
80,18,1410.61,642.37,1584.99,167.0
80,19,1406.36,642.65,1588.34,166.0
80,20,1404.34,642.58,1588.29,165.0
80,21,1416.05,642.81,1592.16,164.0
80,22,1411.86,642.98,1595.58,163.0
80,23,1410.17,642.71,1579.8,162.0
80,24,1409.32,642.96,1593.27,161.0
80,25,1408.55,643.14,1597.04,160.0
80,26,1407.11,642.93,1593.45,159.0
80,27,1401.96,642.81,1593.3,158.0
80,28,1407.58,642.6,1584.15,157.0
80,29,1416.0,642.96,1584.54,156.0
80,30,1408.16,642.82,1592.69,155.0
80,31,1403.18,643.11,1592.38,154.0
80,32,1405.0,642.66,1589.59,153.0
80,33,1412.88,642.72,1591.63,152.0
80,34,1414.18,642.76,1593.83,151.0
80,35,1415.91,642.56,1588.19,150.0
80,36,1412.64,642.8,1587.58,149.0
80,37,1415.51,642.85,1585.26,148.0
80,38,1406.84,642.46,1583.13,147.0
80,39,1406.37,642.79,1581.22,146.0
80,40,1409.31,642.06,1583.56,145.0
80,41,1401.49,642.43,1592.54,144.0
80,42,1408.84,643.44,1587.71,143.0
80,43,1413.67,642.46,1582.82,142.0
80,44,1408.29,642.95,1587.97,141.0
80,45,1411.79,642.68,1591.31,140.0
80,46,1408.45,642.87,1590.05,139.0
80,47,1408.0,642.53,1586.42,138.0
80,48,1406.56,642.71,1583.68,137.0
80,49,1412.39,643.36,1588.18,136.0
80,50,1406.64,642.58,1593.51,135.0
80,51,1403.61,643.43,1593.97,134.0
80,52,1406.97,642.39,1589.67,133.0
80,53,1407.65,642.54,1589.1,132.0
80,54,1413.28,643.21,1595.43,131.0
80,55,1408.26,642.19,1590.14,130.0
80,56,1411.06,642.8,1588.49,129.0
80,57,1410.16,642.67,1589.66,128.0
80,58,1410.83,642.66,1593.6,127.0
80,59,1406.32,642.18,1590.13,126.0
80,60,1411.16,642.44,1579.75,125.0
80,61,1411.92,642.58,1589.27,124.0
80,62,1413.99,642.82,1587.98,123.0
80,63,1400.48,642.55,1589.93,122.0
80,64,1414.14,642.59,1593.67,121.0
80,65,1411.0,643.03,1587.75,120.0
80,66,1404.12,642.85,1594.71,119.0
80,67,1407.89,642.84,1594.05,118.0
80,68,1415.33,642.83,1588.48,117.0
80,69,1411.79,642.36,1591.77,116.0
80,70,1410.72,642.45,1594.06,115.0
80,71,1406.88,642.32,1593.2,114.0
80,72,1407.98,642.57,1593.52,113.0
80,73,1415.69,642.86,1590.87,112.0
80,74,1406.05,643.48,1601.68,111.0
80,75,1408.42,643.6,1589.46,110.0
80,76,1409.51,642.85,1592.64,109.0
80,77,1410.28,642.87,1592.87,108.0
80,78,1401.32,642.76,1591.6,107.0
80,79,1404.45,642.63,1585.78,106.0
80,80,1410.15,642.96,1586.68,105.0
80,81,1405.85,642.55,1588.12,104.0
80,82,1409.48,642.86,1596.78,103.0
80,83,1411.21,642.96,1592.99,102.0
80,84,1415.45,642.92,1590.97,101.0
80,85,1410.25,642.33,1585.72,100.0
80,86,1411.49,642.95,1590.41,99.0
80,87,1409.7,642.64,1586.41,98.0
80,88,1405.7,642.76,1590.81,97.0
80,89,1405.43,642.79,1583.87,96.0
80,90,1411.48,642.8,1588.53,95.0
80,91,1411.32,642.78,1592.97,94.0
80,92,1417.39,643.17,1590.56,93.0
80,93,1414.06,642.9,1593.57,92.0
80,94,1409.8,642.54,1589.39,91.0
80,95,1400.61,642.9,1590.33,90.0
80,96,1413.39,642.63,1593.16,89.0
80,97,1407.59,642.71,1586.68,88.0
80,98,1413.09,642.53,1590.54,87.0
80,99,1417.06,642.72,1590.11,86.0
80,100,1407.02,642.69,1589.76,85.0
80,101,1410.08,642.65,1594.22,84.0
80,102,1409.67,643.44,1600.94,83.0
80,103,1419.17,642.6,1592.07,82.0
80,104,1412.85,642.97,1590.89,81.0
80,105,1410.47,642.99,1591.94,80.0
80,106,1411.56,642.36,1590.1,79.0
80,107,1411.25,643.09,1589.69,78.0
80,108,1406.09,643.01,1595.06,77.0
80,109,1411.04,642.59,1589.24,76.0
80,110,1410.61,642.95,1597.32,75.0
80,111,1411.8,642.76,1596.63,74.0
80,112,1410.59,642.99,1595.11,73.0
80,113,1401.67,642.57,1596.07,72.0
80,114,1414.33,642.61,1589.67,71.0
80,115,1412.16,642.86,1586.42,70.0
80,116,1408.26,642.91,1594.63,69.0
80,117,1418.74,642.79,1586.89,68.0
80,118,1409.54,642.77,1595.99,67.0
80,119,1418.67,643.09,1591.25,66.0
80,120,1409.51,643.04,1591.85,65.0
80,121,1422.45,642.81,1588.5,64.0
80,122,1412.1,643.3,1591.84,63.0
80,123,1405.59,642.71,1589.12,62.0
80,124,1408.74,642.47,1597.49,61.0
80,125,1410.6,642.73,1596.1,60.0
80,126,1409.73,643.23,1592.89,59.0
80,127,1412.58,643.01,1592.83,58.0
80,128,1412.15,642.98,1587.53,57.0
80,129,1415.09,642.77,1586.54,56.0
80,130,1419.78,642.69,1591.97,55.0
80,131,1411.07,642.74,1590.15,54.0
80,132,1420.67,642.67,1591.88,53.0
80,133,1416.33,642.45,1598.79,52.0
80,134,1412.17,642.96,1589.73,51.0
80,135,1412.55,643.28,1595.76,50.0
80,136,1415.55,643.58,1599.97,49.0
80,137,1416.03,642.9,1587.82,48.0
80,138,1413.65,642.85,1581.19,47.0
80,139,1420.06,643.45,1594.07,46.0
80,140,1410.34,642.55,1595.82,45.0
80,141,1418.85,643.05,1590.28,44.0
80,142,1414.75,642.68,1591.87,43.0
80,143,1416.13,643.22,1597.64,42.0
80,144,1415.58,642.82,1596.02,41.0
80,145,1420.56,643.34,1596.58,40.0
80,146,1423.38,642.92,1595.09,39.0
80,147,1413.98,642.5,1596.01,38.0
80,148,1415.34,643.1,1595.0,37.0
80,149,1410.34,643.43,1598.68,36.0
80,150,1413.96,642.76,1597.23,35.0
80,151,1412.92,643.22,1599.9,34.0
80,152,1416.95,642.67,1598.65,33.0
80,153,1415.44,642.68,1595.62,32.0
80,154,1414.48,643.14,1605.31,31.0
80,155,1413.85,643.1,1600.93,30.0
80,156,1415.45,643.14,1590.76,29.0
80,157,1417.93,643.47,1597.34,28.0
80,158,1415.79,643.47,1595.66,27.0
80,159,1416.95,643.17,1596.14,26.0
80,160,1408.05,643.39,1595.93,25.0
80,161,1426.33,643.77,1598.97,24.0
80,162,1414.62,643.4,1592.82,23.0
80,163,1420.3,643.26,1597.37,22.0
80,164,1416.79,643.25,1605.13,21.0
80,165,1420.04,643.65,1602.53,20.0
80,166,1420.43,643.4,1596.57,19.0
80,167,1413.04,643.69,1601.2,18.0
80,168,1420.2,643.11,1595.81,17.0
80,169,1421.62,643.29,1595.56,16.0
80,170,1422.02,643.76,1600.43,15.0
80,171,1416.53,642.97,1600.49,14.0
80,172,1426.41,643.06,1597.59,13.0
80,173,1427.59,643.37,1605.22,12.0
80,174,1423.08,643.2,1601.97,11.0
80,175,1429.4,643.0,1600.09,10.0
80,176,1428.42,643.66,1600.14,9.0
80,177,1423.61,643.3,1603.93,8.0
80,178,1420.15,643.43,1603.07,7.0
80,179,1432.42,643.61,1613.29,6.0
80,180,1422.7,643.9,1602.87,5.0
80,181,1428.92,644.0,1604.26,4.0
80,182,1426.31,643.81,1598.32,3.0
80,183,1434.3,643.49,1603.37,2.0
80,184,1430.23,643.83,1603.01,1.0
80,185,1421.41,643.88,1606.38,0.0
81,1,1406.63,642.04,1589.91,239.0
81,2,1407.88,642.65,1586.25,238.0
81,3,1396.4,642.55,1586.42,237.0
81,4,1404.86,642.41,1594.89,236.0
81,5,1409.58,643.41,1590.49,235.0
81,6,1414.62,642.75,1589.51,234.0
81,7,1402.18,642.5,1587.88,233.0
81,8,1402.26,642.34,1592.6,232.0
81,9,1391.57,642.76,1582.13,231.0
81,10,1408.72,641.98,1593.4,230.0
81,11,1393.79,642.51,1584.68,229.0
81,12,1407.41,642.85,1587.31,228.0
81,13,1402.22,642.53,1584.34,227.0
81,14,1400.29,641.7,1586.25,226.0
81,15,1399.43,642.6,1585.05,225.0
81,16,1407.62,642.65,1586.89,224.0
81,17,1404.33,642.42,1588.44,223.0
81,18,1402.04,642.92,1585.91,222.0
81,19,1406.05,642.28,1586.1,221.0
81,20,1398.34,642.61,1589.05,220.0
81,21,1409.38,642.77,1589.51,219.0
81,22,1406.28,642.39,1584.29,218.0
81,23,1402.37,642.99,1582.68,217.0
81,24,1401.57,642.07,1591.26,216.0
81,25,1404.99,642.61,1593.16,215.0
81,26,1405.96,642.16,1590.84,214.0
81,27,1408.77,642.5,1578.34,213.0
81,28,1406.71,642.53,1583.87,212.0
81,29,1407.73,642.41,1594.42,211.0
81,30,1410.4,642.74,1585.0,210.0
81,31,1401.84,642.51,1585.28,209.0
81,32,1403.55,642.73,1584.27,208.0
81,33,1401.28,642.42,1588.36,207.0
81,34,1408.95,642.51,1597.07,206.0
81,35,1407.91,643.02,1588.06,205.0
81,36,1397.61,642.21,1584.92,204.0
81,37,1403.25,642.26,1582.85,203.0
81,38,1408.43,642.2,1588.38,202.0
81,39,1405.7,642.73,1593.42,201.0
81,40,1407.5,642.12,1587.75,200.0
81,41,1401.96,642.73,1577.3,199.0
81,42,1405.84,642.78,1584.88,198.0
81,43,1406.97,642.43,1592.31,197.0
81,44,1410.33,642.61,1590.24,196.0
81,45,1399.31,643.1,1579.46,195.0
81,46,1402.95,642.6,1590.02,194.0
81,47,1403.22,642.4,1592.83,193.0
81,48,1401.8,642.31,1590.33,192.0
81,49,1404.49,642.28,1589.87,191.0
81,50,1403.02,641.79,1592.12,190.0
81,51,1406.21,642.27,1583.78,189.0
81,52,1402.32,642.0,1585.92,188.0
81,53,1411.83,642.5,1589.31,187.0
81,54,1402.11,641.9,1588.73,186.0
81,55,1412.3,642.89,1585.97,185.0
81,56,1399.05,642.93,1595.61,184.0
81,57,1396.66,642.25,1586.86,183.0
81,58,1406.39,642.4,1589.1,182.0
81,59,1401.43,642.69,1584.89,181.0
81,60,1403.98,642.78,1588.14,180.0
81,61,1396.17,642.64,1587.0,179.0
81,62,1408.23,642.35,1592.62,178.0
81,63,1406.45,642.86,1594.11,177.0
81,64,1406.75,642.78,1590.52,176.0
81,65,1406.71,641.98,1588.67,175.0
81,66,1406.96,642.47,1589.46,174.0
81,67,1405.88,642.81,1590.55,173.0
81,68,1400.55,642.35,1585.32,172.0
81,69,1400.86,642.84,1585.23,171.0
81,70,1404.02,642.4,1589.0,170.0
81,71,1400.98,642.32,1591.47,169.0
81,72,1402.62,642.98,1592.16,168.0
81,73,1401.31,642.45,1589.14,167.0
81,74,1401.74,642.28,1589.21,166.0
81,75,1409.92,642.17,1582.52,165.0
81,76,1414.22,642.43,1589.66,164.0
81,77,1404.89,642.8,1584.26,163.0
81,78,1405.99,642.66,1589.98,162.0
81,79,1411.63,642.62,1586.82,161.0
81,80,1416.14,642.69,1584.9,160.0
81,81,1404.1,642.57,1592.55,159.0
81,82,1401.65,642.98,1588.48,158.0
81,83,1406.28,642.28,1583.99,157.0
81,84,1408.71,643.02,1592.82,156.0
81,85,1406.07,642.5,1592.76,155.0
81,86,1402.94,642.66,1600.61,154.0
81,87,1411.75,642.56,1584.82,153.0
81,88,1406.52,642.63,1592.28,152.0
81,89,1411.93,643.08,1584.29,151.0
81,90,1405.54,642.88,1587.82,150.0
81,91,1397.28,642.66,1589.43,149.0
81,92,1405.39,642.6,1590.1,148.0
81,93,1406.4,642.65,1588.92,147.0
81,94,1401.29,641.94,1583.23,146.0
81,95,1413.55,642.73,1584.78,145.0
81,96,1410.71,643.38,1588.8,144.0
81,97,1410.18,642.94,1585.75,143.0
81,98,1414.7,642.93,1587.59,142.0
81,99,1410.65,642.11,1590.13,141.0
81,100,1404.23,642.61,1588.16,140.0
81,101,1403.73,642.82,1592.24,139.0
81,102,1404.73,642.53,1581.3,138.0
81,103,1411.17,642.21,1590.6,137.0
81,104,1402.54,642.63,1595.96,136.0
81,105,1409.91,642.07,1589.51,135.0
81,106,1407.07,642.65,1581.19,134.0
81,107,1410.48,642.52,1593.95,133.0
81,108,1407.68,642.52,1582.36,132.0
81,109,1413.17,641.88,1590.35,131.0
81,110,1409.69,642.59,1595.21,130.0
81,111,1409.41,642.6,1590.83,129.0
81,112,1412.65,642.65,1584.56,128.0
81,113,1408.77,642.63,1591.24,127.0
81,114,1408.5,642.5,1595.9,126.0
81,115,1411.91,643.37,1594.71,125.0
81,116,1409.83,641.62,1592.13,124.0
81,117,1401.88,642.85,1596.16,123.0
81,118,1404.28,642.17,1594.05,122.0
81,119,1412.89,642.27,1596.6,121.0
81,120,1415.59,643.18,1595.74,120.0
81,121,1398.64,642.64,1578.65,119.0
81,122,1402.73,642.79,1585.53,118.0
81,123,1408.52,642.32,1593.73,117.0
81,124,1408.64,642.62,1587.96,116.0
81,125,1405.51,643.15,1594.27,115.0
81,126,1403.58,642.4,1589.6,114.0
81,127,1409.73,642.78,1588.85,113.0
81,128,1412.02,642.46,1592.57,112.0
81,129,1412.69,642.56,1595.65,111.0
81,130,1409.75,642.07,1592.87,110.0
81,131,1415.71,642.74,1591.07,109.0
81,132,1413.15,642.54,1595.33,108.0
81,133,1406.65,642.55,1592.2,107.0
81,134,1405.98,642.62,1589.66,106.0
81,135,1407.55,642.6,1590.3,105.0
81,136,1415.36,642.73,1589.5,104.0
81,137,1405.78,643.24,1579.45,103.0
81,138,1409.59,642.48,1587.57,102.0
81,139,1406.09,642.37,1596.08,101.0
81,140,1403.6,642.7,1595.19,100.0
81,141,1416.15,642.55,1585.53,99.0
81,142,1410.11,643.32,1593.23,98.0
81,143,1420.61,642.83,1593.73,97.0
81,144,1414.45,642.96,1583.83,96.0
81,145,1408.17,643.15,1593.07,95.0
81,146,1408.06,642.89,1589.49,94.0
81,147,1402.87,642.88,1593.22,93.0
81,148,1410.67,642.82,1596.78,92.0
81,149,1414.08,642.77,1592.86,91.0
81,150,1412.23,642.79,1588.82,90.0
81,151,1413.53,642.96,1585.94,89.0
81,152,1404.41,642.24,1592.33,88.0
81,153,1408.92,642.75,1588.68,87.0
81,154,1412.15,642.97,1585.35,86.0
81,155,1414.37,642.65,1586.92,85.0
81,156,1409.92,642.08,1584.8,84.0
81,157,1415.38,643.02,1594.52,83.0
81,158,1407.75,642.96,1595.29,82.0
81,159,1415.38,642.94,1589.69,81.0
81,160,1411.21,642.6,1591.92,80.0
81,161,1412.73,642.88,1591.8,79.0
81,162,1410.04,642.72,1596.51,78.0
81,163,1413.74,643.04,1588.63,77.0
81,164,1414.71,642.67,1589.75,76.0
81,165,1411.35,643.39,1591.5,75.0
81,166,1407.46,642.93,1588.97,74.0
81,167,1415.53,642.86,1597.14,73.0
81,168,1414.4,643.38,1585.84,72.0
81,169,1408.06,643.1,1596.51,71.0
81,170,1410.0,642.77,1600.06,70.0
81,171,1415.74,643.21,1593.08,69.0
81,172,1415.61,643.05,1590.78,68.0
81,173,1409.34,642.96,1595.29,67.0
81,174,1411.31,643.13,1597.11,66.0
81,175,1417.57,642.93,1590.31,65.0
81,176,1408.59,643.09,1603.18,64.0
81,177,1411.71,643.2,1590.27,63.0
81,178,1418.57,642.71,1592.84,62.0
81,179,1416.61,642.78,1595.78,61.0
81,180,1410.77,643.24,1593.24,60.0
81,181,1411.43,643.12,1596.17,59.0
81,182,1421.36,643.1,1596.43,58.0
81,183,1415.42,642.8,1595.95,57.0
81,184,1412.8,643.2,1591.81,56.0
81,185,1407.22,643.61,1591.13,55.0
81,186,1417.38,642.93,1601.24,54.0
81,187,1414.74,643.27,1591.74,53.0
81,188,1413.18,642.91,1594.31,52.0
81,189,1417.01,643.12,1591.22,51.0
81,190,1421.7,643.18,1589.91,50.0
81,191,1417.35,643.27,1592.62,49.0
81,192,1418.64,642.85,1591.05,48.0
81,193,1421.43,642.75,1591.16,47.0
81,194,1415.88,643.23,1597.26,46.0
81,195,1416.77,643.17,1599.1,45.0
81,196,1416.31,643.21,1592.15,44.0
81,197,1423.17,643.6,1592.42,43.0
81,198,1416.32,643.36,1599.02,42.0
81,199,1425.08,643.01,1599.91,41.0
81,200,1419.03,642.97,1598.76,40.0
81,201,1419.4,643.22,1596.8,39.0
81,202,1417.69,643.07,1595.81,38.0
81,203,1414.28,643.66,1600.0,37.0
81,204,1425.73,642.97,1601.76,36.0
81,205,1417.58,643.02,1591.53,35.0
81,206,1421.04,643.41,1596.17,34.0
81,207,1418.65,643.58,1602.79,33.0
81,208,1415.26,642.99,1588.33,32.0
81,209,1411.82,643.67,1601.06,31.0
81,210,1417.33,642.61,1601.72,30.0
81,211,1419.54,644.01,1596.42,29.0
81,212,1420.23,643.29,1598.8,28.0
81,213,1429.36,643.41,1599.61,27.0
81,214,1419.74,643.27,1589.75,26.0
81,215,1428.35,643.54,1598.75,25.0
81,216,1431.13,643.46,1602.5,24.0
81,217,1425.23,643.2,1601.54,23.0
81,218,1424.68,643.55,1599.82,22.0
81,219,1421.7,643.84,1594.08,21.0
81,220,1419.81,642.95,1595.53,20.0
81,221,1419.89,643.6,1599.86,19.0
81,222,1422.42,643.53,1595.77,18.0
81,223,1430.6,643.06,1598.2,17.0
81,224,1422.35,643.74,1597.08,16.0
81,225,1424.07,643.43,1595.87,15.0
81,226,1419.61,643.25,1598.29,14.0
81,227,1435.9,643.53,1595.27,13.0
81,228,1429.46,643.51,1595.73,12.0
81,229,1424.33,643.64,1601.55,11.0
81,230,1414.68,643.51,1595.34,10.0
81,231,1427.73,643.13,1599.45,9.0
81,232,1427.02,643.38,1606.06,8.0
81,233,1427.91,643.56,1601.27,7.0
81,234,1418.51,642.93,1588.56,6.0
81,235,1430.19,644.05,1596.94,5.0
81,236,1433.39,643.19,1604.98,4.0
81,237,1432.04,643.94,1608.12,3.0
81,238,1428.15,643.54,1598.68,2.0
81,239,1429.38,643.84,1602.45,1.0
81,240,1423.61,644.01,1601.01,0.0
82,1,1401.58,641.73,1582.64,213.0
82,2,1395.89,642.07,1585.1,212.0
82,3,1394.02,641.86,1588.69,211.0
82,4,1400.45,641.99,1584.03,210.0
82,5,1399.32,642.32,1579.79,209.0
82,6,1398.33,642.26,1578.0,208.0
82,7,1398.36,641.85,1582.53,207.0
82,8,1397.17,642.17,1575.42,206.0
82,9,1396.68,642.02,1585.46,205.0
82,10,1395.96,641.57,1580.98,204.0
82,11,1397.2,641.96,1585.18,203.0
82,12,1401.2,642.48,1590.69,202.0
82,13,1395.05,641.91,1587.03,201.0
82,14,1392.92,641.88,1586.63,200.0
82,15,1397.32,641.95,1592.11,199.0
82,16,1392.57,642.63,1582.57,198.0
82,17,1397.03,641.77,1571.06,197.0
82,18,1392.33,642.22,1583.64,196.0
82,19,1394.24,641.87,1587.92,195.0
82,20,1403.92,641.97,1587.51,194.0
82,21,1396.69,642.17,1579.35,193.0
82,22,1409.18,642.14,1583.34,192.0
82,23,1396.22,642.48,1586.52,191.0
82,24,1388.77,642.16,1585.12,190.0
82,25,1392.81,642.48,1583.22,189.0
82,26,1398.34,642.17,1589.67,188.0
82,27,1397.58,642.15,1582.41,187.0
82,28,1395.33,642.17,1579.05,186.0
82,29,1398.81,641.73,1579.71,185.0
82,30,1398.81,642.51,1587.88,184.0
82,31,1388.63,641.7,1576.42,183.0
82,32,1393.2,642.21,1587.83,182.0
82,33,1394.85,642.31,1584.74,181.0
82,34,1393.82,642.31,1591.06,180.0
82,35,1391.89,642.34,1584.24,179.0
82,36,1391.48,642.06,1577.45,178.0
82,37,1392.26,641.53,1584.31,177.0
82,38,1391.37,642.4,1584.39,176.0
82,39,1399.68,642.02,1580.74,175.0
82,40,1401.8,642.21,1580.83,174.0
82,41,1392.21,641.27,1582.03,173.0
82,42,1392.09,642.03,1586.52,172.0
82,43,1396.54,641.87,1588.81,171.0
82,44,1396.66,641.36,1584.8,170.0
82,45,1400.08,642.73,1580.37,169.0
82,46,1398.2,642.24,1580.51,168.0
82,47,1400.11,641.92,1585.18,167.0
82,48,1392.28,642.4,1590.8,166.0
82,49,1396.93,642.27,1579.21,165.0
82,50,1402.89,642.11,1586.56,164.0
82,51,1398.14,642.25,1585.36,163.0
82,52,1400.28,642.83,1584.34,162.0
82,53,1391.44,641.84,1586.78,161.0
82,54,1392.04,641.54,1590.45,160.0
82,55,1391.42,641.97,1587.51,159.0
82,56,1398.62,642.03,1582.61,158.0
82,57,1399.24,642.16,1586.27,157.0
82,58,1401.99,642.34,1579.35,156.0
82,59,1395.84,642.32,1585.97,155.0
82,60,1398.83,642.87,1587.16,154.0
82,61,1391.47,641.94,1593.0,153.0
82,62,1391.88,641.8,1589.37,152.0
82,63,1401.85,642.18,1587.71,151.0
82,64,1395.54,641.99,1580.08,150.0
82,65,1393.99,641.96,1583.25,149.0
82,66,1398.14,642.52,1580.1,148.0
82,67,1404.68,642.05,1589.69,147.0
82,68,1400.58,642.18,1579.32,146.0
82,69,1400.87,642.83,1580.83,145.0
82,70,1404.09,641.97,1575.8,144.0
82,71,1397.05,642.27,1581.7,143.0
82,72,1393.9,642.21,1590.88,142.0
82,73,1399.88,641.69,1589.07,141.0
82,74,1400.45,642.19,1578.58,140.0
82,75,1397.66,642.03,1580.04,139.0
82,76,1393.12,641.94,1584.72,138.0
82,77,1394.11,642.79,1593.64,137.0
82,78,1393.47,641.9,1587.15,136.0
82,79,1399.41,642.42,1580.51,135.0
82,80,1400.52,642.15,1588.3,134.0
82,81,1395.32,642.04,1580.53,133.0
82,82,1389.85,642.18,1588.84,132.0
82,83,1396.25,642.15,1587.68,131.0
82,84,1399.1,642.12,1582.55,130.0
82,85,1407.23,642.66,1587.9,129.0
82,86,1400.7,642.39,1587.53,128.0
82,87,1398.09,642.02,1580.54,127.0
82,88,1396.12,642.51,1582.25,126.0
82,89,1393.61,642.09,1584.93,125.0
82,90,1393.4,641.94,1584.69,124.0
82,91,1401.07,642.06,1587.44,123.0
82,92,1394.25,642.59,1589.87,122.0
82,93,1397.75,641.99,1594.55,121.0
82,94,1397.05,642.3,1581.25,120.0
82,95,1398.01,641.37,1585.19,119.0
82,96,1395.78,641.79,1583.22,118.0
82,97,1401.1,642.92,1583.57,117.0
82,98,1394.63,642.61,1587.49,116.0
82,99,1400.16,642.36,1586.44,115.0
82,100,1399.4,641.95,1583.97,114.0
82,101,1394.57,642.09,1585.74,113.0
82,102,1399.12,642.18,1583.91,112.0
82,103,1391.14,642.57,1581.34,111.0
82,104,1403.44,641.69,1585.5,110.0
82,105,1398.55,642.14,1585.77,109.0
82,106,1398.56,642.32,1585.19,108.0
82,107,1398.29,642.19,1582.74,107.0
82,108,1391.45,641.96,1591.71,106.0
82,109,1402.79,642.26,1586.89,105.0
82,110,1398.09,642.0,1587.31,104.0
82,111,1397.15,642.41,1586.12,103.0
82,112,1402.58,641.63,1586.99,102.0
82,113,1404.66,642.22,1584.18,101.0
82,114,1392.57,642.25,1589.46,100.0
82,115,1395.23,642.22,1582.73,99.0
82,116,1400.03,642.65,1575.87,98.0
82,117,1395.53,642.69,1588.93,97.0
82,118,1404.56,642.39,1585.84,96.0
82,119,1401.0,642.75,1589.01,95.0
82,120,1407.96,642.31,1590.84,94.0
82,121,1407.28,642.17,1587.92,93.0
82,122,1403.37,642.36,1585.89,92.0
82,123,1399.08,642.64,1582.04,91.0
82,124,1404.83,642.21,1586.98,90.0
82,125,1398.69,641.9,1594.28,89.0
82,126,1400.15,642.26,1581.22,88.0
82,127,1399.93,642.57,1578.58,87.0
82,128,1399.23,641.76,1589.84,86.0
82,129,1397.14,642.22,1585.7,85.0
82,130,1401.02,642.46,1587.12,84.0
82,131,1402.33,642.52,1578.64,83.0
82,132,1399.35,642.89,1588.92,82.0
82,133,1403.33,642.04,1593.09,81.0
82,134,1399.0,643.29,1591.32,80.0
82,135,1399.55,642.35,1593.21,79.0
82,136,1400.18,642.65,1591.18,78.0
82,137,1402.84,642.62,1592.53,77.0
82,138,1407.96,642.28,1595.28,76.0
82,139,1403.39,642.43,1581.07,75.0
82,140,1416.47,642.63,1589.51,74.0
82,141,1402.14,642.39,1592.28,73.0
82,142,1399.59,642.45,1581.23,72.0
82,143,1406.59,642.42,1585.36,71.0
82,144,1404.16,642.76,1584.02,70.0
82,145,1398.69,642.42,1593.65,69.0
82,146,1404.42,642.37,1575.95,68.0
82,147,1405.08,642.99,1585.51,67.0
82,148,1409.35,642.66,1584.44,66.0
82,149,1405.24,642.86,1587.56,65.0
82,150,1406.17,642.49,1587.17,64.0
82,151,1409.3,642.08,1585.16,63.0
82,152,1401.06,642.5,1589.35,62.0
82,153,1404.96,642.68,1592.85,61.0
82,154,1409.34,642.45,1585.34,60.0
82,155,1400.53,642.68,1592.47,59.0
82,156,1408.5,642.32,1593.92,58.0
82,157,1408.95,642.91,1589.26,57.0
82,158,1406.81,642.03,1591.37,56.0
82,159,1399.82,642.52,1587.28,55.0
82,160,1409.99,642.46,1589.84,54.0
82,161,1406.73,642.68,1584.55,53.0
82,162,1403.76,642.74,1590.54,52.0
82,163,1396.25,642.44,1588.17,51.0
82,164,1398.84,641.75,1592.56,50.0
82,165,1407.48,642.93,1589.76,49.0
82,166,1407.14,642.32,1597.86,48.0
82,167,1415.57,642.82,1579.3,47.0
82,168,1404.86,642.46,1588.51,46.0
82,169,1403.51,641.96,1596.72,45.0
82,170,1405.87,642.96,1601.29,44.0
82,171,1403.24,643.16,1593.89,43.0
82,172,1407.52,642.21,1589.58,42.0
82,173,1406.15,642.71,1593.21,41.0
82,174,1407.61,643.56,1595.78,40.0
82,175,1409.12,642.33,1598.41,39.0
82,176,1414.64,642.83,1586.89,38.0
82,177,1410.71,643.12,1591.34,37.0
82,178,1408.81,642.31,1594.91,36.0
82,179,1418.17,642.52,1591.79,35.0
82,180,1409.98,642.77,1588.85,34.0
82,181,1415.05,642.96,1589.58,33.0
82,182,1409.69,643.31,1597.04,32.0
82,183,1410.26,643.08,1597.09,31.0
82,184,1417.63,642.83,1592.11,30.0
82,185,1400.51,642.93,1598.06,29.0
82,186,1409.73,642.78,1595.94,28.0
82,187,1411.39,642.34,1597.02,27.0
82,188,1415.91,643.03,1595.78,26.0
82,189,1409.21,642.7,1591.53,25.0
82,190,1415.84,642.92,1599.34,24.0
82,191,1409.07,643.26,1593.75,23.0
82,192,1410.5,643.07,1602.68,22.0
82,193,1418.36,642.51,1594.43,21.0
82,194,1414.71,643.23,1599.69,20.0
82,195,1422.45,643.11,1603.6,19.0
82,196,1419.44,643.39,1592.95,18.0
82,197,1416.52,643.22,1601.42,17.0
82,198,1422.64,643.59,1602.87,16.0
82,199,1424.94,643.24,1598.93,15.0
82,200,1425.75,643.47,1602.4,14.0
82,201,1427.61,643.19,1599.54,13.0
82,202,1427.79,642.76,1591.99,12.0
82,203,1420.6,643.59,1596.45,11.0
82,204,1420.64,643.18,1593.87,10.0
82,205,1428.16,643.64,1596.75,9.0
82,206,1426.24,643.4,1602.48,8.0
82,207,1416.6,643.59,1607.09,7.0
82,208,1426.26,644.08,1607.74,6.0
82,209,1426.18,643.61,1604.53,5.0
82,210,1434.28,643.11,1608.87,4.0
82,211,1426.94,643.61,1605.0,3.0
82,212,1426.74,643.66,1601.47,2.0
82,213,1425.66,643.48,1596.98,1.0
82,214,1427.73,643.73,1601.66,0.0
83,1,1392.65,642.14,1581.34,292.0
83,2,1393.01,641.75,1575.29,291.0
83,3,1391.04,641.9,1588.37,290.0
83,4,1402.48,642.1,1585.82,289.0
83,5,1398.62,642.17,1581.64,288.0
83,6,1394.59,641.74,1582.15,287.0
83,7,1396.79,641.61,1583.91,286.0
83,8,1394.05,641.92,1587.53,285.0
83,9,1394.23,641.84,1586.99,284.0
83,10,1400.16,641.9,1583.41,283.0
83,11,1390.48,642.06,1577.5,282.0
83,12,1402.08,641.44,1586.47,281.0
83,13,1400.84,641.59,1585.37,280.0
83,14,1399.07,641.48,1579.72,279.0
83,15,1394.18,642.28,1579.22,278.0
83,16,1396.95,642.15,1586.81,277.0
83,17,1402.79,641.68,1586.2,276.0
83,18,1392.34,641.71,1579.52,275.0
83,19,1394.18,641.95,1587.74,274.0
83,20,1393.19,641.4,1576.76,273.0
83,21,1402.91,642.02,1581.28,272.0
83,22,1393.37,642.23,1574.41,271.0
83,23,1393.39,642.51,1574.29,270.0
83,24,1396.04,642.0,1574.48,269.0
83,25,1395.44,641.67,1582.77,268.0
83,26,1396.89,642.4,1588.21,267.0
83,27,1394.2,642.42,1585.72,266.0
83,28,1390.05,641.89,1579.42,265.0
83,29,1391.57,641.44,1583.51,264.0
83,30,1396.1,642.66,1581.19,263.0
83,31,1404.23,642.08,1588.61,262.0
83,32,1395.81,641.85,1581.98,261.0
83,33,1394.41,642.09,1588.28,260.0
83,34,1395.08,642.34,1582.52,259.0
83,35,1403.7,641.85,1579.33,258.0
83,36,1404.18,642.08,1585.29,257.0
83,37,1387.57,642.07,1586.19,256.0
83,38,1398.55,641.96,1580.04,255.0
83,39,1392.91,642.37,1582.58,254.0
83,40,1399.36,642.49,1586.32,253.0
83,41,1399.77,641.99,1583.08,252.0
83,42,1389.57,641.93,1583.14,251.0
83,43,1401.71,641.53,1579.94,250.0
83,44,1398.59,641.67,1577.62,249.0
83,45,1395.09,642.5,1587.19,248.0
83,46,1395.53,641.93,1582.5,247.0
83,47,1398.54,642.18,1584.91,246.0
83,48,1397.54,642.25,1585.17,245.0
83,49,1391.8,642.19,1582.04,244.0
83,50,1385.75,641.72,1574.96,243.0
83,51,1404.76,641.7,1594.67,242.0
83,52,1392.51,641.94,1580.01,241.0
83,53,1398.35,641.58,1583.06,240.0
83,54,1401.01,641.78,1585.71,239.0
83,55,1403.62,642.04,1586.25,238.0
83,56,1392.13,642.11,1589.2,237.0
83,57,1397.44,642.27,1578.93,236.0
83,58,1401.54,642.88,1583.75,235.0
83,59,1401.25,642.9,1588.17,234.0
83,60,1391.6,642.12,1583.78,233.0
83,61,1398.63,642.0,1584.32,232.0
83,62,1399.79,642.4,1579.6,231.0
83,63,1398.63,642.05,1580.13,230.0
83,64,1400.82,642.17,1585.25,229.0
83,65,1403.86,642.17,1589.25,228.0
83,66,1400.96,642.04,1585.17,227.0
83,67,1391.0,642.34,1586.44,226.0
83,68,1406.37,642.21,1585.09,225.0
83,69,1399.53,641.7,1588.53,224.0
83,70,1401.46,641.79,1580.23,223.0
83,71,1396.95,642.33,1581.85,222.0
83,72,1399.05,641.86,1589.41,221.0
83,73,1396.44,642.32,1573.82,220.0
83,74,1394.97,642.29,1581.43,219.0
83,75,1405.61,641.97,1580.89,218.0
83,76,1405.68,641.82,1579.26,217.0
83,77,1401.13,641.83,1583.73,216.0
83,78,1398.8,641.99,1581.62,215.0
83,79,1398.63,642.23,1583.46,214.0
83,80,1399.96,642.2,1586.95,213.0
83,81,1394.18,642.45,1580.7,212.0
83,82,1397.34,642.2,1583.65,211.0
83,83,1403.28,641.8,1580.98,210.0
83,84,1398.66,642.63,1580.92,209.0
83,85,1393.68,642.21,1580.18,208.0
83,86,1398.62,642.5,1581.47,207.0
83,87,1395.95,642.24,1584.41,206.0
83,88,1397.3,641.48,1589.91,205.0
83,89,1391.17,642.4,1584.59,204.0
83,90,1389.61,641.81,1587.4,203.0
83,91,1402.93,641.96,1576.72,202.0
83,92,1404.8,642.1,1588.12,201.0
83,93,1396.29,642.19,1581.37,200.0
83,94,1393.16,642.23,1588.32,199.0
83,95,1395.74,642.66,1582.4,198.0
83,96,1394.44,642.09,1580.45,197.0
83,97,1393.5,642.55,1584.9,196.0
83,98,1396.74,642.38,1587.34,195.0
83,99,1390.67,641.89,1579.71,194.0
83,100,1397.27,641.71,1587.59,193.0
83,101,1396.61,642.17,1576.74,192.0
83,102,1402.63,642.27,1578.39,191.0
83,103,1399.05,642.09,1588.43,190.0
83,104,1396.24,641.69,1582.17,189.0
83,105,1396.08,641.71,1586.15,188.0
83,106,1399.22,642.21,1580.32,187.0
83,107,1397.36,642.23,1584.57,186.0
83,108,1395.52,642.46,1586.17,185.0
83,109,1405.52,642.21,1579.08,184.0
83,110,1398.8,642.03,1584.97,183.0
83,111,1398.33,642.68,1585.88,182.0
83,112,1397.48,642.1,1586.79,181.0
83,113,1400.2,642.23,1590.73,180.0
83,114,1404.63,642.53,1583.99,179.0
83,115,1391.32,642.02,1586.69,178.0
83,116,1402.48,642.09,1582.97,177.0
83,117,1400.07,641.93,1582.2,176.0
83,118,1400.4,642.44,1588.37,175.0
83,119,1404.58,642.6,1587.46,174.0
83,120,1398.25,642.53,1582.61,173.0
83,121,1398.31,641.92,1581.7,172.0
83,122,1402.74,642.21,1586.89,171.0
83,123,1404.1,642.31,1580.94,170.0
83,124,1408.17,642.62,1585.86,169.0
83,125,1400.51,641.7,1583.17,168.0
83,126,1398.19,642.36,1586.63,167.0
83,127,1401.14,642.12,1583.01,166.0
83,128,1394.97,641.85,1576.1,165.0
83,129,1404.65,642.48,1581.43,164.0
83,130,1395.41,641.72,1586.5,163.0
83,131,1395.93,642.08,1582.35,162.0
83,132,1394.63,642.25,1587.74,161.0
83,133,1399.88,642.67,1584.84,160.0
83,134,1396.12,642.28,1585.75,159.0
83,135,1397.86,641.58,1587.71,158.0
83,136,1401.46,642.37,1588.45,157.0
83,137,1400.9,641.67,1586.44,156.0
83,138,1393.44,642.49,1588.15,155.0
83,139,1397.3,642.32,1591.07,154.0
83,140,1396.53,642.33,1585.08,153.0
83,141,1404.78,641.83,1589.92,152.0
83,142,1399.54,642.17,1587.12,151.0
83,143,1398.92,642.17,1579.29,150.0
83,144,1400.72,642.44,1589.49,149.0
83,145,1398.53,642.14,1588.77,148.0
83,146,1399.9,642.14,1587.43,147.0
83,147,1404.21,642.32,1582.52,146.0
83,148,1397.93,642.17,1592.12,145.0
83,149,1402.31,642.55,1582.62,144.0
83,150,1399.39,642.23,1585.43,143.0
83,151,1400.11,642.2,1587.7,142.0
83,152,1405.14,641.88,1579.59,141.0
83,153,1393.63,642.08,1582.91,140.0
83,154,1397.16,642.51,1588.42,139.0
83,155,1402.65,641.87,1583.8,138.0
83,156,1401.82,642.34,1586.62,137.0
83,157,1399.63,642.36,1593.83,136.0
83,158,1407.92,642.37,1588.28,135.0
83,159,1393.44,642.08,1585.52,134.0
83,160,1401.22,642.84,1587.29,133.0
83,161,1394.53,642.18,1596.85,132.0
83,162,1396.04,642.28,1586.51,131.0
83,163,1402.86,642.12,1585.27,130.0
83,164,1399.76,642.16,1585.9,129.0
83,165,1406.18,641.74,1584.24,128.0
83,166,1400.81,642.32,1586.76,127.0
83,167,1406.62,642.26,1591.35,126.0
83,168,1400.81,642.48,1592.89,125.0
83,169,1401.53,642.18,1588.6,124.0
83,170,1404.53,642.57,1583.2,123.0
83,171,1403.84,642.09,1581.87,122.0
83,172,1399.88,642.53,1587.38,121.0
83,173,1401.09,642.62,1584.28,120.0
83,174,1409.61,642.69,1585.92,119.0
83,175,1396.11,642.51,1584.15,118.0
83,176,1400.65,641.84,1581.93,117.0
83,177,1401.65,642.06,1586.22,116.0
83,178,1402.85,642.64,1588.6,115.0
83,179,1399.71,642.75,1591.18,114.0
83,180,1402.36,641.94,1583.01,113.0
83,181,1397.23,642.18,1593.26,112.0
83,182,1401.22,642.9,1587.88,111.0
83,183,1397.59,642.46,1589.73,110.0
83,184,1403.17,642.47,1581.48,109.0
83,185,1404.65,642.21,1589.91,108.0
83,186,1414.46,642.37,1585.07,107.0
83,187,1395.38,642.63,1585.03,106.0
83,188,1404.48,642.68,1589.69,105.0
83,189,1404.37,643.0,1587.32,104.0
83,190,1402.27,642.98,1588.54,103.0
83,191,1404.81,642.27,1585.63,102.0
83,192,1406.57,642.62,1584.59,101.0
83,193,1411.78,641.56,1589.05,100.0
83,194,1408.04,642.11,1591.21,99.0
83,195,1400.58,642.29,1591.45,98.0
83,196,1404.78,642.76,1585.62,97.0
83,197,1411.3,642.18,1583.13,96.0
83,198,1403.25,642.57,1585.51,95.0
83,199,1399.9,643.01,1593.48,94.0
83,200,1394.23,642.67,1588.83,93.0
83,201,1401.44,641.8,1591.23,92.0
83,202,1406.43,642.21,1586.61,91.0
83,203,1405.88,642.42,1587.92,90.0
83,204,1402.67,642.87,1592.1,89.0
83,205,1412.27,643.2,1585.91,88.0
83,206,1410.01,642.67,1585.84,87.0
83,207,1404.23,642.2,1586.25,86.0
83,208,1404.74,642.3,1591.92,85.0
83,209,1400.49,642.64,1588.53,84.0
83,210,1408.78,642.39,1590.61,83.0
83,211,1403.08,642.95,1583.75,82.0
83,212,1409.87,642.54,1591.63,81.0
83,213,1411.01,642.59,1588.6,80.0
83,214,1406.04,642.79,1590.52,79.0
83,215,1406.42,642.74,1584.64,78.0
83,216,1408.34,642.03,1589.73,77.0
83,217,1409.99,643.09,1588.57,76.0
83,218,1401.42,642.54,1590.61,75.0
83,219,1406.77,642.01,1592.91,74.0
83,220,1406.62,643.23,1598.3,73.0
83,221,1404.24,642.98,1582.28,72.0
83,222,1415.39,642.9,1585.79,71.0
83,223,1401.59,642.62,1590.3,70.0
83,224,1413.13,642.96,1590.82,69.0
83,225,1410.19,642.69,1593.81,68.0
83,226,1414.49,642.58,1586.3,67.0
83,227,1411.67,643.1,1593.18,66.0
83,228,1405.89,642.12,1585.73,65.0
83,229,1407.48,642.05,1592.11,64.0
83,230,1412.01,642.58,1593.14,63.0
83,231,1404.09,642.69,1589.46,62.0
83,232,1411.45,643.22,1590.79,61.0
83,233,1408.6,642.55,1589.18,60.0
83,234,1419.57,642.23,1587.07,59.0
83,235,1410.14,642.67,1595.96,58.0
83,236,1408.62,642.6,1595.75,57.0
83,237,1414.43,643.42,1594.41,56.0
83,238,1418.82,642.44,1586.61,55.0
83,239,1417.27,643.03,1594.39,54.0
83,240,1408.29,642.9,1587.37,53.0
83,241,1415.44,642.61,1595.86,52.0
83,242,1412.65,643.0,1596.62,51.0
83,243,1405.53,642.62,1594.64,50.0
83,244,1411.99,642.94,1594.32,49.0
83,245,1414.33,642.18,1590.14,48.0
83,246,1413.15,642.57,1584.43,47.0
83,247,1417.4,643.08,1591.8,46.0
83,248,1410.24,642.79,1589.41,45.0
83,249,1408.75,642.98,1599.1,44.0
83,250,1416.66,642.74,1594.63,43.0
83,251,1415.47,643.24,1597.4,42.0
83,252,1407.4,643.2,1600.91,41.0
83,253,1425.03,643.08,1594.25,40.0
83,254,1418.53,642.27,1591.66,39.0
83,255,1410.49,643.15,1600.46,38.0
83,256,1420.46,642.46,1590.27,37.0
83,257,1411.82,642.6,1591.53,36.0
83,258,1402.39,642.85,1592.27,35.0
83,259,1411.73,643.08,1590.06,34.0
83,260,1415.92,643.06,1596.95,33.0
83,261,1417.11,643.28,1585.36,32.0
83,262,1412.92,644.09,1599.63,31.0
83,263,1416.93,643.02,1605.83,30.0
83,264,1411.3,643.43,1593.66,29.0
83,265,1419.9,643.45,1603.78,28.0
83,266,1408.83,642.74,1597.97,27.0
83,267,1422.7,642.88,1595.4,26.0
83,268,1419.17,643.24,1600.49,25.0
83,269,1415.24,644.05,1595.74,24.0
83,270,1418.12,643.72,1593.27,23.0
83,271,1423.44,643.33,1598.84,22.0
83,272,1418.05,643.33,1604.41,21.0
83,273,1417.28,643.81,1591.29,20.0
83,274,1421.97,642.88,1601.29,19.0
83,275,1424.43,643.54,1590.17,18.0
83,276,1425.03,643.29,1593.21,17.0
83,277,1420.06,643.23,1598.32,16.0
83,278,1422.18,643.76,1603.03,15.0
83,279,1424.05,642.97,1604.8,14.0
83,280,1422.16,643.3,1598.65,13.0
83,281,1424.79,644.06,1596.28,12.0
83,282,1424.63,643.59,1605.42,11.0
83,283,1425.42,643.45,1604.18,10.0
83,284,1428.94,643.83,1601.88,9.0
83,285,1426.88,643.32,1598.61,8.0
83,286,1426.88,643.66,1596.57,7.0
83,287,1436.2,642.95,1599.91,6.0
83,288,1429.59,643.46,1592.95,5.0
83,289,1432.46,643.94,1603.48,4.0
83,290,1425.67,643.85,1598.4,3.0
83,291,1428.67,643.79,1606.66,2.0
83,292,1428.07,643.51,1600.62,1.0
83,293,1430.64,643.77,1605.59,0.0
84,1,1411.05,643.21,1582.28,266.0
84,2,1405.09,643.03,1590.29,265.0
84,3,1405.79,642.52,1594.11,264.0
84,4,1410.99,642.81,1583.83,263.0
84,5,1409.12,643.05,1590.42,262.0
84,6,1409.58,642.4,1590.97,261.0
84,7,1406.51,643.18,1592.68,260.0
84,8,1413.34,642.88,1588.43,259.0
84,9,1404.76,642.22,1592.2,258.0
84,10,1411.19,642.51,1588.42,257.0
84,11,1414.97,642.52,1591.73,256.0
84,12,1402.03,643.19,1583.14,255.0
84,13,1413.78,642.43,1593.97,254.0
84,14,1405.06,642.79,1592.48,253.0
84,15,1412.32,643.44,1592.66,252.0
84,16,1406.03,642.72,1593.2,251.0
84,17,1410.31,642.38,1586.02,250.0
84,18,1403.38,643.51,1588.36,249.0
84,19,1411.99,642.85,1589.71,248.0
84,20,1409.05,642.66,1589.44,247.0
84,21,1412.57,642.53,1594.63,246.0
84,22,1406.16,643.05,1589.63,245.0
84,23,1410.39,643.24,1590.54,244.0
84,24,1409.8,643.04,1587.04,243.0
84,25,1407.38,642.79,1589.86,242.0
84,26,1404.07,643.71,1589.97,241.0
84,27,1405.32,641.99,1591.75,240.0
84,28,1404.56,642.78,1596.4,239.0
84,29,1408.03,642.71,1591.8,238.0
84,30,1411.4,642.22,1590.93,237.0
84,31,1409.32,642.69,1591.62,236.0
84,32,1411.55,642.94,1589.47,235.0
84,33,1411.12,642.75,1587.09,234.0
84,34,1410.24,642.5,1599.67,233.0
84,35,1412.49,642.84,1586.39,232.0
84,36,1408.77,642.6,1578.09,231.0
84,37,1407.21,642.73,1588.45,230.0
84,38,1406.45,642.36,1587.99,229.0
84,39,1412.27,642.51,1589.66,228.0
84,40,1409.71,643.0,1584.88,227.0
84,41,1405.5,642.64,1591.03,226.0
84,42,1409.22,642.59,1589.3,225.0
84,43,1415.96,642.83,1593.4,224.0
84,44,1405.57,642.14,1591.88,223.0
84,45,1408.43,642.71,1589.84,222.0
84,46,1409.6,642.66,1593.17,221.0
84,47,1409.57,642.86,1586.5,220.0
84,48,1410.84,643.19,1586.29,219.0
84,49,1410.48,642.63,1590.29,218.0
84,50,1403.33,642.77,1595.88,217.0
84,51,1408.97,642.99,1592.68,216.0
84,52,1407.43,643.19,1596.58,215.0
84,53,1414.04,642.62,1585.63,214.0
84,54,1402.04,641.87,1594.36,213.0
84,55,1410.86,642.44,1588.36,212.0
84,56,1411.49,642.7,1588.8,211.0
84,57,1415.08,642.58,1592.75,210.0
84,58,1407.65,642.98,1593.01,209.0
84,59,1411.94,643.07,1585.94,208.0
84,60,1410.08,642.76,1590.19,207.0
84,61,1412.68,642.79,1587.81,206.0
84,62,1409.76,642.83,1594.82,205.0
84,63,1406.25,642.87,1589.1,204.0
84,64,1404.12,642.89,1592.02,203.0
84,65,1409.92,642.95,1594.98,202.0
84,66,1403.2,642.63,1594.49,201.0
84,67,1407.14,643.12,1590.12,200.0
84,68,1408.65,642.66,1589.35,199.0
84,69,1406.38,642.78,1596.24,198.0
84,70,1415.96,643.12,1589.88,197.0
84,71,1403.2,643.04,1591.14,196.0
84,72,1404.44,642.31,1592.33,195.0
84,73,1409.28,643.23,1587.9,194.0
84,74,1411.24,642.87,1587.81,193.0
84,75,1405.67,642.64,1586.0,192.0
84,76,1411.84,642.53,1587.42,191.0
84,77,1409.39,642.46,1591.49,190.0
84,78,1413.94,642.48,1585.75,189.0
84,79,1416.38,643.3,1589.8,188.0
84,80,1418.01,642.71,1592.21,187.0
84,81,1414.05,642.42,1589.76,186.0
84,82,1405.78,642.66,1589.98,185.0
84,83,1407.45,642.59,1594.49,184.0
84,84,1409.12,642.7,1588.7,183.0
84,85,1407.63,642.82,1591.63,182.0
84,86,1414.68,642.57,1586.84,181.0
84,87,1407.04,642.62,1589.85,180.0
84,88,1404.19,642.44,1592.5,179.0
84,89,1415.14,642.61,1592.19,178.0
84,90,1401.63,643.07,1583.83,177.0
84,91,1414.55,642.83,1587.2,176.0
84,92,1413.36,642.64,1585.98,175.0
84,93,1410.09,643.01,1591.7,174.0
84,94,1408.31,642.55,1588.61,173.0
84,95,1412.78,642.73,1596.73,172.0
84,96,1412.64,642.61,1598.23,171.0
84,97,1410.53,643.11,1593.7,170.0
84,98,1412.6,643.29,1596.24,169.0
84,99,1411.07,642.52,1589.08,168.0
84,100,1418.77,642.71,1580.11,167.0
84,101,1409.51,643.14,1596.16,166.0
84,102,1413.35,643.08,1593.02,165.0
84,103,1410.55,642.56,1589.71,164.0
84,104,1413.67,643.35,1594.06,163.0
84,105,1403.3,642.83,1592.55,162.0
84,106,1404.27,642.64,1587.31,161.0
84,107,1405.16,642.24,1589.44,160.0
84,108,1417.13,642.61,1598.09,159.0
84,109,1402.88,642.75,1593.87,158.0
84,110,1408.63,642.92,1591.17,157.0
84,111,1412.13,643.24,1602.61,156.0
84,112,1410.14,642.52,1598.1,155.0
84,113,1412.22,643.24,1595.21,154.0
84,114,1408.76,642.56,1589.77,153.0
84,115,1409.58,642.45,1586.99,152.0
84,116,1419.06,643.34,1600.55,151.0
84,117,1412.19,642.69,1594.45,150.0
84,118,1404.22,642.69,1595.69,149.0
84,119,1407.08,642.57,1595.48,148.0
84,120,1408.39,642.73,1593.49,147.0
84,121,1405.68,643.16,1593.29,146.0
84,122,1407.87,642.37,1592.73,145.0
84,123,1404.89,642.29,1593.63,144.0
84,124,1416.91,642.93,1589.52,143.0
84,125,1407.24,642.88,1588.75,142.0
84,126,1419.23,642.71,1589.69,141.0
84,127,1410.5,642.9,1590.05,140.0
84,128,1408.36,642.55,1585.1,139.0
84,129,1410.65,642.21,1588.76,138.0
84,130,1421.77,642.4,1592.0,137.0
84,131,1414.19,642.33,1592.2,136.0
84,132,1415.12,642.71,1586.23,135.0
84,133,1406.69,642.65,1598.99,134.0
84,134,1415.44,642.59,1591.54,133.0
84,135,1414.86,642.87,1592.62,132.0
84,136,1413.02,643.56,1585.96,131.0
84,137,1401.98,642.7,1593.77,130.0
84,138,1412.25,643.3,1585.38,129.0
84,139,1410.59,642.76,1588.19,128.0
84,140,1410.72,642.33,1593.46,127.0
84,141,1411.34,642.95,1593.36,126.0
84,142,1414.32,642.9,1584.84,125.0
84,143,1408.7,642.71,1592.53,124.0
84,144,1418.45,643.77,1591.19,123.0
84,145,1413.69,642.95,1596.11,122.0
84,146,1410.3,642.76,1591.18,121.0
84,147,1404.29,642.91,1585.46,120.0
84,148,1412.89,642.73,1589.95,119.0
84,149,1409.46,642.83,1591.54,118.0
84,150,1411.01,643.03,1589.81,117.0
84,151,1412.94,642.96,1600.88,116.0
84,152,1412.35,642.49,1595.1,115.0
84,153,1413.59,642.3,1597.25,114.0
84,154,1420.98,643.04,1592.3,113.0
84,155,1410.92,643.2,1591.64,112.0
84,156,1420.51,643.02,1591.06,111.0
84,157,1422.48,642.83,1594.13,110.0
84,158,1417.59,642.72,1597.19,109.0
84,159,1406.89,643.37,1588.85,108.0
84,160,1410.68,643.01,1583.32,107.0
84,161,1406.86,642.56,1593.73,106.0
84,162,1411.88,642.6,1601.14,105.0
84,163,1413.55,642.72,1589.35,104.0
84,164,1407.49,642.29,1591.76,103.0
84,165,1416.93,642.91,1588.55,102.0
84,166,1408.15,642.99,1587.85,101.0
84,167,1418.69,642.79,1595.03,100.0
84,168,1420.13,643.12,1594.93,99.0
84,169,1419.21,642.92,1591.08,98.0
84,170,1421.0,642.97,1594.79,97.0
84,171,1418.67,643.05,1596.44,96.0
84,172,1416.79,642.38,1590.67,95.0
84,173,1412.54,642.62,1591.89,94.0
84,174,1416.6,642.67,1593.42,93.0
84,175,1421.32,642.71,1596.97,92.0
84,176,1412.49,643.01,1593.36,91.0
84,177,1418.2,643.27,1593.03,90.0
84,178,1416.72,642.79,1595.7,89.0
84,179,1419.34,643.24,1593.33,88.0
84,180,1413.94,642.9,1594.01,87.0
84,181,1416.77,642.49,1592.31,86.0
84,182,1412.33,643.09,1598.66,85.0
84,183,1409.08,642.5,1591.34,84.0
84,184,1418.18,642.99,1593.37,83.0
84,185,1419.03,642.95,1601.95,82.0
84,186,1420.54,642.76,1587.33,81.0
84,187,1412.46,642.81,1589.32,80.0
84,188,1410.81,643.43,1594.01,79.0
84,189,1413.39,642.99,1595.76,78.0
84,190,1414.98,642.73,1592.88,77.0
84,191,1414.49,642.49,1589.57,76.0
84,192,1417.09,642.97,1595.3,75.0
84,193,1416.86,642.74,1587.78,74.0
84,194,1417.86,643.02,1603.33,73.0
84,195,1419.91,643.21,1602.61,72.0
84,196,1415.62,642.9,1596.0,71.0
84,197,1420.42,643.45,1597.56,70.0
84,198,1417.19,642.72,1591.76,69.0
84,199,1416.01,643.07,1588.47,68.0
84,200,1420.3,643.14,1589.53,67.0
84,201,1414.73,643.07,1603.59,66.0
84,202,1415.72,642.57,1600.08,65.0
84,203,1420.62,643.3,1601.75,64.0
84,204,1415.29,643.59,1603.34,63.0
84,205,1425.7,642.96,1597.46,62.0
84,206,1417.2,643.33,1594.48,61.0
84,207,1418.06,642.95,1601.07,60.0
84,208,1425.05,642.87,1593.26,59.0
84,209,1420.4,643.12,1600.76,58.0
84,210,1418.21,643.46,1595.72,57.0
84,211,1417.92,642.77,1596.57,56.0
84,212,1418.69,643.27,1596.19,55.0
84,213,1418.3,643.18,1595.11,54.0
84,214,1422.9,643.16,1593.43,53.0
84,215,1423.29,643.11,1592.57,52.0
84,216,1417.51,643.13,1596.97,51.0
84,217,1412.61,642.89,1597.06,50.0
84,218,1414.09,642.92,1594.07,49.0
84,219,1427.42,642.94,1598.13,48.0
84,220,1424.73,643.41,1589.45,47.0
84,221,1424.16,643.35,1593.91,46.0
84,222,1417.57,643.63,1595.25,45.0
84,223,1421.16,643.42,1597.16,44.0
84,224,1420.93,642.71,1592.77,43.0
84,225,1420.15,642.87,1596.96,42.0
84,226,1422.21,643.26,1593.38,41.0
84,227,1427.1,643.32,1596.47,40.0
84,228,1423.15,642.5,1592.91,39.0
84,229,1422.96,643.35,1593.36,38.0
84,230,1419.91,643.14,1603.23,37.0
84,231,1422.18,644.08,1596.17,36.0
84,232,1425.0,643.05,1598.35,35.0
84,233,1420.96,642.74,1596.1,34.0
84,234,1426.88,643.18,1601.87,33.0
84,235,1420.5,643.53,1598.9,32.0
84,236,1418.31,643.44,1601.21,31.0
84,237,1419.05,643.36,1596.69,30.0
84,238,1431.8,643.33,1608.71,29.0
84,239,1417.63,642.95,1591.92,28.0
84,240,1417.97,643.39,1596.6,27.0
84,241,1426.68,643.12,1608.22,26.0
84,242,1420.64,643.14,1603.06,25.0
84,243,1427.63,643.36,1601.29,24.0
84,244,1425.06,643.57,1596.34,23.0
84,245,1422.77,643.8,1598.4,22.0
84,246,1418.57,643.14,1595.9,21.0
84,247,1423.9,643.65,1611.57,20.0
84,248,1415.04,643.75,1599.69,19.0
84,249,1429.37,643.29,1601.26,18.0
84,250,1422.64,643.27,1599.02,17.0
84,251,1425.2,643.6,1600.32,16.0
84,252,1425.48,643.31,1599.0,15.0
84,253,1425.97,643.49,1604.12,14.0
84,254,1420.56,643.23,1597.37,13.0
84,255,1425.64,643.49,1603.39,12.0
84,256,1430.68,643.24,1597.33,11.0
84,257,1425.2,643.54,1606.44,10.0
84,258,1420.96,644.34,1599.54,9.0
84,259,1430.47,643.12,1603.12,8.0
84,260,1432.91,644.17,1596.12,7.0
84,261,1422.32,643.99,1597.57,6.0
84,262,1430.82,643.03,1608.43,5.0
84,263,1422.61,643.69,1601.97,4.0
84,264,1429.65,643.34,1599.89,3.0
84,265,1436.17,643.87,1598.81,2.0
84,266,1428.1,643.2,1605.59,1.0
84,267,1430.13,643.68,1606.08,0.0
85,1,1404.26,642.31,1580.41,187.0
85,2,1396.63,642.37,1586.83,186.0
85,3,1405.45,642.51,1589.86,185.0
85,4,1399.49,642.43,1591.46,184.0
85,5,1400.7,642.01,1589.04,183.0
85,6,1413.45,642.09,1593.84,182.0
85,7,1410.87,642.47,1589.94,181.0
85,8,1405.42,641.88,1583.06,180.0
85,9,1401.93,642.38,1587.57,179.0
85,10,1405.7,642.59,1590.37,178.0
85,11,1409.61,642.27,1584.08,177.0
85,12,1405.2,642.89,1581.25,176.0
85,13,1409.83,642.2,1586.6,175.0
85,14,1404.09,642.33,1583.61,174.0
85,15,1405.94,642.62,1589.59,173.0
85,16,1410.99,642.77,1582.07,172.0
85,17,1408.9,642.93,1590.99,171.0
85,18,1408.31,642.45,1583.27,170.0
85,19,1403.63,642.56,1588.44,169.0
85,20,1406.19,642.45,1587.99,168.0
85,21,1406.51,642.22,1585.68,167.0
85,22,1403.89,642.2,1582.56,166.0
85,23,1407.79,642.69,1591.33,165.0
85,24,1401.73,642.11,1584.62,164.0
85,25,1404.21,642.47,1585.34,163.0
85,26,1401.23,642.71,1584.58,162.0
85,27,1402.45,642.64,1588.68,161.0
85,28,1403.32,642.4,1586.99,160.0
85,29,1410.27,642.45,1583.65,159.0
85,30,1407.82,642.73,1589.19,158.0
85,31,1406.62,642.45,1591.3,157.0
85,32,1403.3,642.37,1581.62,156.0
85,33,1403.23,642.47,1591.44,155.0
85,34,1401.66,642.28,1588.51,154.0
85,35,1404.63,642.67,1588.03,153.0
85,36,1403.25,641.96,1585.14,152.0
85,37,1411.28,642.99,1593.95,151.0
85,38,1405.04,642.14,1583.88,150.0
85,39,1402.04,642.57,1587.6,149.0
85,40,1402.5,642.82,1592.13,148.0
85,41,1403.02,642.57,1591.49,147.0
85,42,1399.22,642.45,1589.39,146.0
85,43,1405.57,642.73,1584.77,145.0
85,44,1410.37,642.72,1588.86,144.0
85,45,1408.48,642.67,1590.15,143.0
85,46,1401.9,642.16,1591.45,142.0
85,47,1401.53,642.63,1584.1,141.0
85,48,1412.91,642.73,1587.05,140.0
85,49,1407.72,642.44,1594.21,139.0
85,50,1408.59,642.4,1592.68,138.0
85,51,1408.1,642.41,1584.81,137.0
85,52,1406.78,642.2,1594.58,136.0
85,53,1400.61,642.42,1586.59,135.0
85,54,1407.74,642.2,1597.03,134.0
85,55,1399.76,642.76,1589.41,133.0
85,56,1403.97,642.64,1590.52,132.0
85,57,1401.59,642.69,1584.34,131.0
85,58,1401.53,642.86,1587.55,130.0
85,59,1405.76,642.41,1581.12,129.0
85,60,1398.84,642.13,1592.98,128.0
85,61,1400.56,642.85,1581.17,127.0
85,62,1402.85,643.08,1591.1,126.0
85,63,1405.09,642.18,1592.59,125.0
85,64,1402.52,642.72,1579.92,124.0
85,65,1401.01,642.63,1592.43,123.0
85,66,1407.31,641.81,1591.27,122.0
85,67,1406.84,642.52,1587.97,121.0
85,68,1405.33,642.74,1587.66,120.0
85,69,1403.06,642.66,1586.48,119.0
85,70,1412.08,642.54,1587.26,118.0
85,71,1405.49,642.82,1592.67,117.0
85,72,1410.57,642.67,1590.62,116.0
85,73,1402.76,642.93,1581.63,115.0
85,74,1412.5,642.31,1586.88,114.0
85,75,1402.67,642.55,1582.42,113.0
85,76,1410.46,642.86,1587.6,112.0
85,77,1411.77,642.22,1589.93,111.0
85,78,1412.78,642.8,1584.81,110.0
85,79,1406.39,642.43,1586.15,109.0
85,80,1405.24,642.81,1586.53,108.0
85,81,1401.47,642.26,1582.11,107.0
85,82,1409.23,642.08,1588.66,106.0
85,83,1406.19,642.83,1592.39,105.0
85,84,1414.89,642.69,1588.56,104.0
85,85,1407.92,642.48,1582.32,103.0
85,86,1404.08,642.91,1582.74,102.0
85,87,1403.38,642.58,1583.6,101.0
85,88,1407.13,642.19,1597.43,100.0
85,89,1410.43,643.02,1585.05,99.0
85,90,1405.35,642.84,1587.94,98.0
85,91,1406.98,642.35,1594.29,97.0
85,92,1403.7,642.72,1586.52,96.0
85,93,1409.68,642.75,1596.04,95.0
85,94,1405.02,642.36,1578.67,94.0
85,95,1409.58,642.56,1589.13,93.0
85,96,1399.48,642.34,1591.16,92.0
85,97,1401.69,643.07,1591.43,91.0
85,98,1406.18,642.63,1596.99,90.0
85,99,1408.28,642.59,1600.02,89.0
85,100,1403.27,642.84,1590.36,88.0
85,101,1397.88,642.93,1591.15,87.0
85,102,1407.96,642.52,1585.43,86.0
85,103,1410.06,642.92,1587.12,85.0
85,104,1409.17,642.51,1597.02,84.0
85,105,1408.2,642.56,1590.93,83.0
85,106,1407.18,642.63,1587.61,82.0
85,107,1414.46,642.78,1588.13,81.0
85,108,1418.74,642.62,1589.73,80.0
85,109,1403.84,642.47,1594.3,79.0
85,110,1410.89,642.0,1595.15,78.0
85,111,1407.94,642.74,1586.38,77.0
85,112,1411.02,642.99,1584.86,76.0
85,113,1415.26,642.66,1589.26,75.0
85,114,1411.23,642.81,1589.85,74.0
85,115,1412.62,642.39,1594.41,73.0
85,116,1406.09,642.49,1594.11,72.0
85,117,1416.04,642.58,1590.6,71.0
85,118,1410.84,643.07,1588.18,70.0
85,119,1410.29,642.55,1591.65,69.0
85,120,1405.96,642.71,1586.63,68.0
85,121,1413.09,642.9,1592.26,67.0
85,122,1415.86,642.99,1588.02,66.0
85,123,1415.71,642.67,1590.84,65.0
85,124,1413.87,642.6,1591.6,64.0
85,125,1411.02,642.73,1588.86,63.0
85,126,1410.98,642.48,1582.8,62.0
85,127,1407.35,642.62,1596.08,61.0
85,128,1412.49,642.78,1598.95,60.0
85,129,1413.53,642.86,1588.62,59.0
85,130,1414.7,642.73,1593.66,58.0
85,131,1417.53,643.16,1589.06,57.0
85,132,1405.27,642.93,1589.54,56.0
85,133,1419.04,642.94,1585.82,55.0
85,134,1412.86,642.91,1595.81,54.0
85,135,1406.59,642.82,1597.07,53.0
85,136,1415.14,642.74,1592.28,52.0
85,137,1415.8,642.8,1590.67,51.0
85,138,1415.5,642.77,1590.16,50.0
85,139,1414.03,642.45,1589.38,49.0
85,140,1414.74,642.56,1593.74,48.0
85,141,1416.22,642.83,1594.54,47.0
85,142,1414.78,642.56,1589.95,46.0
85,143,1406.55,642.99,1599.37,45.0
85,144,1416.24,642.62,1587.55,44.0
85,145,1414.98,643.1,1589.98,43.0
85,146,1418.23,643.05,1593.06,42.0
85,147,1415.85,642.84,1589.75,41.0
85,148,1413.16,642.98,1595.08,40.0
85,149,1417.62,643.27,1597.14,39.0
85,150,1418.69,642.84,1599.33,38.0
85,151,1416.15,643.1,1596.68,37.0
85,152,1419.63,643.63,1595.65,36.0
85,153,1416.61,643.21,1593.73,35.0
85,154,1410.2,642.43,1598.05,34.0
85,155,1415.3,642.44,1590.34,33.0
85,156,1413.48,642.8,1588.51,32.0
85,157,1410.03,642.85,1593.68,31.0
85,158,1412.39,643.18,1596.09,30.0
85,159,1419.17,643.04,1596.61,29.0
85,160,1411.77,643.44,1595.24,28.0
85,161,1423.21,642.96,1587.66,27.0
85,162,1418.08,643.09,1595.75,26.0
85,163,1420.38,643.54,1596.76,25.0
85,164,1423.33,642.91,1594.25,24.0
85,165,1419.58,643.72,1602.42,23.0
85,166,1419.23,643.4,1595.43,22.0
85,167,1418.52,643.16,1592.47,21.0
85,168,1420.12,643.53,1598.6,20.0
85,169,1418.24,644.0,1594.95,19.0
85,170,1422.63,642.96,1604.75,18.0
85,171,1421.75,642.85,1597.2,17.0
85,172,1419.92,643.44,1597.6,16.0
85,173,1423.19,643.29,1600.69,15.0
85,174,1415.58,643.04,1600.66,14.0
85,175,1426.56,643.38,1602.32,13.0
85,176,1420.49,643.54,1589.61,12.0
85,177,1423.15,643.61,1600.52,11.0
85,178,1423.46,643.26,1596.33,10.0
85,179,1425.33,643.18,1595.08,9.0
85,180,1417.81,643.07,1602.45,8.0
85,181,1426.82,643.54,1600.93,7.0
85,182,1427.47,643.71,1596.88,6.0
85,183,1433.5,643.53,1593.83,5.0
85,184,1422.37,643.02,1604.28,4.0
85,185,1430.94,643.47,1596.5,3.0
85,186,1430.96,643.7,1598.59,2.0
85,187,1430.78,644.02,1597.34,1.0
85,188,1434.88,643.64,1603.1,0.0
86,1,1408.42,643.06,1593.71,277.0
86,2,1407.07,642.41,1602.39,276.0
86,3,1407.67,642.79,1583.74,275.0
86,4,1399.32,642.28,1587.97,274.0
86,5,1407.85,642.5,1589.78,273.0
86,6,1407.62,643.16,1591.03,272.0
86,7,1403.66,642.35,1585.02,271.0
86,8,1409.89,643.01,1582.3,270.0
86,9,1401.55,642.29,1586.49,269.0
86,10,1401.4,642.62,1587.37,268.0
86,11,1398.88,642.76,1590.64,267.0
86,12,1404.37,642.41,1589.18,266.0
86,13,1403.51,642.56,1590.84,265.0
86,14,1411.21,642.43,1582.7,264.0
86,15,1406.71,642.56,1584.94,263.0
86,16,1399.81,642.73,1590.43,262.0
86,17,1400.08,642.68,1587.61,261.0
86,18,1397.51,642.65,1596.39,260.0
86,19,1404.43,642.39,1583.43,259.0
86,20,1407.81,642.71,1589.02,258.0
86,21,1399.7,643.02,1583.21,257.0
86,22,1401.87,642.56,1585.53,256.0
86,23,1401.04,642.26,1595.97,255.0
86,24,1402.5,642.74,1592.33,254.0
86,25,1400.92,642.81,1592.84,253.0
86,26,1408.56,642.4,1586.33,252.0
86,27,1409.87,642.51,1587.01,251.0
86,28,1408.34,641.94,1589.52,250.0
86,29,1413.44,642.99,1586.9,249.0
86,30,1401.92,642.19,1590.91,248.0
86,31,1405.33,642.71,1593.2,247.0
86,32,1399.02,642.38,1590.33,246.0
86,33,1404.7,642.37,1582.81,245.0
86,34,1398.87,642.72,1585.37,244.0
86,35,1402.49,642.38,1589.25,243.0
86,36,1411.38,642.8,1593.92,242.0
86,37,1412.6,641.84,1586.45,241.0
86,38,1399.96,642.48,1591.15,240.0
86,39,1405.4,642.33,1597.22,239.0
86,40,1404.15,642.9,1590.45,238.0
86,41,1406.4,642.69,1588.28,237.0
86,42,1403.82,642.23,1590.17,236.0
86,43,1408.55,642.74,1587.99,235.0
86,44,1403.1,642.62,1584.55,234.0
86,45,1410.07,641.97,1587.81,233.0
86,46,1406.04,642.24,1584.39,232.0
86,47,1409.34,642.65,1590.59,231.0
86,48,1401.64,643.06,1590.42,230.0
86,49,1406.5,642.29,1591.79,229.0
86,50,1403.81,642.26,1589.55,228.0
86,51,1399.45,642.66,1583.73,227.0
86,52,1406.82,642.46,1589.21,226.0
86,53,1404.72,642.75,1590.01,225.0
86,54,1397.15,643.09,1592.38,224.0
86,55,1409.0,642.37,1587.23,223.0
86,56,1401.06,642.62,1590.77,222.0
86,57,1398.71,642.22,1588.04,221.0
86,58,1402.77,641.93,1588.93,220.0
86,59,1408.69,642.73,1592.78,219.0
86,60,1407.02,642.64,1586.12,218.0
86,61,1401.75,642.07,1589.33,217.0
86,62,1405.16,642.66,1585.04,216.0
86,63,1401.09,642.13,1591.25,215.0
86,64,1399.72,642.56,1596.0,214.0
86,65,1404.89,642.28,1585.13,213.0
86,66,1407.88,643.13,1595.27,212.0
86,67,1409.63,642.67,1590.19,211.0
86,68,1403.02,642.63,1581.87,210.0
86,69,1404.8,642.67,1591.71,209.0
86,70,1399.66,642.78,1593.82,208.0
86,71,1408.77,642.86,1587.04,207.0
86,72,1408.97,642.17,1585.11,206.0
86,73,1403.74,642.57,1590.24,205.0
86,74,1399.68,642.82,1584.66,204.0
86,75,1408.74,642.86,1589.88,203.0
86,76,1405.48,642.63,1584.85,202.0
86,77,1403.84,642.42,1584.13,201.0
86,78,1409.85,642.65,1596.66,200.0
86,79,1401.95,641.79,1590.86,199.0
86,80,1410.8,642.87,1594.69,198.0
86,81,1400.43,642.3,1592.74,197.0
86,82,1400.16,642.23,1588.83,196.0
86,83,1414.48,642.92,1587.5,195.0
86,84,1403.45,642.87,1586.72,194.0
86,85,1403.68,642.41,1586.38,193.0
86,86,1403.57,642.29,1589.79,192.0
86,87,1406.25,642.84,1587.57,191.0
86,88,1405.39,642.3,1583.97,190.0
86,89,1401.04,642.33,1592.81,189.0
86,90,1404.52,642.79,1587.38,188.0
86,91,1407.73,642.42,1594.95,187.0
86,92,1408.96,642.52,1585.68,186.0
86,93,1408.24,641.78,1589.33,185.0
86,94,1396.55,642.48,1598.85,184.0
86,95,1409.29,642.55,1585.16,183.0
86,96,1402.59,642.72,1590.2,182.0
86,97,1409.0,642.44,1590.79,181.0
86,98,1405.74,642.84,1584.06,180.0
86,99,1398.4,642.55,1588.6,179.0
86,100,1404.37,642.46,1586.94,178.0
86,101,1414.19,642.27,1588.51,177.0
86,102,1401.84,642.12,1587.56,176.0
86,103,1411.57,642.14,1591.57,175.0
86,104,1412.47,642.56,1588.26,174.0
86,105,1408.35,642.85,1586.84,173.0
86,106,1402.23,642.87,1583.57,172.0
86,107,1404.61,642.07,1591.89,171.0
86,108,1413.69,642.55,1584.52,170.0
86,109,1400.6,642.21,1591.23,169.0
86,110,1404.62,642.52,1586.58,168.0
86,111,1412.05,642.51,1589.44,167.0
86,112,1404.91,642.44,1585.28,166.0
86,113,1403.21,642.85,1587.49,165.0
86,114,1406.54,642.33,1591.12,164.0
86,115,1399.22,642.46,1585.45,163.0
86,116,1403.44,643.01,1591.99,162.0
86,117,1409.88,642.95,1586.9,161.0
86,118,1403.88,642.51,1589.66,160.0
86,119,1410.15,642.66,1593.37,159.0
86,120,1406.47,642.23,1591.3,158.0
86,121,1411.55,642.72,1594.7,157.0
86,122,1405.14,643.05,1586.44,156.0
86,123,1403.93,642.64,1589.29,155.0
86,124,1406.5,642.65,1585.95,154.0
86,125,1405.79,642.05,1595.51,153.0
86,126,1407.17,642.63,1586.75,152.0
86,127,1400.97,642.51,1587.29,151.0
86,128,1404.41,642.32,1597.15,150.0
86,129,1406.03,642.41,1588.95,149.0
86,130,1408.43,642.88,1588.9,148.0
86,131,1408.46,642.31,1588.28,147.0
86,132,1407.2,641.71,1588.77,146.0
86,133,1406.57,642.28,1589.01,145.0
86,134,1415.72,642.61,1590.46,144.0
86,135,1400.14,642.62,1589.19,143.0
86,136,1398.04,642.75,1585.5,142.0
86,137,1409.55,642.34,1588.93,141.0
86,138,1403.95,642.75,1586.62,140.0
86,139,1406.16,642.82,1591.15,139.0
86,140,1412.52,642.5,1592.21,138.0
86,141,1410.79,642.83,1591.5,137.0
86,142,1419.51,642.56,1586.2,136.0
86,143,1409.57,642.6,1592.73,135.0
86,144,1414.97,642.69,1589.63,134.0
86,145,1406.2,642.22,1596.51,133.0
86,146,1411.44,642.37,1592.56,132.0
86,147,1407.24,642.83,1588.8,131.0
86,148,1407.06,642.28,1593.4,130.0
86,149,1411.52,642.41,1600.85,129.0
86,150,1408.32,642.95,1591.17,128.0
86,151,1406.46,642.77,1600.2,127.0
86,152,1406.14,642.53,1576.97,126.0
86,153,1410.03,642.92,1583.45,125.0
86,154,1411.58,642.94,1589.0,124.0
86,155,1409.78,642.16,1590.13,123.0
86,156,1411.31,642.7,1587.09,122.0
86,157,1410.56,642.77,1595.92,121.0
86,158,1404.83,642.62,1597.68,120.0
86,159,1405.09,642.38,1595.28,119.0
86,160,1420.97,642.48,1595.97,118.0
86,161,1409.65,642.72,1586.1,117.0
86,162,1414.57,642.67,1598.78,116.0
86,163,1404.93,642.68,1587.0,115.0
86,164,1407.99,643.09,1597.33,114.0
86,165,1410.11,642.86,1586.84,113.0
86,166,1407.36,642.5,1584.96,112.0
86,167,1407.77,642.58,1592.23,111.0
86,168,1418.3,642.77,1590.79,110.0
86,169,1410.96,642.65,1591.65,109.0
86,170,1416.82,642.51,1590.42,108.0
86,171,1415.5,642.6,1586.51,107.0
86,172,1419.38,642.36,1593.31,106.0
86,173,1404.28,642.53,1586.88,105.0
86,174,1412.62,642.81,1594.15,104.0
86,175,1418.71,642.84,1598.09,103.0
86,176,1411.73,643.1,1593.97,102.0
86,177,1414.81,643.08,1595.03,101.0
86,178,1413.78,643.13,1590.57,100.0
86,179,1419.92,643.36,1589.89,99.0
86,180,1411.1,642.48,1583.08,98.0
86,181,1409.94,642.75,1597.61,97.0
86,182,1409.47,642.33,1586.93,96.0
86,183,1410.74,642.92,1587.02,95.0
86,184,1407.53,642.89,1596.74,94.0
86,185,1418.54,642.79,1587.89,93.0
86,186,1402.73,643.37,1594.92,92.0
86,187,1409.2,643.17,1595.69,91.0
86,188,1416.28,641.89,1593.97,90.0
86,189,1415.6,643.04,1595.87,89.0
86,190,1408.38,642.85,1591.71,88.0
86,191,1406.86,643.09,1594.57,87.0
86,192,1408.09,642.79,1590.54,86.0
86,193,1412.65,642.4,1593.63,85.0
86,194,1414.5,643.14,1585.12,84.0
86,195,1413.6,642.4,1586.95,83.0
86,196,1408.03,643.33,1588.21,82.0
86,197,1414.18,643.04,1594.28,81.0
86,198,1423.74,642.32,1591.02,80.0
86,199,1411.43,643.07,1585.29,79.0
86,200,1415.46,642.76,1594.51,78.0
86,201,1413.96,642.71,1597.73,77.0
86,202,1410.48,642.51,1594.56,76.0
86,203,1416.79,642.84,1597.18,75.0
86,204,1416.37,643.06,1596.08,74.0
86,205,1419.62,643.59,1594.62,73.0
86,206,1418.03,643.23,1594.77,72.0
86,207,1415.34,643.18,1592.01,71.0
86,208,1417.7,643.25,1596.17,70.0
86,209,1418.72,642.65,1597.58,69.0
86,210,1414.58,642.8,1591.83,68.0
86,211,1420.59,642.71,1593.48,67.0
86,212,1409.22,643.14,1599.12,66.0
86,213,1414.92,643.69,1594.6,65.0
86,214,1412.87,643.17,1584.98,64.0
86,215,1417.88,643.21,1593.14,63.0
86,216,1416.51,643.29,1592.99,62.0
86,217,1419.03,643.11,1598.84,61.0
86,218,1415.43,643.47,1589.17,60.0
86,219,1409.24,643.14,1595.67,59.0
86,220,1417.21,643.39,1596.03,58.0
86,221,1417.84,643.28,1591.48,57.0
86,222,1413.81,642.95,1593.61,56.0
86,223,1410.86,643.9,1594.97,55.0
86,224,1413.61,642.43,1591.28,54.0
86,225,1418.79,643.28,1599.05,53.0
86,226,1415.77,642.63,1592.84,52.0
86,227,1422.58,643.02,1590.67,51.0
86,228,1412.81,642.58,1597.79,50.0
86,229,1414.46,642.83,1597.14,49.0
86,230,1418.73,642.67,1592.23,48.0
86,231,1419.35,643.53,1593.29,47.0
86,232,1420.2,643.19,1595.26,46.0
86,233,1423.96,642.9,1590.3,45.0
86,234,1414.2,642.92,1598.45,44.0
86,235,1421.7,642.78,1601.21,43.0
86,236,1422.84,643.16,1593.64,42.0
86,237,1420.16,643.82,1601.64,41.0
86,238,1422.31,643.41,1600.33,40.0
86,239,1415.36,643.06,1603.49,39.0
86,240,1418.81,643.54,1599.81,38.0
86,241,1416.17,643.37,1594.91,37.0
86,242,1417.66,642.89,1591.71,36.0
86,243,1422.12,643.04,1597.74,35.0
86,244,1423.7,643.64,1596.3,34.0
86,245,1430.07,642.86,1595.58,33.0
86,246,1425.29,643.38,1593.82,32.0
86,247,1422.69,643.41,1598.74,31.0
86,248,1418.77,643.65,1599.4,30.0
86,249,1426.69,642.95,1592.04,29.0
86,250,1425.83,643.11,1602.16,28.0
86,251,1423.63,643.05,1593.66,27.0
86,252,1426.48,643.19,1600.03,26.0
86,253,1425.42,643.5,1592.47,25.0
86,254,1426.27,643.46,1599.47,24.0
86,255,1420.01,643.23,1603.44,23.0
86,256,1425.0,643.35,1597.27,22.0
86,257,1426.22,642.78,1599.85,21.0
86,258,1424.3,643.34,1595.64,20.0
86,259,1434.24,643.69,1595.58,19.0
86,260,1422.68,643.69,1599.07,18.0
86,261,1432.76,643.51,1594.67,17.0
86,262,1425.12,643.35,1596.69,16.0
86,263,1428.64,643.55,1603.81,15.0
86,264,1429.31,643.79,1599.01,14.0
86,265,1418.99,642.69,1600.53,13.0
86,266,1424.4,643.53,1603.98,12.0
86,267,1426.99,643.22,1599.65,11.0
86,268,1427.86,644.04,1604.07,10.0
86,269,1426.76,643.33,1598.4,9.0
86,270,1430.28,643.87,1594.78,8.0
86,271,1427.6,643.5,1597.28,7.0
86,272,1431.44,643.49,1592.34,6.0
86,273,1431.12,643.19,1601.97,5.0
86,274,1420.73,643.82,1599.22,4.0
86,275,1431.45,643.5,1600.49,3.0
86,276,1425.38,643.41,1596.95,2.0
86,277,1431.26,643.03,1602.04,1.0
86,278,1425.47,643.15,1600.16,0.0
87,1,1404.23,642.67,1595.33,177.0
87,2,1411.71,642.43,1587.74,176.0
87,3,1399.03,642.88,1584.1,175.0
87,4,1397.49,642.27,1587.9,174.0
87,5,1405.6,642.45,1585.48,173.0
87,6,1403.27,641.88,1587.93,172.0
87,7,1401.07,642.54,1592.86,171.0
87,8,1400.02,642.41,1587.06,170.0
87,9,1409.1,642.7,1589.73,169.0
87,10,1398.67,642.23,1590.91,168.0
87,11,1408.83,642.58,1578.85,167.0
87,12,1408.14,642.67,1585.02,166.0
87,13,1407.08,642.19,1583.74,165.0
87,14,1401.95,642.03,1589.96,164.0
87,15,1403.65,642.87,1584.61,163.0
87,16,1401.86,642.38,1585.86,162.0
87,17,1405.4,642.67,1589.58,161.0
87,18,1401.84,642.48,1587.68,160.0
87,19,1410.52,642.84,1584.5,159.0
87,20,1405.7,642.21,1588.65,158.0
87,21,1401.96,642.29,1587.97,157.0
87,22,1404.62,642.69,1587.59,156.0
87,23,1402.34,642.32,1582.78,155.0
87,24,1399.98,642.84,1591.34,154.0
87,25,1407.85,642.3,1597.52,153.0
87,26,1402.59,642.56,1590.26,152.0
87,27,1404.56,643.07,1584.95,151.0
87,28,1408.3,642.62,1580.48,150.0
87,29,1403.12,642.26,1590.9,149.0
87,30,1400.58,642.77,1585.57,148.0
87,31,1410.46,642.3,1593.2,147.0
87,32,1406.63,642.94,1581.73,146.0
87,33,1400.67,642.77,1578.5,145.0
87,34,1412.11,642.47,1581.05,144.0
87,35,1407.37,642.31,1583.66,143.0
87,36,1402.09,642.56,1593.87,142.0
87,37,1410.85,642.5,1588.61,141.0
87,38,1399.22,642.63,1595.81,140.0
87,39,1405.47,642.55,1593.07,139.0
87,40,1413.06,642.55,1585.56,138.0
87,41,1404.35,642.67,1580.34,137.0
87,42,1403.48,642.65,1590.73,136.0
87,43,1411.32,642.52,1589.2,135.0
87,44,1402.66,642.51,1587.58,134.0
87,45,1402.98,642.5,1588.66,133.0
87,46,1408.07,642.58,1583.81,132.0
87,47,1406.84,642.16,1591.65,131.0
87,48,1401.25,642.22,1589.94,130.0
87,49,1396.51,642.66,1589.24,129.0
87,50,1412.06,642.44,1588.7,128.0
87,51,1407.25,642.77,1589.88,127.0
87,52,1412.9,642.45,1594.63,126.0
87,53,1401.93,642.31,1589.75,125.0
87,54,1414.83,642.29,1587.71,124.0
87,55,1406.35,642.85,1584.64,123.0
87,56,1409.17,642.48,1583.87,122.0
87,57,1411.48,642.27,1588.25,121.0
87,58,1407.46,642.4,1584.72,120.0
87,59,1411.54,642.51,1592.67,119.0
87,60,1408.96,642.8,1583.83,118.0
87,61,1408.38,642.53,1592.39,117.0
87,62,1408.53,642.73,1593.02,116.0
87,63,1400.56,642.96,1591.62,115.0
87,64,1405.63,642.55,1585.04,114.0
87,65,1403.53,642.63,1589.11,113.0
87,66,1410.38,642.67,1591.82,112.0
87,67,1409.77,642.24,1588.96,111.0
87,68,1402.54,642.42,1591.45,110.0
87,69,1404.03,642.68,1592.95,109.0
87,70,1405.51,641.95,1584.95,108.0
87,71,1408.13,642.46,1591.93,107.0
87,72,1402.96,642.5,1587.01,106.0
87,73,1412.28,642.58,1589.55,105.0
87,74,1404.55,642.62,1596.33,104.0
87,75,1408.68,642.7,1592.34,103.0
87,76,1407.8,642.39,1592.08,102.0
87,77,1411.11,642.44,1584.11,101.0
87,78,1402.61,642.92,1589.65,100.0
87,79,1407.46,642.77,1587.26,99.0
87,80,1408.29,642.42,1588.67,98.0
87,81,1404.38,642.62,1585.3,97.0
87,82,1398.67,642.77,1589.03,96.0
87,83,1413.2,642.44,1585.57,95.0
87,84,1406.47,642.69,1586.54,94.0
87,85,1412.75,642.9,1583.34,93.0
87,86,1403.4,642.57,1594.44,92.0
87,87,1402.49,642.88,1581.62,91.0
87,88,1405.26,642.42,1587.76,90.0
87,89,1401.27,643.02,1594.77,89.0
87,90,1406.69,642.67,1597.65,88.0
87,91,1410.86,642.53,1594.94,87.0
87,92,1405.14,642.56,1589.7,86.0
87,93,1399.11,642.2,1588.18,85.0
87,94,1417.07,643.31,1594.98,84.0
87,95,1412.2,643.18,1586.61,83.0
87,96,1412.72,643.08,1594.15,82.0
87,97,1402.35,643.32,1583.84,81.0
87,98,1413.36,642.91,1586.47,80.0
87,99,1405.31,642.48,1590.91,79.0
87,100,1401.91,642.54,1588.01,78.0
87,101,1408.98,642.63,1593.8,77.0
87,102,1408.0,641.89,1595.96,76.0
87,103,1404.3,643.2,1590.63,75.0
87,104,1410.48,643.11,1590.31,74.0
87,105,1407.01,642.46,1587.46,73.0
87,106,1410.99,642.71,1591.92,72.0
87,107,1403.87,642.69,1591.23,71.0
87,108,1407.82,642.89,1592.07,70.0
87,109,1407.67,642.69,1591.8,69.0
87,110,1408.0,642.85,1599.6,68.0
87,111,1416.7,643.23,1594.8,67.0
87,112,1406.87,642.92,1588.67,66.0
87,113,1411.7,642.87,1588.2,65.0
87,114,1414.34,642.92,1586.95,64.0
87,115,1417.17,643.4,1595.55,63.0
87,116,1402.2,642.93,1591.74,62.0
87,117,1416.93,642.39,1592.78,61.0
87,118,1412.99,643.02,1593.0,60.0
87,119,1410.54,642.87,1595.71,59.0
87,120,1413.6,642.56,1599.17,58.0
87,121,1417.71,642.9,1598.44,57.0
87,122,1416.66,642.29,1596.09,56.0
87,123,1407.54,642.42,1595.11,55.0
87,124,1410.78,643.29,1592.14,54.0
87,125,1411.23,642.76,1598.65,53.0
87,126,1407.75,642.32,1592.97,52.0
87,127,1416.49,642.85,1587.79,51.0
87,128,1409.41,642.63,1595.88,50.0
87,129,1412.33,643.13,1594.4,49.0
87,130,1416.35,642.77,1588.47,48.0
87,131,1410.21,643.29,1592.19,47.0
87,132,1417.38,642.94,1598.69,46.0
87,133,1411.34,642.57,1600.07,45.0
87,134,1415.48,642.86,1589.95,44.0
87,135,1417.82,643.17,1595.99,43.0
87,136,1414.73,642.9,1594.11,42.0
87,137,1415.8,643.1,1593.83,41.0
87,138,1415.21,642.63,1590.54,40.0
87,139,1415.12,642.93,1594.03,39.0
87,140,1417.36,642.6,1590.06,38.0
87,141,1416.61,643.16,1597.55,37.0
87,142,1418.29,642.99,1588.98,36.0
87,143,1417.63,642.86,1593.18,35.0
87,144,1424.61,643.43,1596.34,34.0
87,145,1424.86,643.22,1595.12,33.0
87,146,1421.96,642.69,1593.51,32.0
87,147,1413.52,643.04,1594.36,31.0
87,148,1421.8,643.08,1589.78,30.0
87,149,1420.58,643.25,1592.62,29.0
87,150,1417.16,643.36,1597.6,28.0
87,151,1417.63,642.74,1593.36,27.0
87,152,1419.37,643.45,1600.35,26.0
87,153,1415.82,643.27,1595.12,25.0
87,154,1422.24,643.01,1593.6,24.0
87,155,1417.08,642.92,1594.26,23.0
87,156,1421.16,642.6,1596.0,22.0
87,157,1424.07,643.36,1600.61,21.0
87,158,1417.94,643.97,1596.9,20.0
87,159,1419.85,643.83,1605.11,19.0
87,160,1416.58,643.53,1593.46,18.0
87,161,1422.12,643.51,1600.8,17.0
87,162,1427.56,643.51,1594.77,16.0
87,163,1429.33,643.19,1599.47,15.0
87,164,1424.29,643.37,1600.31,14.0
87,165,1423.87,643.28,1604.21,13.0
87,166,1424.95,643.35,1604.57,12.0
87,167,1425.07,643.54,1598.55,11.0
87,168,1422.45,643.39,1603.78,10.0
87,169,1420.46,643.27,1601.18,9.0
87,170,1422.7,644.13,1600.38,8.0
87,171,1425.41,643.76,1606.22,7.0
87,172,1426.82,643.57,1598.99,6.0
87,173,1426.94,643.23,1594.31,5.0
87,174,1437.64,643.41,1594.39,4.0
87,175,1428.38,643.78,1597.02,3.0
87,176,1424.05,643.84,1600.14,2.0
87,177,1432.55,643.8,1600.61,1.0
87,178,1433.25,643.44,1597.69,0.0
88,1,1404.47,642.31,1573.02,212.0
88,2,1398.07,642.37,1586.55,211.0
88,3,1404.04,642.38,1587.81,210.0
88,4,1407.34,642.21,1582.43,209.0
88,5,1400.4,641.62,1589.79,208.0
88,6,1397.61,642.28,1581.29,207.0
88,7,1397.19,642.4,1585.57,206.0
88,8,1400.92,641.25,1595.7,205.0
88,9,1402.79,641.61,1587.22,204.0
88,10,1409.88,642.38,1586.48,203.0
88,11,1396.04,642.32,1584.26,202.0
88,12,1404.95,642.46,1597.2,201.0
88,13,1398.11,642.64,1586.36,200.0
88,14,1399.14,642.14,1580.73,199.0
88,15,1404.19,642.5,1586.02,198.0
88,16,1398.7,642.02,1590.08,197.0
88,17,1399.59,642.45,1583.27,196.0
88,18,1393.01,642.42,1591.09,195.0
88,19,1405.99,642.27,1585.02,194.0
88,20,1401.85,642.45,1586.58,193.0
88,21,1409.21,642.38,1588.01,192.0
88,22,1403.76,643.01,1581.67,191.0
88,23,1401.52,642.28,1581.44,190.0
88,24,1403.41,642.17,1599.5,189.0
88,25,1401.83,642.0,1587.15,188.0
88,26,1404.67,642.74,1581.69,187.0
88,27,1392.35,642.38,1586.57,186.0
88,28,1401.59,641.87,1583.78,185.0
88,29,1404.65,642.33,1587.56,184.0
88,30,1401.94,642.66,1586.44,183.0
88,31,1393.01,642.51,1580.45,182.0
88,32,1396.38,642.67,1594.03,181.0
88,33,1404.44,642.34,1588.92,180.0
88,34,1404.85,642.19,1591.56,179.0
88,35,1402.76,642.67,1580.31,178.0
88,36,1407.39,642.64,1583.63,177.0
88,37,1391.57,642.3,1587.86,176.0
88,38,1398.67,642.28,1582.47,175.0
88,39,1397.96,641.96,1584.53,174.0
88,40,1406.06,642.33,1581.3,173.0
88,41,1403.88,642.82,1583.25,172.0
88,42,1409.08,642.32,1584.32,171.0
88,43,1407.6,642.08,1582.17,170.0
88,44,1406.2,642.55,1591.19,169.0
88,45,1406.29,642.5,1583.96,168.0
88,46,1402.63,641.88,1586.23,167.0
88,47,1403.35,642.42,1586.36,166.0
88,48,1403.07,642.16,1581.44,165.0
88,49,1403.53,642.71,1588.19,164.0
88,50,1396.06,643.22,1583.22,163.0
88,51,1403.3,642.4,1583.52,162.0
88,52,1405.08,642.45,1590.23,161.0
88,53,1401.05,641.7,1592.28,160.0
88,54,1398.09,642.03,1587.62,159.0
88,55,1405.29,642.11,1585.47,158.0
88,56,1409.64,642.22,1584.4,157.0
88,57,1398.02,642.86,1585.06,156.0
88,58,1399.36,642.38,1585.02,155.0
88,59,1400.94,642.27,1594.57,154.0
88,60,1406.92,643.0,1588.58,153.0
88,61,1402.01,642.12,1591.48,152.0
88,62,1409.82,642.28,1590.97,151.0
88,63,1402.38,642.36,1584.27,150.0
88,64,1398.97,641.92,1586.61,149.0
88,65,1408.82,642.26,1585.88,148.0
88,66,1403.75,642.31,1586.63,147.0
88,67,1406.94,642.32,1584.51,146.0
88,68,1402.46,642.77,1591.31,145.0
88,69,1402.92,641.96,1586.07,144.0
88,70,1407.31,642.89,1586.13,143.0
88,71,1402.09,642.61,1587.43,142.0
88,72,1403.05,641.91,1589.27,141.0
88,73,1394.35,642.3,1582.39,140.0
88,74,1404.69,641.59,1576.19,139.0
88,75,1400.82,642.99,1587.18,138.0
88,76,1405.74,642.98,1592.79,137.0
88,77,1397.83,642.28,1592.92,136.0
88,78,1395.07,642.5,1587.62,135.0
88,79,1403.09,642.6,1588.62,134.0
88,80,1398.43,641.9,1593.79,133.0
88,81,1402.74,641.87,1591.18,132.0
88,82,1401.57,642.0,1582.85,131.0
88,83,1408.26,642.64,1593.14,130.0
88,84,1403.89,642.46,1585.98,129.0
88,85,1406.73,642.23,1587.95,128.0
88,86,1408.22,642.7,1586.58,127.0
88,87,1407.05,642.43,1584.57,126.0
88,88,1400.68,642.47,1585.26,125.0
88,89,1401.72,642.56,1584.69,124.0
88,90,1405.4,642.42,1590.93,123.0
88,91,1404.5,642.59,1585.82,122.0
88,92,1407.05,642.67,1580.48,121.0
88,93,1405.64,642.32,1588.28,120.0
88,94,1410.6,642.78,1593.8,119.0
88,95,1405.62,642.32,1586.87,118.0
88,96,1405.2,642.18,1592.04,117.0
88,97,1403.53,642.45,1591.36,116.0
88,98,1403.99,642.67,1594.54,115.0
88,99,1405.01,642.19,1589.56,114.0
88,100,1403.23,642.65,1586.68,113.0
88,101,1401.36,642.21,1594.52,112.0
88,102,1404.68,642.29,1589.29,111.0
88,103,1396.68,642.79,1585.72,110.0
88,104,1410.43,642.65,1591.24,109.0
88,105,1411.72,642.63,1587.95,108.0
88,106,1407.08,642.71,1593.73,107.0
88,107,1412.92,642.42,1587.09,106.0
88,108,1413.46,642.69,1588.3,105.0
88,109,1408.15,642.91,1595.58,104.0
88,110,1405.06,642.53,1591.98,103.0
88,111,1404.18,642.36,1587.02,102.0
88,112,1399.82,643.24,1590.93,101.0
88,113,1408.77,642.74,1597.78,100.0
88,114,1411.13,642.35,1589.83,99.0
88,115,1407.18,641.69,1584.06,98.0
88,116,1402.12,642.79,1585.42,97.0
88,117,1407.61,642.67,1593.69,96.0
88,118,1411.52,642.72,1591.2,95.0
88,119,1408.03,642.01,1587.31,94.0
88,120,1404.48,642.39,1585.91,93.0
88,121,1404.14,643.07,1588.51,92.0
88,122,1405.13,642.67,1594.34,91.0
88,123,1414.42,642.78,1583.07,90.0
88,124,1412.05,642.34,1594.32,89.0
88,125,1402.34,642.73,1591.32,88.0
88,126,1399.49,642.3,1596.47,87.0
88,127,1411.27,643.19,1586.64,86.0
88,128,1407.75,642.8,1590.55,85.0
88,129,1403.9,643.19,1591.45,84.0
88,130,1408.04,642.45,1584.71,83.0
88,131,1409.17,642.22,1578.87,82.0
88,132,1416.25,641.94,1587.5,81.0
88,133,1407.72,642.9,1588.08,80.0
88,134,1410.41,642.31,1587.69,79.0
88,135,1406.97,642.55,1588.85,78.0
88,136,1412.92,642.96,1593.72,77.0
88,137,1409.51,642.74,1595.95,76.0
88,138,1408.68,642.49,1589.68,75.0
88,139,1403.99,642.17,1591.02,74.0
88,140,1409.49,643.1,1587.71,73.0
88,141,1412.52,642.59,1589.18,72.0
88,142,1412.7,643.05,1592.49,71.0
88,143,1403.41,642.54,1592.8,70.0
88,144,1407.8,642.39,1593.12,69.0
88,145,1408.87,642.85,1589.5,68.0
88,146,1415.48,642.85,1593.45,67.0
88,147,1407.66,642.74,1597.65,66.0
88,148,1404.42,642.2,1593.18,65.0
88,149,1415.82,642.96,1595.99,64.0
88,150,1409.01,642.57,1592.11,63.0
88,151,1405.84,642.72,1585.7,62.0
88,152,1406.36,642.55,1590.24,61.0
88,153,1406.75,642.46,1593.6,60.0
88,154,1411.8,642.59,1599.4,59.0
88,155,1408.66,643.26,1596.9,58.0
88,156,1412.41,642.27,1588.44,57.0
88,157,1416.21,642.57,1591.56,56.0
88,158,1417.7,642.81,1593.36,55.0
88,159,1411.91,642.9,1588.87,54.0
88,160,1411.41,642.34,1593.04,53.0
88,161,1408.57,642.7,1593.45,52.0
88,162,1407.15,643.09,1593.24,51.0
88,163,1417.66,642.96,1586.43,50.0
88,164,1408.62,642.4,1593.46,49.0
88,165,1413.84,642.98,1594.26,48.0
88,166,1413.0,643.07,1589.53,47.0
88,167,1415.7,643.04,1597.43,46.0
88,168,1413.31,643.17,1594.36,45.0
88,169,1415.45,642.8,1594.09,44.0
88,170,1416.79,643.21,1592.45,43.0
88,171,1419.93,642.9,1591.05,42.0
88,172,1414.82,642.59,1590.63,41.0
88,173,1414.75,642.94,1595.71,40.0
88,174,1417.44,643.63,1594.39,39.0
88,175,1415.52,642.91,1593.07,38.0
88,176,1418.22,642.89,1593.42,37.0
88,177,1412.65,642.59,1594.09,36.0
88,178,1421.64,642.71,1599.94,35.0
88,179,1416.84,643.51,1594.4,34.0
88,180,1413.7,642.4,1598.73,33.0
88,181,1413.69,643.08,1599.05,32.0
88,182,1414.17,643.15,1591.42,31.0
88,183,1413.74,642.96,1594.45,30.0
88,184,1422.99,643.15,1594.52,29.0
88,185,1415.04,642.88,1607.09,28.0
88,186,1424.94,643.04,1599.34,27.0
88,187,1418.72,643.13,1602.95,26.0
88,188,1418.9,643.07,1594.12,25.0
88,189,1413.71,643.58,1597.75,24.0
88,190,1419.98,643.02,1596.97,23.0
88,191,1416.46,643.18,1593.59,22.0
88,192,1417.65,642.82,1588.17,21.0
88,193,1422.7,643.04,1598.83,20.0
88,194,1417.39,643.49,1599.39,19.0
88,195,1427.33,643.49,1607.65,18.0
88,196,1426.79,643.39,1603.88,17.0
88,197,1421.64,643.38,1603.33,16.0
88,198,1421.86,643.46,1594.53,15.0
88,199,1421.91,643.65,1600.49,14.0
88,200,1426.59,643.56,1589.07,13.0
88,201,1422.46,643.51,1600.06,12.0
88,202,1420.86,643.29,1594.58,11.0
88,203,1430.3,643.37,1594.58,10.0
88,204,1424.41,643.51,1601.71,9.0
88,205,1423.15,643.17,1596.52,8.0
88,206,1430.08,644.2,1596.72,7.0
88,207,1420.87,642.7,1599.83,6.0
88,208,1423.26,643.44,1607.07,5.0
88,209,1425.77,643.42,1597.56,4.0
88,210,1426.06,643.92,1601.2,3.0
88,211,1430.66,644.06,1600.81,2.0
88,212,1437.53,643.58,1598.21,1.0
88,213,1431.92,643.65,1602.86,0.0
89,1,1402.93,642.47,1582.56,216.0
89,2,1398.5,642.05,1586.56,215.0
89,3,1392.73,642.2,1584.76,214.0
89,4,1400.78,641.72,1588.51,213.0
89,5,1411.85,642.31,1587.64,212.0
89,6,1393.88,642.48,1588.88,211.0
89,7,1391.43,642.52,1581.87,210.0
89,8,1400.96,642.31,1584.98,209.0
89,9,1394.86,641.92,1588.23,208.0
89,10,1404.55,642.58,1591.4,207.0
89,11,1402.71,642.02,1584.73,206.0
89,12,1401.01,642.01,1584.41,205.0
89,13,1399.93,642.58,1578.37,204.0
89,14,1400.4,641.9,1584.31,203.0
89,15,1399.47,642.26,1594.02,202.0
89,16,1404.25,642.19,1589.27,201.0
89,17,1390.89,642.43,1584.33,200.0
89,18,1398.72,642.32,1583.23,199.0
89,19,1399.48,642.04,1586.96,198.0
89,20,1404.5,642.95,1584.72,197.0
89,21,1394.49,642.08,1584.99,196.0
89,22,1403.04,642.59,1591.59,195.0
89,23,1404.21,641.67,1585.57,194.0
89,24,1398.94,641.86,1584.29,193.0
89,25,1398.88,642.19,1579.3,192.0
89,26,1399.36,642.24,1581.53,191.0
89,27,1403.67,642.03,1580.0,190.0
89,28,1401.72,642.39,1586.81,189.0
89,29,1400.26,642.22,1585.76,188.0
89,30,1397.71,642.85,1586.04,187.0
89,31,1401.08,642.03,1589.2,186.0
89,32,1393.95,642.02,1582.03,185.0
89,33,1402.34,642.45,1581.35,184.0
89,34,1400.59,641.69,1588.27,183.0
89,35,1392.99,642.39,1596.03,182.0
89,36,1401.27,642.29,1584.9,181.0
89,37,1399.81,642.75,1590.28,180.0
89,38,1398.86,642.04,1590.25,179.0
89,39,1404.84,641.98,1585.94,178.0
89,40,1402.93,642.36,1589.44,177.0
89,41,1393.18,641.79,1589.69,176.0
89,42,1398.1,642.11,1586.29,175.0
89,43,1403.31,642.35,1590.77,174.0
89,44,1399.76,642.47,1581.8,173.0
89,45,1396.67,641.81,1579.99,172.0
89,46,1398.24,642.16,1585.78,171.0
89,47,1395.67,642.29,1597.71,170.0
89,48,1405.7,642.24,1584.89,169.0
89,49,1403.9,642.44,1583.39,168.0
89,50,1403.89,642.32,1589.09,167.0
89,51,1398.84,642.3,1586.23,166.0
89,52,1394.4,642.24,1581.21,165.0
89,53,1407.35,641.92,1585.25,164.0
89,54,1403.94,643.16,1586.37,163.0
89,55,1401.24,642.19,1586.53,162.0
89,56,1401.47,641.77,1585.72,161.0
89,57,1393.35,642.43,1591.5,160.0
89,58,1398.58,642.38,1582.59,159.0
89,59,1407.15,642.94,1589.83,158.0
89,60,1397.54,642.06,1588.33,157.0
89,61,1396.75,641.97,1587.42,156.0
89,62,1401.04,642.86,1584.09,155.0
89,63,1407.82,642.44,1587.58,154.0
89,64,1404.65,641.98,1592.33,153.0
89,65,1395.68,642.45,1583.77,152.0
89,66,1401.28,642.53,1581.34,151.0
89,67,1408.12,642.44,1574.96,150.0
89,68,1400.79,642.51,1583.34,149.0
89,69,1404.66,641.87,1589.89,148.0
89,70,1398.97,642.42,1587.75,147.0
89,71,1402.57,642.23,1589.98,146.0
89,72,1400.94,642.21,1583.02,145.0
89,73,1402.35,641.97,1584.99,144.0
89,74,1400.98,642.44,1587.73,143.0
89,75,1400.25,642.37,1591.54,142.0
89,76,1403.63,641.72,1591.84,141.0
89,77,1400.98,642.9,1589.5,140.0
89,78,1403.13,641.86,1582.7,139.0
89,79,1402.01,641.89,1585.48,138.0
89,80,1398.8,642.45,1589.6,137.0
89,81,1400.64,642.44,1580.42,136.0
89,82,1399.54,642.69,1586.06,135.0
89,83,1405.16,642.54,1583.62,134.0
89,84,1406.15,642.4,1580.86,133.0
89,85,1401.67,642.08,1588.36,132.0
89,86,1407.93,641.97,1581.08,131.0
89,87,1400.1,642.41,1587.55,130.0
89,88,1402.09,642.39,1583.06,129.0
89,89,1402.83,641.9,1583.66,128.0
89,90,1410.97,642.5,1586.44,127.0
89,91,1398.48,642.21,1586.37,126.0
89,92,1400.86,642.27,1579.97,125.0
89,93,1397.37,642.23,1579.12,124.0
89,94,1404.4,642.48,1579.36,123.0
89,95,1399.86,642.47,1581.97,122.0
89,96,1397.01,642.28,1582.75,121.0
89,97,1405.94,642.56,1588.62,120.0
89,98,1398.86,642.43,1580.15,119.0
89,99,1407.23,642.55,1586.23,118.0
89,100,1406.01,642.4,1590.67,117.0
89,101,1404.97,641.99,1591.6,116.0
89,102,1401.33,642.5,1587.82,115.0
89,103,1400.0,642.48,1586.36,114.0
89,104,1396.74,642.45,1586.13,113.0
89,105,1402.04,642.53,1585.83,112.0
89,106,1403.95,642.47,1589.72,111.0
89,107,1392.21,642.21,1590.34,110.0
89,108,1395.28,642.18,1584.0,109.0
89,109,1407.86,642.46,1588.38,108.0
89,110,1403.03,642.62,1589.47,107.0
89,111,1397.86,642.19,1586.77,106.0
89,112,1398.94,642.8,1584.58,105.0
89,113,1408.01,641.48,1587.88,104.0
89,114,1407.14,642.79,1593.25,103.0
89,115,1408.31,642.18,1584.51,102.0
89,116,1407.02,642.15,1592.32,101.0
89,117,1410.13,642.69,1582.62,100.0
89,118,1407.46,642.75,1582.44,99.0
89,119,1407.33,643.09,1592.41,98.0
89,120,1403.8,642.83,1592.85,97.0
89,121,1396.92,642.04,1597.54,96.0
89,122,1400.47,642.63,1589.39,95.0
89,123,1409.84,642.64,1595.56,94.0
89,124,1399.63,642.93,1588.93,93.0
89,125,1406.65,642.59,1592.14,92.0
89,126,1406.45,642.1,1587.55,91.0
89,127,1393.55,642.17,1589.51,90.0
89,128,1400.17,642.46,1592.86,89.0
89,129,1408.47,642.26,1587.92,88.0
89,130,1406.42,642.15,1586.88,87.0
89,131,1408.21,642.61,1595.31,86.0
89,132,1398.95,642.57,1589.95,85.0
89,133,1408.33,642.31,1589.52,84.0
89,134,1401.12,642.31,1589.34,83.0
89,135,1407.12,642.51,1597.43,82.0
89,136,1401.05,642.94,1593.53,81.0
89,137,1409.92,642.49,1587.62,80.0
89,138,1404.76,642.62,1592.13,79.0
89,139,1410.58,642.81,1592.74,78.0
89,140,1408.7,642.23,1588.5,77.0
89,141,1407.7,643.17,1583.37,76.0
89,142,1407.0,642.52,1591.24,75.0
89,143,1411.09,642.5,1590.65,74.0
89,144,1401.75,642.59,1594.79,73.0
89,145,1404.87,643.03,1587.32,72.0
89,146,1407.33,642.94,1589.76,71.0
89,147,1412.8,642.1,1590.36,70.0
89,148,1406.1,642.93,1590.55,69.0
89,149,1409.19,642.21,1595.17,68.0
89,150,1407.3,642.42,1588.46,67.0
89,151,1416.09,642.26,1589.39,66.0
89,152,1412.42,642.78,1586.34,65.0
89,153,1405.23,642.77,1596.33,64.0
89,154,1409.63,642.54,1589.48,63.0
89,155,1410.64,643.12,1591.02,62.0
89,156,1412.99,642.47,1596.3,61.0
89,157,1407.43,642.77,1585.99,60.0
89,158,1404.28,642.85,1591.97,59.0
89,159,1405.65,643.08,1588.0,58.0
89,160,1414.31,642.59,1593.75,57.0
89,161,1409.53,642.77,1586.75,56.0
89,162,1409.93,642.8,1598.31,55.0
89,163,1408.92,642.63,1595.61,54.0
89,164,1408.08,642.64,1595.04,53.0
89,165,1412.88,643.01,1590.95,52.0
89,166,1416.37,642.84,1587.42,51.0
89,167,1416.69,642.83,1588.6,50.0
89,168,1409.55,642.96,1587.56,49.0
89,169,1412.11,642.69,1595.49,48.0
89,170,1408.05,643.09,1594.1,47.0
89,171,1415.33,642.92,1599.61,46.0
89,172,1413.28,642.87,1590.45,45.0
89,173,1412.62,642.76,1593.25,44.0
89,174,1415.61,643.13,1589.33,43.0
89,175,1409.28,642.82,1592.73,42.0
89,176,1418.61,642.91,1595.34,41.0
89,177,1406.56,643.15,1589.87,40.0
89,178,1414.54,643.48,1593.15,39.0
89,179,1411.76,643.38,1589.92,38.0
89,180,1413.79,642.85,1598.1,37.0
89,181,1409.11,642.9,1588.15,36.0
89,182,1418.43,643.56,1596.13,35.0
89,183,1413.45,642.95,1595.04,34.0
89,184,1411.05,642.45,1595.17,33.0
89,185,1418.51,642.84,1599.19,32.0
89,186,1418.5,642.9,1596.8,31.0
89,187,1420.85,642.96,1589.55,30.0
89,188,1411.74,643.3,1604.83,29.0
89,189,1415.77,643.1,1584.4,28.0
89,190,1420.09,642.89,1594.55,27.0
89,191,1412.1,643.4,1595.43,26.0
89,192,1420.85,642.84,1597.03,25.0
89,193,1416.22,643.29,1593.05,24.0
89,194,1413.85,643.36,1588.51,23.0
89,195,1419.15,643.12,1600.09,22.0
89,196,1421.22,643.52,1596.3,21.0
89,197,1421.18,643.3,1600.02,20.0
89,198,1424.43,642.86,1604.79,19.0
89,199,1421.55,643.36,1600.86,18.0
89,200,1430.57,643.68,1596.87,17.0
89,201,1419.0,643.13,1596.76,16.0
89,202,1428.24,643.35,1606.57,15.0
89,203,1424.47,644.08,1600.49,14.0
89,204,1421.7,644.18,1601.77,13.0
89,205,1420.89,643.08,1591.69,12.0
89,206,1421.76,643.32,1597.98,11.0
89,207,1428.42,643.46,1606.5,10.0
89,208,1422.41,643.47,1596.54,9.0
89,209,1430.72,643.7,1605.06,8.0
89,210,1430.95,643.44,1599.78,7.0
89,211,1429.88,643.33,1599.81,6.0
89,212,1432.5,643.21,1598.68,5.0
89,213,1426.52,643.49,1604.45,4.0
89,214,1426.05,643.24,1596.72,3.0
89,215,1430.73,643.39,1603.19,2.0
89,216,1427.66,643.6,1604.76,1.0
89,217,1431.32,643.18,1603.61,0.0
90,1,1394.55,642.34,1584.51,153.0
90,2,1402.94,642.33,1589.07,152.0
90,3,1393.65,641.72,1587.88,151.0
90,4,1403.89,642.22,1585.07,150.0
90,5,1402.97,641.79,1584.47,149.0
90,6,1395.4,642.57,1587.95,148.0
90,7,1400.42,642.48,1581.21,147.0
90,8,1402.67,642.85,1587.27,146.0
90,9,1399.4,642.14,1580.05,145.0
90,10,1391.16,642.21,1584.76,144.0
90,11,1395.12,642.11,1579.96,143.0
90,12,1400.67,642.02,1586.89,142.0
90,13,1407.15,642.74,1586.99,141.0
90,14,1400.2,642.28,1585.37,140.0
90,15,1392.74,642.13,1588.19,139.0
90,16,1403.28,642.35,1582.18,138.0
90,17,1395.63,642.5,1584.17,137.0
90,18,1400.43,642.65,1581.42,136.0
90,19,1402.02,642.34,1585.95,135.0
90,20,1401.89,641.92,1589.11,134.0
90,21,1397.19,642.09,1589.21,133.0
90,22,1396.95,642.42,1585.78,132.0
90,23,1400.84,641.95,1586.65,131.0
90,24,1399.11,642.45,1587.39,130.0
90,25,1401.39,641.94,1584.47,129.0
90,26,1397.96,642.08,1593.52,128.0
90,27,1393.48,641.84,1584.55,127.0
90,28,1395.81,642.91,1593.32,126.0
90,29,1396.49,642.22,1591.19,125.0
90,30,1397.01,642.73,1584.91,124.0
90,31,1396.23,642.61,1589.73,123.0
90,32,1397.03,641.62,1588.54,122.0
90,33,1406.16,642.45,1585.96,121.0
90,34,1398.67,642.2,1578.13,120.0
90,35,1398.09,641.99,1579.63,119.0
90,36,1396.82,642.5,1588.42,118.0
90,37,1402.89,642.45,1584.62,117.0
90,38,1403.54,642.55,1578.62,116.0
90,39,1396.09,642.57,1581.14,115.0
90,40,1397.58,642.06,1582.11,114.0
90,41,1402.55,642.91,1590.05,113.0
90,42,1402.82,642.24,1575.78,112.0
90,43,1394.86,641.98,1592.87,111.0
90,44,1401.08,642.06,1584.53,110.0
90,45,1395.36,642.1,1588.57,109.0
90,46,1397.52,642.19,1587.09,108.0
90,47,1404.73,642.42,1580.04,107.0
90,48,1392.44,641.56,1581.43,106.0
90,49,1396.81,642.87,1587.54,105.0
90,50,1391.38,642.12,1579.53,104.0
90,51,1398.27,642.32,1589.24,103.0
90,52,1398.37,641.9,1581.26,102.0
90,53,1400.21,642.34,1587.55,101.0
90,54,1399.51,642.54,1589.29,100.0
90,55,1403.95,642.26,1584.84,99.0
90,56,1400.04,642.29,1583.17,98.0
90,57,1398.22,642.31,1583.16,97.0
90,58,1402.0,641.91,1585.95,96.0
90,59,1408.35,642.32,1588.81,95.0
90,60,1408.81,642.18,1581.87,94.0
90,61,1400.28,641.82,1581.87,93.0
90,62,1393.41,642.26,1582.67,92.0
90,63,1401.01,641.93,1585.6,91.0
90,64,1403.93,642.08,1585.06,90.0
90,65,1398.09,642.49,1591.68,89.0
90,66,1401.15,642.34,1585.77,88.0
90,67,1401.71,642.12,1586.23,87.0
90,68,1399.15,641.65,1587.27,86.0
90,69,1396.75,642.03,1587.55,85.0
90,70,1404.4,642.07,1588.61,84.0
90,71,1409.67,642.34,1587.84,83.0
90,72,1400.69,642.65,1587.7,82.0
90,73,1401.65,642.38,1585.0,81.0
90,74,1405.37,642.33,1577.86,80.0
90,75,1395.81,642.78,1579.95,79.0
90,76,1401.33,642.64,1590.95,78.0
90,77,1399.25,642.68,1580.45,77.0
90,78,1412.64,641.94,1579.86,76.0
90,79,1399.43,641.8,1589.81,75.0
90,80,1403.35,642.49,1590.17,74.0
90,81,1398.67,642.37,1581.69,73.0
90,82,1404.25,642.0,1587.16,72.0
90,83,1405.97,642.37,1583.99,71.0
90,84,1399.4,642.35,1585.39,70.0
90,85,1400.34,642.55,1585.62,69.0
90,86,1404.39,642.97,1588.35,68.0
90,87,1404.79,642.2,1585.73,67.0
90,88,1404.56,643.13,1592.57,66.0
90,89,1404.5,642.57,1593.21,65.0
90,90,1403.46,642.8,1586.35,64.0
90,91,1399.36,642.54,1584.08,63.0
90,92,1403.68,642.46,1585.07,62.0
90,93,1408.8,642.76,1585.17,61.0
90,94,1415.2,642.55,1583.31,60.0
90,95,1407.07,642.11,1595.76,59.0
90,96,1407.53,642.49,1587.71,58.0
90,97,1414.76,641.96,1591.06,57.0
90,98,1408.32,642.21,1582.66,56.0
90,99,1397.45,642.76,1585.87,55.0
90,100,1400.81,642.25,1591.09,54.0
90,101,1405.43,642.53,1588.48,53.0
90,102,1406.13,642.6,1589.53,52.0
90,103,1404.3,642.12,1589.92,51.0
90,104,1406.61,642.2,1583.49,50.0
90,105,1405.73,642.58,1587.01,49.0
90,106,1415.06,642.3,1582.62,48.0
90,107,1406.53,641.99,1596.56,47.0
90,108,1409.45,642.51,1586.34,46.0
90,109,1406.44,642.65,1582.95,45.0
90,110,1411.78,643.06,1585.43,44.0
90,111,1401.74,642.49,1584.94,43.0
90,112,1405.98,642.8,1593.94,42.0
90,113,1407.6,642.59,1591.1,41.0
90,114,1407.1,643.25,1591.16,40.0
90,115,1413.08,642.85,1582.97,39.0
90,116,1403.74,642.68,1590.98,38.0
90,117,1408.12,642.6,1598.13,37.0
90,118,1409.57,642.46,1592.9,36.0
90,119,1406.44,642.75,1591.07,35.0
90,120,1417.51,643.56,1591.64,34.0
90,121,1410.16,642.33,1593.26,33.0
90,122,1411.62,642.57,1597.06,32.0
90,123,1411.66,642.45,1592.91,31.0
90,124,1411.91,642.51,1593.37,30.0
90,125,1411.49,642.93,1588.73,29.0
90,126,1410.46,643.28,1592.31,28.0
90,127,1411.92,642.82,1589.29,27.0
90,128,1410.35,643.28,1591.68,26.0
90,129,1414.24,642.78,1589.55,25.0
90,130,1415.28,643.3,1591.33,24.0
90,131,1415.12,643.2,1592.49,23.0
90,132,1408.18,642.98,1598.45,22.0
90,133,1408.64,642.87,1599.03,21.0
90,134,1416.61,643.57,1596.94,20.0
90,135,1421.16,643.18,1596.82,19.0
90,136,1420.16,642.67,1593.41,18.0
90,137,1416.45,643.24,1598.25,17.0
90,138,1413.53,643.0,1594.14,16.0
90,139,1422.74,643.37,1591.83,15.0
90,140,1416.95,642.9,1596.24,14.0
90,141,1417.43,643.79,1594.18,13.0
90,142,1422.81,643.16,1601.23,12.0
90,143,1421.25,644.01,1597.86,11.0
90,144,1413.4,643.35,1592.96,10.0
90,145,1419.19,643.45,1598.26,9.0
90,146,1419.16,643.35,1601.97,8.0
90,147,1419.91,643.61,1599.66,7.0
90,148,1421.9,643.24,1595.13,6.0
90,149,1425.79,643.12,1596.89,5.0
90,150,1420.57,643.6,1600.75,4.0
90,151,1426.44,643.64,1594.85,3.0
90,152,1422.35,644.0,1602.68,2.0
90,153,1429.5,643.44,1609.33,1.0
90,154,1434.02,643.6,1598.79,0.0
91,1,1411.03,643.41,1587.82,134.0
91,2,1405.48,642.74,1584.56,133.0
91,3,1409.55,642.61,1593.05,132.0
91,4,1409.82,643.28,1594.84,131.0
91,5,1406.69,643.03,1593.76,130.0
91,6,1411.41,642.93,1596.45,129.0
91,7,1408.83,643.0,1598.93,128.0
91,8,1411.72,642.82,1581.73,127.0
91,9,1406.03,643.29,1591.98,126.0
91,10,1414.98,642.76,1590.23,125.0
91,11,1411.35,643.02,1589.89,124.0
91,12,1406.29,642.8,1586.86,123.0
91,13,1409.2,642.81,1592.2,122.0
91,14,1407.79,642.83,1587.13,121.0
91,15,1410.76,642.05,1585.14,120.0
91,16,1409.89,642.18,1589.4,119.0
91,17,1417.97,643.25,1587.21,118.0
91,18,1407.15,642.81,1589.71,117.0
91,19,1411.79,642.96,1591.9,116.0
91,20,1404.18,642.74,1594.39,115.0
91,21,1410.08,642.41,1589.23,114.0
91,22,1412.68,642.28,1597.86,113.0
91,23,1401.96,643.04,1598.96,112.0
91,24,1418.55,643.32,1593.37,111.0
91,25,1415.18,642.8,1589.91,110.0
91,26,1411.07,642.27,1594.66,109.0
91,27,1409.74,643.01,1585.92,108.0
91,28,1408.2,642.17,1595.63,107.0
91,29,1416.34,642.81,1597.33,106.0
91,30,1411.04,642.77,1594.94,105.0
91,31,1411.22,643.14,1582.25,104.0
91,32,1415.85,642.68,1595.51,103.0
91,33,1412.48,642.98,1594.07,102.0
91,34,1407.43,642.85,1584.26,101.0
91,35,1411.63,642.87,1591.82,100.0
91,36,1409.01,642.64,1595.3,99.0
91,37,1411.27,642.45,1589.87,98.0
91,38,1416.45,642.42,1584.63,97.0
91,39,1415.49,642.64,1591.45,96.0
91,40,1412.1,642.66,1588.14,95.0
91,41,1411.17,642.68,1585.25,94.0
91,42,1410.54,643.45,1598.44,93.0
91,43,1411.55,642.61,1593.71,92.0
91,44,1407.6,642.92,1588.1,91.0
91,45,1409.09,643.07,1593.88,90.0
91,46,1410.16,642.87,1590.17,89.0
91,47,1415.67,643.05,1592.53,88.0
91,48,1411.17,643.16,1591.87,87.0
91,49,1416.56,642.37,1589.87,86.0
91,50,1417.34,643.11,1582.51,85.0
91,51,1415.3,643.14,1586.36,84.0
91,52,1409.98,642.77,1598.85,83.0
91,53,1416.16,642.83,1591.11,82.0
91,54,1413.31,643.1,1600.07,81.0
91,55,1420.09,642.3,1599.84,80.0
91,56,1416.55,642.78,1591.77,79.0
91,57,1415.11,643.21,1590.01,78.0
91,58,1410.09,642.35,1598.28,77.0
91,59,1417.65,643.22,1592.24,76.0
91,60,1412.12,642.67,1589.47,75.0
91,61,1413.74,642.92,1599.01,74.0
91,62,1411.01,643.09,1594.06,73.0
91,63,1412.42,642.57,1600.27,72.0
91,64,1415.97,643.36,1594.07,71.0
91,65,1420.12,642.74,1590.27,70.0
91,66,1413.08,642.94,1591.49,69.0
91,67,1418.3,642.95,1592.06,68.0
91,68,1413.96,643.42,1590.43,67.0
91,69,1412.75,642.89,1587.61,66.0
91,70,1415.21,642.51,1586.98,65.0
91,71,1412.34,642.78,1592.76,64.0
91,72,1412.89,643.35,1594.34,63.0
91,73,1416.51,643.2,1601.27,62.0
91,74,1410.43,643.13,1587.65,61.0
91,75,1419.39,643.05,1596.54,60.0
91,76,1411.68,643.12,1594.54,59.0
91,77,1416.33,643.09,1597.57,58.0
91,78,1419.84,643.18,1594.09,57.0
91,79,1416.28,643.39,1593.69,56.0
91,80,1414.96,642.73,1588.82,55.0
91,81,1412.47,642.49,1594.2,54.0
91,82,1414.51,643.16,1592.77,53.0
91,83,1416.2,642.93,1596.31,52.0
91,84,1414.22,642.55,1596.61,51.0
91,85,1421.05,643.33,1604.36,50.0
91,86,1414.52,642.29,1596.16,49.0
91,87,1417.57,643.61,1595.48,48.0
91,88,1419.12,643.0,1597.89,47.0
91,89,1417.24,643.31,1598.55,46.0
91,90,1415.55,642.84,1591.35,45.0
91,91,1420.89,643.3,1592.89,44.0
91,92,1413.01,642.61,1598.82,43.0
91,93,1421.98,642.47,1603.53,42.0
91,94,1419.99,643.07,1594.6,41.0
91,95,1421.47,643.44,1591.86,40.0
91,96,1417.81,642.74,1594.8,39.0
91,97,1414.77,643.35,1593.93,38.0
91,98,1417.63,643.28,1594.3,37.0
91,99,1419.08,643.27,1593.78,36.0
91,100,1426.6,643.15,1599.1,35.0
91,101,1430.17,643.1,1591.63,34.0
91,102,1414.5,642.8,1591.51,33.0
91,103,1416.64,643.54,1595.52,32.0
91,104,1415.48,643.09,1595.38,31.0
91,105,1421.02,643.63,1589.57,30.0
91,106,1422.37,643.07,1598.4,29.0
91,107,1422.7,643.34,1591.91,28.0
91,108,1422.55,642.79,1596.51,27.0
91,109,1426.58,643.34,1608.82,26.0
91,110,1417.25,643.2,1594.73,25.0
91,111,1420.46,642.93,1601.69,24.0
91,112,1424.38,643.12,1597.42,23.0
91,113,1429.21,643.73,1599.3,22.0
91,114,1427.84,643.64,1602.79,21.0
91,115,1411.61,643.18,1595.55,20.0
91,116,1423.9,643.39,1592.38,19.0
91,117,1412.51,642.97,1591.23,18.0
91,118,1420.95,644.11,1597.95,17.0
91,119,1423.44,643.88,1602.48,16.0
91,120,1428.11,643.05,1596.25,15.0
91,121,1428.75,643.76,1601.18,14.0
91,122,1422.19,643.61,1596.68,13.0
91,123,1420.64,643.8,1601.83,12.0
91,124,1429.54,643.38,1602.86,11.0
91,125,1428.12,643.49,1605.14,10.0
91,126,1428.66,643.63,1602.65,9.0
91,127,1430.48,643.56,1601.57,8.0
91,128,1427.58,643.7,1599.36,7.0
91,129,1427.05,643.49,1600.3,6.0
91,130,1420.74,643.42,1598.99,5.0
91,131,1427.11,642.98,1600.49,4.0
91,132,1428.41,643.91,1596.94,3.0
91,133,1426.55,644.22,1602.83,2.0
91,134,1430.92,643.7,1606.4,1.0
91,135,1432.29,644.04,1607.23,0.0
92,1,1401.89,642.22,1591.86,340.0
92,2,1394.91,642.47,1574.26,339.0
92,3,1408.34,642.59,1587.48,338.0
92,4,1406.09,642.46,1579.68,337.0
92,5,1406.2,641.86,1583.83,336.0
92,6,1410.85,642.41,1586.57,335.0
92,7,1402.28,642.53,1586.81,334.0
92,8,1399.74,642.47,1589.95,333.0
92,9,1401.61,642.56,1587.89,332.0
92,10,1405.64,642.01,1583.57,331.0
92,11,1401.86,642.29,1588.19,330.0
92,12,1403.46,642.17,1582.46,329.0
92,13,1401.89,641.98,1586.12,328.0
92,14,1404.06,641.88,1583.3,327.0
92,15,1406.82,642.53,1583.04,326.0
92,16,1404.36,642.62,1581.02,325.0
92,17,1402.97,642.26,1583.97,324.0
92,18,1404.64,642.24,1587.47,323.0
92,19,1396.34,642.55,1581.12,322.0
92,20,1406.74,641.83,1587.57,321.0
92,21,1402.92,642.75,1591.17,320.0
92,22,1399.67,642.19,1593.1,319.0
92,23,1403.87,642.38,1585.85,318.0
92,24,1401.45,642.28,1594.5,317.0
92,25,1405.56,642.1,1588.83,316.0
92,26,1409.94,642.37,1583.53,315.0
92,27,1409.17,642.39,1578.47,314.0
92,28,1406.98,642.39,1589.61,313.0
92,29,1398.55,642.46,1587.3,312.0
92,30,1400.49,642.24,1585.87,311.0
92,31,1401.56,642.15,1590.49,310.0
92,32,1400.43,642.4,1593.82,309.0
92,33,1405.36,642.03,1575.52,308.0
92,34,1404.28,641.86,1587.08,307.0
92,35,1404.96,642.3,1583.79,306.0
92,36,1398.75,642.22,1588.96,305.0
92,37,1406.02,642.44,1592.49,304.0
92,38,1403.44,642.26,1585.66,303.0
92,39,1405.68,642.58,1584.65,302.0
92,40,1407.95,642.57,1587.86,301.0
92,41,1400.26,642.18,1579.04,300.0
92,42,1396.71,642.99,1589.37,299.0
92,43,1408.18,642.65,1589.07,298.0
92,44,1401.7,642.4,1583.66,297.0
92,45,1405.86,641.89,1582.95,296.0
92,46,1399.62,642.6,1580.43,295.0
92,47,1405.3,642.61,1586.89,294.0
92,48,1409.98,642.04,1583.9,293.0
92,49,1406.93,642.06,1588.85,292.0
92,50,1398.75,642.64,1582.99,291.0
92,51,1402.54,642.08,1592.05,290.0
92,52,1396.02,642.18,1581.25,289.0
92,53,1402.29,642.89,1580.12,288.0
92,54,1403.6,642.84,1579.56,287.0
92,55,1403.66,642.66,1582.76,286.0
92,56,1399.05,642.85,1588.71,285.0
92,57,1402.84,642.03,1579.35,284.0
92,58,1401.77,642.08,1587.71,283.0
92,59,1403.56,642.72,1584.59,282.0
92,60,1403.47,641.96,1589.3,281.0
92,61,1400.86,642.64,1584.43,280.0
92,62,1399.36,642.22,1585.2,279.0
92,63,1401.87,642.12,1586.63,278.0
92,64,1408.18,642.31,1588.9,277.0
92,65,1395.89,642.67,1593.98,276.0
92,66,1404.1,642.36,1590.6,275.0
92,67,1402.49,642.64,1586.0,274.0
92,68,1399.45,642.26,1583.46,273.0
92,69,1396.33,642.48,1580.12,272.0
92,70,1398.82,642.8,1593.82,271.0
92,71,1406.31,642.41,1579.73,270.0
92,72,1399.5,642.67,1587.8,269.0
92,73,1408.25,642.0,1586.93,268.0
92,74,1403.31,642.66,1577.89,267.0
92,75,1400.12,642.19,1585.31,266.0
92,76,1407.18,642.35,1592.59,265.0
92,77,1407.09,641.97,1585.48,264.0
92,78,1394.65,642.58,1583.33,263.0
92,79,1398.13,642.71,1584.84,262.0
92,80,1409.29,642.12,1592.92,261.0
92,81,1397.46,641.99,1592.38,260.0
92,82,1409.01,642.2,1582.61,259.0
92,83,1403.3,642.1,1590.5,258.0
92,84,1399.42,642.41,1589.13,257.0
92,85,1403.75,642.76,1586.64,256.0
92,86,1402.98,642.53,1585.07,255.0
92,87,1401.81,642.49,1580.65,254.0
92,88,1399.18,642.81,1587.19,253.0
92,89,1398.83,642.02,1587.91,252.0
92,90,1404.32,642.29,1589.08,251.0
92,91,1402.8,642.33,1588.32,250.0
92,92,1404.41,642.27,1593.85,249.0
92,93,1402.4,641.95,1587.13,248.0
92,94,1404.18,642.74,1581.4,247.0
92,95,1402.19,642.08,1583.79,246.0
92,96,1403.18,642.63,1586.71,245.0
92,97,1395.75,642.65,1591.87,244.0
92,98,1410.48,642.32,1584.44,243.0
92,99,1398.16,642.7,1579.86,242.0
92,100,1402.36,642.66,1583.79,241.0
92,101,1406.5,642.41,1582.32,240.0
92,102,1404.1,642.33,1584.89,239.0
92,103,1399.17,642.27,1591.58,238.0
92,104,1409.37,642.72,1594.07,237.0
92,105,1401.93,642.75,1585.84,236.0
92,106,1400.6,641.8,1578.55,235.0
92,107,1403.31,642.32,1586.95,234.0
92,108,1406.16,642.49,1589.72,233.0
92,109,1405.23,642.55,1574.86,232.0
92,110,1398.92,642.73,1574.58,231.0
92,111,1411.23,642.56,1587.06,230.0
92,112,1407.36,642.21,1583.19,229.0
92,113,1398.48,642.68,1585.25,228.0
92,114,1401.35,642.19,1587.0,227.0
92,115,1406.12,642.31,1590.35,226.0
92,116,1403.79,642.73,1593.43,225.0
92,117,1407.27,642.16,1587.87,224.0
92,118,1412.04,642.6,1587.68,223.0
92,119,1395.12,642.74,1584.8,222.0
92,120,1404.91,641.98,1588.36,221.0
92,121,1400.67,642.95,1590.41,220.0
92,122,1403.23,641.87,1582.92,219.0
92,123,1406.11,642.56,1590.62,218.0
92,124,1403.57,642.82,1584.71,217.0
92,125,1405.1,642.82,1584.12,216.0
92,126,1405.61,642.17,1589.4,215.0
92,127,1405.9,642.39,1592.98,214.0
92,128,1400.19,642.67,1586.53,213.0
92,129,1404.16,642.44,1590.68,212.0
92,130,1401.79,642.89,1584.71,211.0
92,131,1408.38,642.28,1589.03,210.0
92,132,1402.05,642.6,1586.53,209.0
92,133,1400.6,642.82,1594.97,208.0
92,134,1411.04,641.92,1590.75,207.0
92,135,1398.06,642.26,1587.53,206.0
92,136,1409.23,642.24,1587.47,205.0
92,137,1404.47,642.6,1586.84,204.0
92,138,1395.62,642.49,1587.57,203.0
92,139,1407.45,642.29,1588.71,202.0
92,140,1409.56,642.14,1585.73,201.0
92,141,1405.4,642.77,1585.3,200.0
92,142,1409.43,642.12,1595.92,199.0
92,143,1398.52,642.28,1586.38,198.0
92,144,1395.89,642.16,1595.23,197.0
92,145,1410.49,642.89,1581.92,196.0
92,146,1402.75,642.79,1585.48,195.0
92,147,1401.2,642.5,1593.86,194.0
92,148,1400.14,642.22,1594.18,193.0
92,149,1407.02,642.49,1582.88,192.0
92,150,1407.43,642.66,1589.43,191.0
92,151,1399.49,642.68,1590.71,190.0
92,152,1398.71,642.83,1583.64,189.0
92,153,1403.02,642.94,1590.98,188.0
92,154,1405.22,642.6,1587.38,187.0
92,155,1408.59,642.62,1587.56,186.0
92,156,1402.93,642.41,1588.41,185.0
92,157,1403.98,642.09,1590.38,184.0
92,158,1397.37,642.24,1584.61,183.0
92,159,1405.28,642.53,1589.33,182.0
92,160,1398.33,642.85,1590.18,181.0
92,161,1406.49,642.38,1586.48,180.0
92,162,1405.06,642.57,1591.51,179.0
92,163,1406.37,642.78,1587.89,178.0
92,164,1401.98,642.76,1587.32,177.0
92,165,1408.37,642.54,1584.1,176.0
92,166,1404.92,642.42,1592.83,175.0
92,167,1408.3,642.74,1590.84,174.0
92,168,1408.48,642.41,1583.04,173.0
92,169,1410.08,642.27,1583.65,172.0
92,170,1395.95,642.33,1581.87,171.0
92,171,1410.21,642.46,1587.81,170.0
92,172,1397.15,642.32,1591.8,169.0
92,173,1407.95,642.53,1584.69,168.0
92,174,1400.62,642.3,1590.66,167.0
92,175,1402.07,642.67,1590.64,166.0
92,176,1404.65,642.01,1585.51,165.0
92,177,1401.86,642.14,1587.06,164.0
92,178,1408.66,642.35,1596.41,163.0
92,179,1406.24,642.44,1588.56,162.0
92,180,1407.29,642.84,1575.45,161.0
92,181,1401.35,642.62,1587.35,160.0
92,182,1404.39,642.47,1587.51,159.0
92,183,1404.23,642.6,1590.59,158.0
92,184,1412.79,642.66,1592.94,157.0
92,185,1405.61,642.93,1593.05,156.0
92,186,1411.25,642.33,1592.9,155.0
92,187,1405.42,642.21,1583.82,154.0
92,188,1401.63,642.18,1594.46,153.0
92,189,1408.87,642.84,1581.9,152.0
92,190,1406.89,642.74,1587.68,151.0
92,191,1400.0,642.36,1585.69,150.0
92,192,1410.08,642.04,1582.18,149.0
92,193,1408.46,642.95,1590.41,148.0
92,194,1403.67,642.3,1588.61,147.0
92,195,1407.03,643.06,1588.61,146.0
92,196,1405.43,643.07,1581.48,145.0
92,197,1406.32,642.62,1588.51,144.0
92,198,1402.24,642.66,1588.15,143.0
92,199,1407.81,643.01,1585.46,142.0
92,200,1395.65,642.62,1593.28,141.0
92,201,1405.37,642.53,1591.94,140.0
92,202,1405.98,642.71,1585.67,139.0
92,203,1404.78,642.18,1593.42,138.0
92,204,1409.04,642.48,1589.14,137.0
92,205,1402.89,642.92,1595.85,136.0
92,206,1409.96,643.32,1590.82,135.0
92,207,1409.8,642.27,1590.14,134.0
92,208,1407.41,643.0,1587.89,133.0
92,209,1400.97,643.19,1583.71,132.0
92,210,1410.07,642.84,1588.38,131.0
92,211,1401.84,642.47,1591.27,130.0
92,212,1404.45,642.58,1598.03,129.0
92,213,1413.61,642.45,1594.39,128.0
92,214,1406.81,642.77,1591.78,127.0
92,215,1405.43,642.18,1591.26,126.0
92,216,1404.66,642.78,1595.38,125.0
92,217,1406.74,642.34,1589.0,124.0
92,218,1411.71,642.98,1588.43,123.0
92,219,1410.11,642.47,1589.13,122.0
92,220,1405.2,642.5,1586.91,121.0
92,221,1409.11,642.78,1594.12,120.0
92,222,1407.42,642.66,1589.6,119.0
92,223,1409.25,642.92,1589.49,118.0
92,224,1413.07,642.97,1590.64,117.0
92,225,1413.75,642.05,1595.68,116.0
92,226,1407.64,643.09,1585.68,115.0
92,227,1412.44,642.43,1587.34,114.0
92,228,1410.51,642.87,1584.75,113.0
92,229,1413.75,642.83,1586.25,112.0
92,230,1402.85,642.7,1586.48,111.0
92,231,1412.91,642.19,1592.54,110.0
92,232,1411.53,642.51,1590.97,109.0
92,233,1414.95,642.95,1592.55,108.0
92,234,1414.43,642.83,1595.99,107.0
92,235,1411.78,642.47,1591.39,106.0
92,236,1409.8,642.69,1592.68,105.0
92,237,1410.54,642.27,1592.41,104.0
92,238,1412.99,642.85,1596.18,103.0
92,239,1408.36,642.42,1582.77,102.0
92,240,1407.24,642.66,1586.19,101.0
92,241,1408.42,642.94,1598.79,100.0
92,242,1406.68,642.42,1586.69,99.0
92,243,1416.73,642.74,1585.52,98.0
92,244,1411.18,642.97,1591.36,97.0
92,245,1409.73,643.0,1592.92,96.0
92,246,1409.33,642.77,1594.08,95.0
92,247,1406.88,643.11,1590.85,94.0
92,248,1412.96,642.69,1588.22,93.0
92,249,1414.4,642.82,1587.28,92.0
92,250,1409.65,642.65,1593.92,91.0
92,251,1416.45,642.25,1589.92,90.0
92,252,1411.54,642.66,1592.54,89.0
92,253,1417.94,642.76,1590.05,88.0
92,254,1411.86,643.24,1589.98,87.0
92,255,1414.77,642.97,1585.92,86.0
92,256,1403.29,642.56,1590.31,85.0
92,257,1413.94,642.49,1591.75,84.0
92,258,1410.89,642.41,1588.08,83.0
92,259,1415.56,642.93,1592.05,82.0
92,260,1420.25,643.16,1594.36,81.0
92,261,1410.72,642.98,1599.23,80.0
92,262,1412.68,642.97,1586.77,79.0
92,263,1415.16,642.89,1600.39,78.0
92,264,1410.79,642.59,1597.61,77.0
92,265,1407.39,643.57,1590.06,76.0
92,266,1416.92,642.67,1590.78,75.0
92,267,1409.49,642.94,1598.32,74.0
92,268,1415.36,642.75,1593.61,73.0
92,269,1415.98,642.47,1595.36,72.0
92,270,1408.27,642.92,1593.92,71.0
92,271,1420.07,642.92,1596.76,70.0
92,272,1409.2,643.09,1592.2,69.0
92,273,1416.04,642.9,1591.45,68.0
92,274,1414.61,643.27,1588.49,67.0
92,275,1420.78,642.93,1591.77,66.0
92,276,1414.35,642.61,1599.47,65.0
92,277,1419.78,642.56,1594.3,64.0
92,278,1413.45,643.23,1589.24,63.0
92,279,1413.31,643.23,1595.95,62.0
92,280,1413.24,642.71,1593.5,61.0
92,281,1419.04,642.33,1588.57,60.0
92,282,1415.42,642.72,1586.44,59.0
92,283,1421.77,643.13,1590.69,58.0
92,284,1416.22,643.02,1599.5,57.0
92,285,1415.23,643.59,1599.79,56.0
92,286,1420.96,642.8,1597.89,55.0
92,287,1421.07,643.21,1594.19,54.0
92,288,1418.43,643.33,1601.71,53.0
92,289,1412.36,642.78,1595.91,52.0
92,290,1417.22,643.37,1595.51,51.0
92,291,1417.04,643.18,1591.64,50.0
92,292,1415.32,642.66,1594.36,49.0
92,293,1419.51,642.32,1599.58,48.0
92,294,1414.81,643.29,1600.48,47.0
92,295,1412.62,643.09,1598.78,46.0
92,296,1415.17,642.94,1605.58,45.0
92,297,1419.0,643.22,1594.91,44.0
92,298,1413.8,643.04,1601.88,43.0
92,299,1411.51,643.73,1596.23,42.0
92,300,1420.71,642.75,1600.03,41.0
92,301,1421.31,643.15,1595.44,40.0
92,302,1419.8,643.28,1598.07,39.0
92,303,1425.88,643.32,1593.51,38.0
92,304,1422.26,642.78,1591.33,37.0
92,305,1420.49,642.71,1593.94,36.0
92,306,1419.36,643.23,1606.12,35.0
92,307,1421.64,643.83,1594.67,34.0
92,308,1418.86,643.09,1601.18,33.0
92,309,1420.04,642.95,1602.0,32.0
92,310,1419.89,642.65,1605.66,31.0
92,311,1427.3,643.11,1595.81,30.0
92,312,1417.35,643.27,1602.2,29.0
92,313,1417.89,643.05,1602.0,28.0
92,314,1418.0,643.02,1598.97,27.0
92,315,1416.63,642.85,1596.03,26.0
92,316,1420.43,643.22,1599.9,25.0
92,317,1429.09,643.39,1603.81,24.0
92,318,1424.57,643.61,1599.34,23.0
92,319,1425.07,643.56,1601.69,22.0
92,320,1421.89,643.31,1603.5,21.0
92,321,1425.6,643.73,1601.23,20.0
92,322,1421.88,643.1,1595.79,19.0
92,323,1426.18,643.07,1605.0,18.0
92,324,1427.26,643.56,1600.14,17.0
92,325,1423.87,643.59,1609.03,16.0
92,326,1429.19,643.29,1603.05,15.0
92,327,1421.33,643.58,1602.9,14.0
92,328,1431.74,643.2,1604.25,13.0
92,329,1422.71,643.22,1602.52,12.0
92,330,1423.83,642.98,1597.48,11.0
92,331,1419.96,643.33,1595.79,10.0
92,332,1429.95,643.23,1600.19,9.0
92,333,1426.34,643.78,1600.8,8.0
92,334,1425.17,643.4,1604.03,7.0
92,335,1432.0,643.66,1601.83,6.0
92,336,1434.22,643.86,1601.27,5.0
92,337,1426.48,643.51,1600.95,4.0
92,338,1425.63,644.17,1600.59,3.0
92,339,1428.24,643.41,1605.22,2.0
92,340,1429.58,644.02,1599.06,1.0
92,341,1428.06,644.04,1607.05,0.0
93,1,1402.95,642.51,1579.7,154.0
93,2,1394.46,642.06,1583.52,153.0
93,3,1388.81,641.88,1583.81,152.0
93,4,1395.56,641.64,1584.57,151.0
93,5,1394.77,642.66,1583.04,150.0
93,6,1398.23,642.15,1585.54,149.0
93,7,1398.81,642.17,1592.67,148.0
93,8,1399.59,641.94,1577.83,147.0
93,9,1404.51,642.07,1590.77,146.0
93,10,1398.88,642.0,1584.78,145.0
93,11,1397.07,642.13,1585.78,144.0
93,12,1395.74,641.88,1591.53,143.0
93,13,1395.74,642.09,1587.5,142.0
93,14,1407.54,642.55,1578.26,141.0
93,15,1397.78,641.74,1591.68,140.0
93,16,1400.41,641.99,1583.33,139.0
93,17,1400.02,642.4,1583.88,138.0
93,18,1405.49,642.14,1575.08,137.0
93,19,1397.8,642.19,1590.07,136.0
93,20,1400.46,642.04,1587.41,135.0
93,21,1405.02,642.15,1585.73,134.0
93,22,1398.5,641.97,1589.43,133.0
93,23,1403.26,642.46,1588.59,132.0
93,24,1397.71,642.39,1578.51,131.0
93,25,1401.57,642.35,1580.64,130.0
93,26,1397.36,642.06,1585.43,129.0
93,27,1400.88,642.31,1588.46,128.0
93,28,1398.04,642.12,1587.13,127.0
93,29,1404.17,641.66,1580.35,126.0
93,30,1401.9,642.63,1587.73,125.0
93,31,1404.61,642.45,1583.37,124.0
93,32,1405.31,642.21,1592.82,123.0
93,33,1395.11,642.05,1582.57,122.0
93,34,1386.29,642.56,1589.82,121.0
93,35,1395.39,642.0,1591.39,120.0
93,36,1395.64,642.15,1577.88,119.0
93,37,1405.15,642.19,1586.89,118.0
93,38,1400.04,642.45,1591.49,117.0
93,39,1396.13,642.21,1587.41,116.0
93,40,1403.31,642.84,1583.49,115.0
93,41,1388.75,642.03,1585.82,114.0
93,42,1402.11,641.77,1581.84,113.0
93,43,1400.53,642.66,1590.02,112.0
93,44,1403.01,642.26,1579.57,111.0
93,45,1398.83,642.1,1580.86,110.0
93,46,1403.45,642.42,1587.65,109.0
93,47,1399.4,642.22,1581.14,108.0
93,48,1397.15,642.2,1581.03,107.0
93,49,1399.43,642.67,1586.7,106.0
93,50,1398.31,642.77,1591.11,105.0
93,51,1400.62,642.24,1583.89,104.0
93,52,1403.76,642.11,1583.97,103.0
93,53,1397.79,642.89,1576.32,102.0
93,54,1402.01,641.66,1584.01,101.0
93,55,1397.56,641.95,1590.86,100.0
93,56,1403.0,641.72,1592.11,99.0
93,57,1403.15,642.16,1588.7,98.0
93,58,1402.02,642.74,1586.71,97.0
93,59,1403.26,642.16,1585.41,96.0
93,60,1406.37,642.35,1583.99,95.0
93,61,1397.99,642.25,1585.11,94.0
93,62,1396.84,642.63,1582.12,93.0
93,63,1403.96,642.13,1587.61,92.0
93,64,1404.9,641.69,1587.33,91.0
93,65,1402.55,641.82,1585.99,90.0
93,66,1400.57,641.83,1592.16,89.0
93,67,1397.59,642.6,1584.13,88.0
93,68,1404.64,642.39,1585.98,87.0
93,69,1392.02,642.33,1588.38,86.0
93,70,1401.75,642.76,1583.26,85.0
93,71,1407.3,642.45,1585.17,84.0
93,72,1403.15,642.53,1590.39,83.0
93,73,1405.91,642.34,1585.74,82.0
93,74,1402.48,642.45,1580.14,81.0
93,75,1404.88,642.48,1583.4,80.0
93,76,1399.16,641.99,1581.51,79.0
93,77,1409.38,642.73,1585.39,78.0
93,78,1403.96,642.38,1581.38,77.0
93,79,1405.45,642.5,1582.64,76.0
93,80,1406.25,641.87,1584.95,75.0
93,81,1404.91,642.51,1586.93,74.0
93,82,1404.35,642.62,1587.91,73.0
93,83,1407.63,642.2,1589.82,72.0
93,84,1405.63,642.53,1590.72,71.0
93,85,1406.3,642.54,1584.24,70.0
93,86,1408.57,641.95,1589.58,69.0
93,87,1409.26,642.64,1595.75,68.0
93,88,1405.07,642.77,1589.68,67.0
93,89,1408.35,642.46,1590.6,66.0
93,90,1401.07,642.75,1585.44,65.0
93,91,1408.78,642.07,1580.49,64.0
93,92,1398.35,642.85,1588.85,63.0
93,93,1409.78,642.83,1589.44,62.0
93,94,1407.43,642.58,1589.08,61.0
93,95,1408.12,642.86,1591.35,60.0
93,96,1397.82,642.72,1585.77,59.0
93,97,1403.1,642.52,1586.19,58.0
93,98,1409.43,641.85,1588.24,57.0
93,99,1405.81,642.34,1591.79,56.0
93,100,1406.68,642.41,1585.46,55.0
93,101,1408.17,642.78,1590.13,54.0
93,102,1402.03,642.89,1591.14,53.0
93,103,1411.61,642.44,1592.5,52.0
93,104,1405.31,642.1,1591.78,51.0
93,105,1400.55,642.47,1591.03,50.0
93,106,1413.02,642.24,1585.26,49.0
93,107,1410.27,642.7,1590.69,48.0
93,108,1409.36,642.35,1586.55,47.0
93,109,1407.74,642.82,1592.48,46.0
93,110,1414.9,642.57,1589.87,45.0
93,111,1414.88,642.35,1579.17,44.0
93,112,1407.51,642.75,1602.29,43.0
93,113,1411.81,642.2,1592.3,42.0
93,114,1418.45,642.78,1582.66,41.0
93,115,1414.88,642.24,1589.85,40.0
93,116,1412.31,642.75,1583.22,39.0
93,117,1409.26,643.11,1593.53,38.0
93,118,1415.0,643.01,1588.31,37.0
93,119,1417.43,642.94,1600.33,36.0
93,120,1412.49,642.44,1592.27,35.0
93,121,1412.04,643.1,1590.6,34.0
93,122,1409.63,642.81,1588.64,33.0
93,123,1410.54,642.63,1590.75,32.0
93,124,1413.49,643.09,1583.78,31.0
93,125,1422.75,642.82,1595.08,30.0
93,126,1415.7,643.09,1586.82,29.0
93,127,1415.58,642.25,1598.49,28.0
93,128,1421.63,643.02,1596.28,27.0
93,129,1419.79,643.09,1586.63,26.0
93,130,1416.36,643.06,1592.74,25.0
93,131,1417.03,643.19,1588.68,24.0
93,132,1414.52,643.39,1601.82,23.0
93,133,1411.69,642.9,1597.63,22.0
93,134,1418.44,642.79,1598.16,21.0
93,135,1411.44,643.62,1593.49,20.0
93,136,1415.21,642.91,1609.52,19.0
93,137,1407.36,643.42,1597.9,18.0
93,138,1418.14,643.05,1592.87,17.0
93,139,1416.3,643.24,1593.36,16.0
93,140,1423.6,643.03,1596.59,15.0
93,141,1418.33,643.73,1594.93,14.0
93,142,1421.15,643.26,1597.54,13.0
93,143,1414.92,642.8,1597.51,12.0
93,144,1426.94,643.63,1603.44,11.0
93,145,1426.25,643.27,1599.82,10.0
93,146,1418.61,643.63,1599.5,9.0
93,147,1419.98,644.09,1597.71,8.0
93,148,1424.21,643.76,1604.73,7.0
93,149,1432.01,643.56,1605.47,6.0
93,150,1422.98,643.64,1601.19,5.0
93,151,1436.78,643.43,1598.68,4.0
93,152,1426.5,643.59,1597.97,3.0
93,153,1428.83,643.77,1599.57,2.0
93,154,1438.41,643.74,1604.81,1.0
93,155,1428.64,643.45,1603.62,0.0
94,1,1412.71,642.44,1590.79,257.0
94,2,1404.4,642.73,1594.18,256.0
94,3,1408.19,643.09,1587.94,255.0
94,4,1410.26,642.74,1590.48,254.0
94,5,1409.54,642.88,1584.48,253.0
94,6,1407.86,642.22,1591.72,252.0
94,7,1404.21,642.97,1589.78,251.0
94,8,1409.73,642.52,1588.59,250.0
94,9,1408.81,642.89,1593.17,249.0
94,10,1405.05,642.04,1587.15,248.0
94,11,1408.0,642.57,1588.92,247.0
94,12,1414.13,642.74,1589.91,246.0
94,13,1407.04,643.39,1590.95,245.0
94,14,1412.94,642.6,1593.44,244.0
94,15,1405.2,642.69,1587.27,243.0
94,16,1409.58,643.14,1594.29,242.0
94,17,1407.18,642.72,1588.34,241.0
94,18,1411.04,643.58,1591.88,240.0
94,19,1408.13,642.65,1588.34,239.0
94,20,1410.11,642.65,1584.61,238.0
94,21,1413.1,642.92,1592.66,237.0
94,22,1406.16,642.76,1597.76,236.0
94,23,1408.72,642.49,1587.83,235.0
94,24,1406.91,642.7,1582.29,234.0
94,25,1410.33,642.62,1582.15,233.0
94,26,1414.06,642.37,1589.72,232.0
94,27,1410.87,642.7,1592.66,231.0
94,28,1408.13,642.83,1592.76,230.0
94,29,1407.04,642.92,1596.64,229.0
94,30,1411.08,642.64,1594.97,228.0
94,31,1402.17,642.05,1584.0,227.0
94,32,1408.64,642.29,1586.9,226.0
94,33,1408.0,642.87,1590.02,225.0
94,34,1404.3,642.84,1587.74,224.0
94,35,1400.41,642.76,1594.56,223.0
94,36,1412.97,643.07,1590.24,222.0
94,37,1413.45,642.88,1587.04,221.0
94,38,1402.51,642.7,1591.15,220.0
94,39,1408.47,642.52,1593.84,219.0
94,40,1409.47,642.39,1591.09,218.0
94,41,1407.24,642.54,1594.04,217.0
94,42,1411.35,642.64,1585.88,216.0
94,43,1410.96,642.83,1585.98,215.0
94,44,1403.28,642.65,1590.27,214.0
94,45,1411.92,642.48,1586.36,213.0
94,46,1412.32,642.43,1586.92,212.0
94,47,1415.87,642.71,1588.01,211.0
94,48,1411.37,642.7,1584.34,210.0
94,49,1406.9,643.04,1588.81,209.0
94,50,1409.42,643.01,1590.56,208.0
94,51,1409.69,643.3,1590.35,207.0
94,52,1404.07,642.52,1592.98,206.0
94,53,1409.68,642.93,1581.52,205.0
94,54,1408.71,642.43,1593.14,204.0
94,55,1403.86,642.75,1591.49,203.0
94,56,1406.5,642.11,1593.04,202.0
94,57,1406.78,643.04,1589.62,201.0
94,58,1409.17,642.58,1590.55,200.0
94,59,1406.57,643.11,1581.52,199.0
94,60,1407.05,642.48,1591.43,198.0
94,61,1405.15,642.98,1588.23,197.0
94,62,1408.43,642.5,1586.95,196.0
94,63,1401.64,642.64,1582.6,195.0
94,64,1412.55,642.4,1596.44,194.0
94,65,1410.21,642.82,1580.52,193.0
94,66,1409.01,642.71,1596.24,192.0
94,67,1409.3,642.62,1591.29,191.0
94,68,1407.6,642.2,1593.15,190.0
94,69,1408.83,642.29,1593.89,189.0
94,70,1413.86,642.92,1590.54,188.0
94,71,1409.35,642.85,1581.9,187.0
94,72,1404.5,642.65,1597.18,186.0
94,73,1414.58,642.99,1592.77,185.0
94,74,1401.66,642.99,1593.6,184.0
94,75,1406.67,642.93,1590.58,183.0
94,76,1408.61,642.44,1586.46,182.0
94,77,1408.61,642.47,1590.34,181.0
94,78,1406.56,642.48,1593.47,180.0
94,79,1416.93,643.14,1589.27,179.0
94,80,1412.56,642.59,1589.7,178.0
94,81,1405.73,642.87,1594.51,177.0
94,82,1401.14,642.33,1579.97,176.0
94,83,1407.24,642.63,1590.4,175.0
94,84,1406.92,642.84,1592.71,174.0
94,85,1410.45,643.13,1588.08,173.0
94,86,1410.5,643.01,1586.32,172.0
94,87,1408.66,642.74,1591.85,171.0
94,88,1409.49,642.35,1581.19,170.0
94,89,1409.97,642.38,1581.67,169.0
94,90,1410.14,642.72,1593.9,168.0
94,91,1413.08,643.02,1588.74,167.0
94,92,1407.0,643.17,1598.93,166.0
94,93,1401.37,642.61,1588.34,165.0
94,94,1407.06,642.35,1580.61,164.0
94,95,1411.34,642.45,1593.18,163.0
94,96,1415.27,642.39,1588.3,162.0
94,97,1409.33,642.45,1589.29,161.0
94,98,1413.28,642.94,1584.67,160.0
94,99,1404.38,642.62,1584.25,159.0
94,100,1409.6,642.48,1593.86,158.0
94,101,1406.37,643.41,1592.44,157.0
94,102,1412.3,642.3,1596.17,156.0
94,103,1415.68,642.75,1590.12,155.0
94,104,1405.21,643.01,1592.07,154.0
94,105,1409.61,642.72,1590.59,153.0
94,106,1413.87,642.98,1590.5,152.0
94,107,1410.41,642.57,1584.31,151.0
94,108,1410.93,642.78,1594.67,150.0
94,109,1414.48,642.83,1587.29,149.0
94,110,1409.66,642.84,1594.48,148.0
94,111,1406.25,642.74,1591.81,147.0
94,112,1405.28,642.59,1595.07,146.0
94,113,1414.32,642.85,1591.59,145.0
94,114,1411.58,642.9,1589.83,144.0
94,115,1408.64,642.67,1595.45,143.0
94,116,1412.85,643.16,1592.57,142.0
94,117,1403.49,642.51,1587.45,141.0
94,118,1416.12,642.02,1592.15,140.0
94,119,1409.34,642.98,1586.89,139.0
94,120,1406.43,642.44,1589.58,138.0
94,121,1403.25,642.85,1583.13,137.0
94,122,1416.97,643.23,1597.79,136.0
94,123,1416.14,642.41,1591.15,135.0
94,124,1415.12,642.92,1591.95,134.0
94,125,1410.09,643.15,1586.35,133.0
94,126,1412.47,642.91,1591.1,132.0
94,127,1406.46,642.65,1585.75,131.0
94,128,1408.89,642.5,1591.06,130.0
94,129,1411.59,643.55,1590.3,129.0
94,130,1410.62,642.57,1594.11,128.0
94,131,1416.68,642.67,1580.9,127.0
94,132,1411.34,642.45,1590.95,126.0
94,133,1411.56,642.81,1595.73,125.0
94,134,1410.88,642.32,1590.0,124.0
94,135,1410.13,643.19,1587.11,123.0
94,136,1413.54,642.56,1591.75,122.0
94,137,1410.03,643.21,1594.03,121.0
94,138,1412.53,643.06,1590.7,120.0
94,139,1414.69,643.23,1597.15,119.0
94,140,1409.91,641.73,1596.86,118.0
94,141,1416.77,642.72,1592.46,117.0
94,142,1407.93,642.67,1586.41,116.0
94,143,1417.13,642.44,1599.0,115.0
94,144,1404.46,642.17,1591.94,114.0
94,145,1412.84,642.35,1590.35,113.0
94,146,1410.4,642.63,1598.11,112.0
94,147,1411.18,642.42,1593.4,111.0
94,148,1410.75,642.84,1594.03,110.0
94,149,1415.95,642.45,1598.95,109.0
94,150,1408.2,642.75,1593.56,108.0
94,151,1416.94,642.59,1592.56,107.0
94,152,1413.26,642.93,1589.88,106.0
94,153,1414.42,642.85,1593.27,105.0
94,154,1418.53,642.44,1591.63,104.0
94,155,1413.67,642.38,1592.44,103.0
94,156,1412.75,642.9,1601.2,102.0
94,157,1420.37,642.65,1590.15,101.0
94,158,1416.42,643.2,1595.31,100.0
94,159,1414.37,643.25,1589.47,99.0
94,160,1409.13,642.52,1595.3,98.0
94,161,1410.92,642.63,1593.2,97.0
94,162,1407.98,642.87,1595.59,96.0
94,163,1414.23,642.6,1596.48,95.0
94,164,1414.22,642.99,1593.48,94.0
94,165,1412.69,642.18,1594.36,93.0
94,166,1408.37,643.11,1592.6,92.0
94,167,1408.09,643.04,1582.75,91.0
94,168,1417.3,642.73,1591.14,90.0
94,169,1415.41,643.12,1589.21,89.0
94,170,1416.05,642.58,1592.17,88.0
94,171,1414.62,642.79,1597.39,87.0
94,172,1412.49,643.03,1588.47,86.0
94,173,1411.47,642.45,1594.29,85.0
94,174,1413.23,643.08,1597.44,84.0
94,175,1420.07,642.77,1595.02,83.0
94,176,1413.06,642.86,1595.07,82.0
94,177,1410.45,643.07,1592.29,81.0
94,178,1418.9,643.0,1590.44,80.0
94,179,1416.53,642.52,1593.37,79.0
94,180,1413.52,643.04,1595.83,78.0
94,181,1419.52,643.24,1600.92,77.0
94,182,1413.72,642.75,1592.73,76.0
94,183,1409.72,643.23,1589.14,75.0
94,184,1407.31,642.94,1592.14,74.0
94,185,1414.35,642.47,1592.23,73.0
94,186,1423.63,643.26,1591.53,72.0
94,187,1419.04,642.97,1590.03,71.0
94,188,1415.33,643.23,1592.59,70.0
94,189,1412.95,643.0,1590.41,69.0
94,190,1411.76,642.19,1587.37,68.0
94,191,1415.32,642.38,1584.46,67.0
94,192,1417.38,642.88,1589.55,66.0
94,193,1410.26,643.14,1585.94,65.0
94,194,1420.12,642.93,1597.72,64.0
94,195,1420.15,642.84,1596.98,63.0
94,196,1416.51,642.99,1592.74,62.0
94,197,1410.05,642.85,1600.25,61.0
94,198,1404.79,643.24,1598.94,60.0
94,199,1417.95,642.6,1601.14,59.0
94,200,1417.05,643.11,1591.13,58.0
94,201,1420.93,642.74,1587.69,57.0
94,202,1418.36,643.06,1602.52,56.0
94,203,1418.27,643.09,1594.55,55.0
94,204,1411.34,643.03,1587.06,54.0
94,205,1417.06,642.89,1586.84,53.0
94,206,1414.29,642.91,1591.81,52.0
94,207,1419.36,643.65,1594.19,51.0
94,208,1417.88,643.27,1589.98,50.0
94,209,1422.5,643.47,1593.77,49.0
94,210,1417.06,643.34,1595.2,48.0
94,211,1418.08,642.97,1601.66,47.0
94,212,1417.47,642.9,1590.8,46.0
94,213,1423.57,643.22,1595.42,45.0
94,214,1422.71,642.16,1593.01,44.0
94,215,1416.34,643.23,1599.87,43.0
94,216,1413.25,642.69,1599.43,42.0
94,217,1420.03,643.19,1604.92,41.0
94,218,1409.85,643.42,1602.05,40.0
94,219,1415.62,643.12,1596.07,39.0
94,220,1421.27,642.8,1591.17,38.0
94,221,1418.78,643.29,1596.49,37.0
94,222,1424.33,643.33,1601.79,36.0
94,223,1424.49,643.1,1606.01,35.0
94,224,1419.26,643.38,1597.15,34.0
94,225,1426.88,643.06,1593.44,33.0
94,226,1416.53,643.1,1597.14,32.0
94,227,1421.59,643.29,1592.75,31.0
94,228,1425.77,643.36,1600.8,30.0
94,229,1423.53,642.79,1601.49,29.0
94,230,1414.09,642.98,1602.56,28.0
94,231,1430.41,642.78,1594.89,27.0
94,232,1408.06,643.57,1597.56,26.0
94,233,1424.44,643.11,1601.31,25.0
94,234,1429.23,643.32,1597.76,24.0
94,235,1426.15,642.99,1598.11,23.0
94,236,1426.19,643.47,1603.24,22.0
94,237,1424.01,644.18,1605.84,21.0
94,238,1420.79,643.09,1604.75,20.0
94,239,1423.49,643.47,1601.22,19.0
94,240,1425.24,643.87,1601.79,18.0
94,241,1421.07,643.39,1597.99,17.0
94,242,1418.43,643.54,1605.23,16.0
94,243,1430.06,642.91,1601.17,15.0
94,244,1423.54,643.97,1598.56,14.0
94,245,1431.21,642.92,1598.99,13.0
94,246,1430.55,643.22,1606.44,12.0
94,247,1431.52,643.55,1599.21,11.0
94,248,1419.8,643.29,1606.35,10.0
94,249,1420.47,644.04,1600.85,9.0
94,250,1424.95,643.48,1600.99,8.0
94,251,1429.17,643.47,1592.46,7.0
94,252,1427.48,643.78,1598.39,6.0
94,253,1436.02,643.74,1605.27,5.0
94,254,1432.25,643.6,1601.94,4.0
94,255,1430.43,643.25,1602.62,3.0
94,256,1428.51,643.83,1600.52,2.0
94,257,1431.12,643.3,1604.05,1.0
94,258,1425.25,644.07,1600.69,0.0
95,1,1387.38,641.95,1581.56,282.0
95,2,1392.61,642.29,1585.51,281.0
95,3,1394.14,642.7,1583.77,280.0
95,4,1392.84,642.1,1581.29,279.0
95,5,1397.4,641.84,1587.07,278.0
95,6,1391.89,641.96,1585.35,277.0
95,7,1399.15,642.18,1577.41,276.0
95,8,1392.44,642.05,1584.03,275.0
95,9,1403.23,642.3,1589.42,274.0
95,10,1392.92,641.97,1580.85,273.0
95,11,1391.9,642.17,1580.17,272.0
95,12,1394.96,642.77,1581.11,271.0
95,13,1397.16,641.96,1579.14,270.0
95,14,1393.8,641.89,1582.89,269.0
95,15,1393.76,641.3,1586.3,268.0
95,16,1400.76,642.32,1592.95,267.0
95,17,1397.17,642.08,1580.6,266.0
95,18,1399.9,642.07,1577.97,265.0
95,19,1388.48,642.0,1588.23,264.0
95,20,1395.34,642.45,1583.3,263.0
95,21,1392.33,642.12,1593.38,262.0
95,22,1391.81,641.84,1582.17,261.0
95,23,1397.13,641.8,1575.04,260.0
95,24,1398.31,641.98,1585.72,259.0
95,25,1397.7,642.4,1583.59,258.0
95,26,1396.63,642.23,1586.48,257.0
95,27,1394.01,642.31,1582.21,256.0
95,28,1391.76,642.37,1585.04,255.0
95,29,1398.05,642.09,1583.66,254.0
95,30,1394.45,641.85,1585.64,253.0
95,31,1399.81,642.3,1590.52,252.0
95,32,1402.71,641.72,1582.27,251.0
95,33,1399.09,641.55,1590.63,250.0
95,34,1402.82,641.92,1589.0,249.0
95,35,1401.7,642.4,1584.73,248.0
95,36,1398.98,642.04,1590.03,247.0
95,37,1402.33,641.96,1583.28,246.0
95,38,1393.12,641.75,1589.11,245.0
95,39,1397.86,641.95,1581.66,244.0
95,40,1397.73,642.58,1579.72,243.0
95,41,1404.29,641.59,1585.47,242.0
95,42,1397.99,642.33,1590.25,241.0
95,43,1399.94,642.03,1584.33,240.0
95,44,1397.5,641.96,1587.69,239.0
95,45,1398.33,642.3,1583.86,238.0
95,46,1399.47,642.02,1577.92,237.0
95,47,1399.76,642.4,1577.55,236.0
95,48,1404.86,642.22,1583.56,235.0
95,49,1398.0,641.98,1586.83,234.0
95,50,1391.86,642.12,1593.21,233.0
95,51,1397.38,642.23,1587.91,232.0
95,52,1401.23,642.4,1588.23,231.0
95,53,1398.24,642.17,1588.17,230.0
95,54,1399.17,641.46,1587.17,229.0
95,55,1393.55,641.83,1589.14,228.0
95,56,1399.08,642.33,1579.24,227.0
95,57,1396.6,641.91,1579.12,226.0
95,58,1385.19,642.12,1589.09,225.0
95,59,1393.7,641.78,1583.73,224.0
95,60,1394.6,642.04,1587.87,223.0
95,61,1402.6,642.24,1587.45,222.0
95,62,1399.9,641.78,1576.36,221.0
95,63,1399.66,642.33,1576.15,220.0
95,64,1392.21,642.11,1585.01,219.0
95,65,1400.4,642.36,1582.01,218.0
95,66,1399.82,641.99,1579.36,217.0
95,67,1394.71,642.18,1585.97,216.0
95,68,1403.48,641.75,1579.66,215.0
95,69,1397.54,642.49,1581.55,214.0
95,70,1395.67,642.31,1584.75,213.0
95,71,1397.86,641.82,1588.7,212.0
95,72,1399.66,641.76,1582.8,211.0
95,73,1397.57,641.89,1591.38,210.0
95,74,1401.99,641.71,1583.15,209.0
95,75,1400.82,641.61,1581.14,208.0
95,76,1392.36,641.91,1584.51,207.0
95,77,1398.83,642.8,1578.35,206.0
95,78,1392.8,642.55,1585.96,205.0
95,79,1397.07,642.15,1586.93,204.0
95,80,1392.35,641.96,1583.86,203.0
95,81,1394.84,642.04,1584.35,202.0
95,82,1394.62,641.74,1584.75,201.0
95,83,1408.22,642.28,1583.52,200.0
95,84,1397.98,642.58,1591.9,199.0
95,85,1400.16,641.91,1581.22,198.0
95,86,1397.34,642.34,1580.64,197.0
95,87,1397.78,642.26,1591.11,196.0
95,88,1398.26,642.1,1580.42,195.0
95,89,1393.99,642.06,1587.62,194.0
95,90,1406.19,642.28,1588.46,193.0
95,91,1394.44,642.07,1583.01,192.0
95,92,1397.31,642.51,1582.87,191.0
95,93,1407.41,642.13,1589.76,190.0
95,94,1396.4,641.33,1581.77,189.0
95,95,1395.68,642.36,1592.95,188.0
95,96,1404.42,642.34,1591.09,187.0
95,97,1392.48,642.18,1590.79,186.0
95,98,1400.98,642.08,1583.36,185.0
95,99,1404.26,642.38,1580.28,184.0
95,100,1402.46,642.54,1589.45,183.0
95,101,1397.83,641.79,1585.48,182.0
95,102,1392.28,642.33,1587.3,181.0
95,103,1399.89,641.56,1592.15,180.0
95,104,1403.41,642.55,1593.81,179.0
95,105,1404.64,642.34,1588.83,178.0
95,106,1401.84,641.81,1580.34,177.0
95,107,1403.51,641.8,1587.09,176.0
95,108,1397.98,642.13,1587.76,175.0
95,109,1403.28,642.24,1595.25,174.0
95,110,1405.19,642.46,1582.91,173.0
95,111,1403.06,642.12,1578.68,172.0
95,112,1397.0,642.4,1591.13,171.0
95,113,1400.5,642.41,1591.1,170.0
95,114,1397.52,641.97,1581.33,169.0
95,115,1401.33,642.52,1591.47,168.0
95,116,1400.42,641.85,1582.95,167.0
95,117,1392.27,642.63,1581.96,166.0
95,118,1392.45,642.59,1583.32,165.0
95,119,1399.35,642.71,1588.53,164.0
95,120,1399.03,642.11,1576.77,163.0
95,121,1405.4,642.41,1584.43,162.0
95,122,1395.38,642.28,1586.48,161.0
95,123,1403.02,642.05,1584.43,160.0
95,124,1396.44,642.28,1584.2,159.0
95,125,1401.17,641.85,1584.78,158.0
95,126,1397.39,642.43,1588.4,157.0
95,127,1398.64,642.77,1588.68,156.0
95,128,1405.04,642.12,1588.53,155.0
95,129,1398.99,642.74,1590.89,154.0
95,130,1396.7,642.51,1579.22,153.0
95,131,1397.16,642.82,1581.63,152.0
95,132,1400.74,642.03,1587.62,151.0
95,133,1397.39,642.43,1588.11,150.0
95,134,1399.8,642.54,1590.29,149.0
95,135,1400.93,642.11,1586.87,148.0
95,136,1403.51,641.94,1587.8,147.0
95,137,1400.25,641.83,1587.74,146.0
95,138,1405.51,642.56,1590.99,145.0
95,139,1395.12,642.87,1581.36,144.0
95,140,1399.15,642.39,1592.17,143.0
95,141,1400.57,642.59,1590.99,142.0
95,142,1408.5,642.73,1582.42,141.0
95,143,1399.26,641.78,1587.17,140.0
95,144,1400.7,642.28,1584.55,139.0
95,145,1399.38,642.32,1583.14,138.0
95,146,1396.8,641.89,1590.89,137.0
95,147,1399.64,642.34,1584.97,136.0
95,148,1407.54,642.03,1584.78,135.0
95,149,1405.6,641.98,1592.61,134.0
95,150,1409.2,642.39,1585.21,133.0
95,151,1402.65,642.24,1581.38,132.0
95,152,1399.01,641.91,1590.39,131.0
95,153,1398.15,642.91,1590.99,130.0
95,154,1400.55,641.82,1589.22,129.0
95,155,1399.21,641.82,1584.81,128.0
95,156,1398.26,642.9,1579.08,127.0
95,157,1408.04,642.49,1585.71,126.0
95,158,1401.99,642.06,1584.05,125.0
95,159,1393.35,642.27,1580.42,124.0
95,160,1401.55,643.02,1591.79,123.0
95,161,1405.04,642.53,1585.48,122.0
95,162,1400.5,642.61,1583.17,121.0
95,163,1405.83,642.37,1586.48,120.0
95,164,1412.12,641.79,1590.34,119.0
95,165,1403.68,642.18,1587.17,118.0
95,166,1399.51,642.74,1588.49,117.0
95,167,1411.22,642.5,1585.29,116.0
95,168,1395.87,642.38,1586.19,115.0
95,169,1403.81,642.53,1585.09,114.0
95,170,1401.84,641.9,1590.12,113.0
95,171,1405.06,641.99,1579.98,112.0
95,172,1395.96,642.22,1586.2,111.0
95,173,1400.55,642.08,1592.64,110.0
95,174,1403.68,642.43,1585.27,109.0
95,175,1399.68,642.47,1584.35,108.0
95,176,1408.49,642.37,1587.69,107.0
95,177,1392.6,642.31,1594.42,106.0
95,178,1401.88,641.97,1587.07,105.0
95,179,1403.9,642.61,1587.74,104.0
95,180,1401.78,642.02,1582.67,103.0
95,181,1404.52,642.71,1588.76,102.0
95,182,1404.45,642.09,1588.55,101.0
95,183,1399.66,642.29,1585.09,100.0
95,184,1407.53,642.58,1587.84,99.0
95,185,1407.79,643.08,1592.45,98.0
95,186,1412.64,643.16,1592.0,97.0
95,187,1401.49,642.74,1587.24,96.0
95,188,1410.54,642.16,1588.01,95.0
95,189,1408.82,643.02,1590.43,94.0
95,190,1406.08,642.54,1590.8,93.0
95,191,1405.29,642.69,1583.4,92.0
95,192,1400.74,642.55,1586.0,91.0
95,193,1403.75,642.43,1584.59,90.0
95,194,1401.81,642.44,1599.01,89.0
95,195,1411.99,642.54,1588.55,88.0
95,196,1409.74,642.47,1588.04,87.0
95,197,1402.16,643.02,1589.01,86.0
95,198,1409.82,642.28,1590.39,85.0
95,199,1408.87,642.59,1592.07,84.0
95,200,1410.83,642.26,1588.46,83.0
95,201,1408.54,643.18,1592.75,82.0
95,202,1408.2,642.94,1586.51,81.0
95,203,1409.74,642.41,1586.44,80.0
95,204,1410.59,642.57,1592.87,79.0
95,205,1411.49,642.81,1594.49,78.0
95,206,1406.57,642.36,1587.01,77.0
95,207,1412.31,642.42,1590.51,76.0
95,208,1403.58,642.92,1593.0,75.0
95,209,1404.78,642.51,1595.87,74.0
95,210,1409.24,643.0,1586.67,73.0
95,211,1404.44,642.67,1593.03,72.0
95,212,1411.26,642.85,1592.81,71.0
95,213,1415.19,643.14,1590.59,70.0
95,214,1409.15,642.06,1587.7,69.0
95,215,1410.6,642.37,1592.25,68.0
95,216,1405.95,642.64,1594.5,67.0
95,217,1407.93,642.5,1591.88,66.0
95,218,1413.2,642.36,1593.46,65.0
95,219,1413.89,642.54,1588.5,64.0
95,220,1410.51,642.59,1591.11,63.0
95,221,1407.35,642.79,1593.47,62.0
95,222,1412.71,643.17,1587.47,61.0
95,223,1417.29,643.01,1594.59,60.0
95,224,1413.4,643.32,1593.76,59.0
95,225,1412.13,642.83,1589.24,58.0
95,226,1413.93,642.63,1595.26,57.0
95,227,1410.36,642.98,1590.97,56.0
95,228,1409.01,643.41,1593.95,55.0
95,229,1403.5,642.69,1595.2,54.0
95,230,1419.72,642.45,1588.33,53.0
95,231,1413.11,642.62,1588.75,52.0
95,232,1425.23,643.04,1597.96,51.0
95,233,1416.52,643.23,1584.05,50.0
95,234,1416.54,642.69,1592.35,49.0
95,235,1413.07,642.78,1583.39,48.0
95,236,1420.27,642.92,1587.95,47.0
95,237,1411.07,643.27,1596.17,46.0
95,238,1411.04,643.34,1592.91,45.0
95,239,1421.15,643.05,1597.28,44.0
95,240,1416.72,642.84,1592.3,43.0
95,241,1417.09,643.14,1594.93,42.0
95,242,1414.26,642.8,1597.89,41.0
95,243,1414.52,642.83,1594.59,40.0
95,244,1412.59,643.7,1591.34,39.0
95,245,1414.35,642.93,1591.21,38.0
95,246,1413.57,643.3,1600.9,37.0
95,247,1416.05,642.69,1589.24,36.0
95,248,1414.16,642.61,1588.43,35.0
95,249,1413.06,643.36,1599.08,34.0
95,250,1418.2,643.47,1601.42,33.0
95,251,1413.76,643.73,1594.94,32.0
95,252,1418.2,643.16,1598.05,31.0
95,253,1420.01,642.91,1595.74,30.0
95,254,1422.15,642.92,1597.45,29.0
95,255,1419.6,642.96,1592.55,28.0
95,256,1425.68,643.08,1599.25,27.0
95,257,1417.8,642.82,1597.63,26.0
95,258,1425.25,643.99,1604.87,25.0
95,259,1419.68,642.85,1594.0,24.0
95,260,1427.34,642.91,1601.4,23.0
95,261,1418.11,642.9,1598.91,22.0
95,262,1422.01,643.15,1588.37,21.0
95,263,1416.45,643.38,1597.08,20.0
95,264,1422.97,643.66,1602.89,19.0
95,265,1420.26,643.06,1596.39,18.0
95,266,1421.42,643.19,1604.41,17.0
95,267,1425.34,643.56,1598.53,16.0
95,268,1422.62,643.33,1605.54,15.0
95,269,1419.24,643.71,1600.34,14.0
95,270,1426.52,643.37,1602.32,13.0
95,271,1423.72,643.69,1603.01,12.0
95,272,1424.87,643.56,1603.46,11.0
95,273,1430.41,643.69,1602.9,10.0
95,274,1429.65,643.57,1594.78,9.0
95,275,1433.16,643.53,1600.52,8.0
95,276,1417.99,643.63,1599.1,7.0
95,277,1429.86,643.12,1596.97,6.0
95,278,1434.45,644.0,1592.75,5.0
95,279,1435.36,643.57,1603.69,4.0
95,280,1433.15,643.46,1604.45,3.0
95,281,1430.88,644.21,1595.63,2.0
95,282,1422.01,643.65,1609.32,1.0
95,283,1430.97,643.43,1609.16,0.0
96,1,1404.22,642.03,1579.12,335.0
96,2,1396.96,641.99,1585.8,334.0
96,3,1395.06,642.03,1580.89,333.0
96,4,1393.84,642.22,1580.01,332.0
96,5,1403.18,642.46,1587.35,331.0
96,6,1401.9,642.5,1582.47,330.0
96,7,1397.12,642.2,1583.86,329.0
96,8,1402.43,642.41,1579.28,328.0
96,9,1399.6,642.28,1582.82,327.0
96,10,1408.76,641.97,1587.86,326.0
96,11,1396.68,642.42,1588.7,325.0
96,12,1398.01,642.09,1580.9,324.0
96,13,1407.59,642.16,1586.38,323.0
96,14,1397.55,642.73,1588.64,322.0
96,15,1399.91,642.17,1581.43,321.0
96,16,1403.3,642.13,1578.69,320.0
96,17,1404.67,642.63,1585.38,319.0
96,18,1397.32,642.01,1583.03,318.0
96,19,1401.88,641.93,1583.78,317.0
96,20,1404.79,642.18,1583.28,316.0
96,21,1397.7,642.23,1588.23,315.0
96,22,1406.21,642.22,1584.66,314.0
96,23,1398.56,642.52,1575.65,313.0
96,24,1397.8,642.27,1584.93,312.0
96,25,1404.23,642.27,1584.35,311.0
96,26,1401.97,642.21,1585.18,310.0
96,27,1398.19,642.05,1587.26,309.0
96,28,1398.68,642.34,1587.93,308.0
96,29,1402.89,642.39,1578.06,307.0
96,30,1399.72,642.28,1588.73,306.0
96,31,1401.76,642.04,1588.89,305.0
96,32,1402.85,642.92,1583.99,304.0
96,33,1398.36,642.57,1586.94,303.0
96,34,1406.01,642.33,1589.76,302.0
96,35,1396.97,641.63,1584.2,301.0
96,36,1402.43,642.25,1587.65,300.0
96,37,1409.13,642.54,1587.41,299.0
96,38,1398.37,642.1,1585.02,298.0
96,39,1402.96,642.3,1584.48,297.0
96,40,1394.76,642.45,1586.71,296.0
96,41,1397.57,642.53,1587.48,295.0
96,42,1403.99,642.5,1583.98,294.0
96,43,1398.53,641.74,1588.24,293.0
96,44,1402.17,642.47,1580.95,292.0
96,45,1399.15,642.03,1591.73,291.0
96,46,1400.91,641.95,1585.7,290.0
96,47,1401.91,641.96,1589.24,289.0
96,48,1400.08,642.19,1579.94,288.0
96,49,1399.07,642.26,1585.05,287.0
96,50,1399.51,642.56,1585.47,286.0
96,51,1399.1,642.66,1579.83,285.0
96,52,1395.46,642.27,1585.82,284.0
96,53,1406.32,642.03,1585.22,283.0
96,54,1400.26,642.04,1590.66,282.0
96,55,1405.16,641.94,1583.94,281.0
96,56,1400.93,642.41,1589.73,280.0
96,57,1404.11,642.36,1584.49,279.0
96,58,1406.95,642.28,1597.41,278.0
96,59,1400.57,642.8,1589.51,277.0
96,60,1399.39,642.11,1590.71,276.0
96,61,1408.68,643.06,1588.17,275.0
96,62,1398.67,641.98,1590.27,274.0
96,63,1404.52,642.35,1581.98,273.0
96,64,1395.02,642.62,1590.55,272.0
96,65,1393.86,641.61,1581.42,271.0
96,66,1404.9,641.94,1590.1,270.0
96,67,1409.01,642.12,1581.85,269.0
96,68,1401.69,642.13,1582.75,268.0
96,69,1400.21,642.77,1591.14,267.0
96,70,1402.44,642.95,1578.17,266.0
96,71,1400.3,642.32,1588.49,265.0
96,72,1401.76,642.1,1583.12,264.0
96,73,1402.55,643.0,1582.73,263.0
96,74,1401.91,641.99,1578.25,262.0
96,75,1407.26,642.18,1586.35,261.0
96,76,1396.95,642.09,1582.32,260.0
96,77,1402.57,642.14,1585.65,259.0
96,78,1402.55,642.06,1589.29,258.0
96,79,1398.25,642.27,1585.81,257.0
96,80,1398.19,642.64,1581.32,256.0
96,81,1406.24,642.6,1582.03,255.0
96,82,1394.42,642.93,1581.84,254.0
96,83,1400.82,642.59,1592.25,253.0
96,84,1406.8,642.0,1586.68,252.0
96,85,1406.9,642.14,1589.12,251.0
96,86,1401.04,642.49,1591.25,250.0
96,87,1404.02,643.14,1587.44,249.0
96,88,1405.64,642.22,1586.38,248.0
96,89,1403.85,641.94,1586.85,247.0
96,90,1398.5,641.67,1585.27,246.0
96,91,1393.25,642.37,1584.34,245.0
96,92,1400.92,642.45,1588.74,244.0
96,93,1397.22,641.7,1585.22,243.0
96,94,1398.29,642.76,1585.91,242.0
96,95,1394.88,642.76,1593.76,241.0
96,96,1405.05,642.32,1582.94,240.0
96,97,1404.63,642.99,1587.87,239.0
96,98,1392.99,642.61,1586.02,238.0
96,99,1401.64,642.41,1591.71,237.0
96,100,1404.62,642.38,1587.67,236.0
96,101,1400.12,642.07,1585.28,235.0
96,102,1401.75,642.57,1591.95,234.0
96,103,1401.16,642.54,1585.98,233.0
96,104,1393.97,642.16,1585.93,232.0
96,105,1401.39,642.06,1587.91,231.0
96,106,1402.03,642.63,1587.13,230.0
96,107,1405.09,642.29,1585.79,229.0
96,108,1401.33,642.63,1584.49,228.0
96,109,1405.76,642.61,1587.6,227.0
96,110,1402.39,643.03,1590.8,226.0
96,111,1402.37,642.63,1584.15,225.0
96,112,1404.64,642.43,1586.49,224.0
96,113,1394.61,642.21,1588.67,223.0
96,114,1406.9,642.09,1578.21,222.0
96,115,1397.24,642.26,1586.14,221.0
96,116,1404.02,642.4,1584.33,220.0
96,117,1404.84,643.06,1592.87,219.0
96,118,1401.72,642.6,1592.72,218.0
96,119,1402.05,642.58,1594.41,217.0
96,120,1401.98,641.87,1584.11,216.0
96,121,1407.17,642.62,1590.51,215.0
96,122,1406.45,642.43,1586.33,214.0
96,123,1399.02,642.16,1579.14,213.0
96,124,1402.66,642.3,1588.64,212.0
96,125,1398.63,642.45,1586.77,211.0
96,126,1404.76,642.66,1582.18,210.0
96,127,1405.86,642.01,1587.72,209.0
96,128,1404.86,642.48,1583.03,208.0
96,129,1405.72,641.71,1590.58,207.0
96,130,1403.66,641.85,1580.37,206.0
96,131,1398.8,642.65,1588.97,205.0
96,132,1406.08,642.01,1586.74,204.0
96,133,1408.0,642.49,1579.51,203.0
96,134,1409.3,642.28,1587.94,202.0
96,135,1401.91,642.39,1590.11,201.0
96,136,1399.6,642.96,1590.94,200.0
96,137,1409.24,642.24,1585.92,199.0
96,138,1400.25,642.42,1579.23,198.0
96,139,1403.1,642.01,1577.72,197.0
96,140,1402.76,642.54,1584.79,196.0
96,141,1399.84,642.82,1591.08,195.0
96,142,1399.49,642.66,1584.35,194.0
96,143,1402.18,642.02,1587.97,193.0
96,144,1399.62,642.67,1588.24,192.0
96,145,1401.8,641.85,1585.26,191.0
96,146,1401.42,642.59,1588.44,190.0
96,147,1412.14,642.29,1592.87,189.0
96,148,1408.75,641.9,1586.05,188.0
96,149,1406.47,642.46,1590.93,187.0
96,150,1402.43,642.44,1590.27,186.0
96,151,1405.39,642.5,1593.48,185.0
96,152,1400.49,642.53,1592.04,184.0
96,153,1408.05,642.06,1587.52,183.0
96,154,1400.36,642.75,1589.99,182.0
96,155,1406.72,642.38,1583.92,181.0
96,156,1407.57,642.37,1583.54,180.0
96,157,1410.76,642.35,1590.22,179.0
96,158,1402.3,642.59,1596.77,178.0
96,159,1406.72,641.55,1589.51,177.0
96,160,1405.53,642.53,1590.14,176.0
96,161,1397.97,642.09,1587.64,175.0
96,162,1402.9,642.83,1587.26,174.0
96,163,1404.73,642.56,1594.68,173.0
96,164,1400.81,642.65,1581.52,172.0
96,165,1398.17,642.38,1588.95,171.0
96,166,1405.59,642.98,1588.44,170.0
96,167,1411.68,642.61,1588.43,169.0
96,168,1402.08,641.91,1588.52,168.0
96,169,1402.31,642.94,1589.72,167.0
96,170,1404.43,642.37,1586.54,166.0
96,171,1410.13,642.6,1588.47,165.0
96,172,1401.94,642.59,1586.86,164.0
96,173,1409.96,642.53,1587.0,163.0
96,174,1411.87,642.84,1589.33,162.0
96,175,1411.62,642.03,1585.55,161.0
96,176,1403.19,642.51,1589.64,160.0
96,177,1407.18,643.06,1587.44,159.0
96,178,1398.25,642.34,1589.95,158.0
96,179,1399.22,641.89,1594.64,157.0
96,180,1406.01,642.61,1592.04,156.0
96,181,1408.63,642.28,1594.59,155.0
96,182,1409.34,643.18,1591.11,154.0
96,183,1393.76,642.37,1590.28,153.0
96,184,1410.64,642.43,1590.95,152.0
96,185,1409.96,642.33,1588.04,151.0
96,186,1397.47,642.67,1590.9,150.0
96,187,1406.17,642.44,1589.64,149.0
96,188,1399.9,643.05,1591.29,148.0
96,189,1410.48,641.8,1593.73,147.0
96,190,1401.92,642.38,1592.01,146.0
96,191,1405.62,642.38,1594.9,145.0
96,192,1409.35,642.42,1595.78,144.0
96,193,1402.98,642.82,1589.43,143.0
96,194,1405.94,642.05,1588.49,142.0
96,195,1397.43,642.64,1584.55,141.0
96,196,1403.48,643.01,1590.92,140.0
96,197,1405.73,642.75,1589.96,139.0
96,198,1405.19,642.91,1595.02,138.0
96,199,1413.25,642.42,1586.01,137.0
96,200,1408.98,642.38,1587.91,136.0
96,201,1408.39,642.33,1584.08,135.0
96,202,1414.38,642.69,1586.55,134.0
96,203,1409.24,643.27,1593.37,133.0
96,204,1406.45,642.5,1592.98,132.0
96,205,1408.81,642.72,1592.6,131.0
96,206,1403.51,642.54,1592.56,130.0
96,207,1403.63,642.07,1592.26,129.0
96,208,1406.82,642.83,1588.47,128.0
96,209,1408.98,642.5,1591.09,127.0
96,210,1401.37,642.69,1585.77,126.0
96,211,1410.33,642.7,1590.85,125.0
96,212,1403.79,642.53,1588.67,124.0
96,213,1409.29,642.72,1592.56,123.0
96,214,1407.56,642.27,1594.68,122.0
96,215,1405.12,642.38,1592.23,121.0
96,216,1404.22,642.42,1584.19,120.0
96,217,1408.7,642.59,1587.44,119.0
96,218,1407.35,642.37,1595.46,118.0
96,219,1406.28,642.26,1586.61,117.0
96,220,1407.02,642.18,1589.6,116.0
96,221,1408.78,642.92,1589.96,115.0
96,222,1412.84,642.59,1593.67,114.0
96,223,1412.16,642.85,1585.36,113.0
96,224,1407.43,642.96,1589.19,112.0
96,225,1410.39,642.72,1590.54,111.0
96,226,1410.47,642.66,1588.32,110.0
96,227,1407.62,642.56,1587.57,109.0
96,228,1408.72,642.37,1590.12,108.0
96,229,1406.03,642.68,1592.7,107.0
96,230,1410.75,642.47,1593.23,106.0
96,231,1415.9,642.91,1589.55,105.0
96,232,1414.33,643.17,1592.56,104.0
96,233,1407.07,643.2,1584.32,103.0
96,234,1408.28,643.17,1589.45,102.0
96,235,1408.34,642.96,1591.53,101.0
96,236,1414.52,643.16,1589.64,100.0
96,237,1405.0,642.58,1591.62,99.0
96,238,1412.58,642.41,1593.96,98.0
96,239,1410.88,642.97,1594.68,97.0
96,240,1411.03,642.87,1598.59,96.0
96,241,1404.53,642.88,1587.66,95.0
96,242,1414.0,642.17,1591.52,94.0
96,243,1416.24,642.27,1590.26,93.0
96,244,1403.31,643.05,1590.19,92.0
96,245,1414.27,642.88,1604.56,91.0
96,246,1410.97,643.03,1588.51,90.0
96,247,1410.02,642.77,1593.93,89.0
96,248,1408.09,642.77,1584.2,88.0
96,249,1414.47,643.17,1594.95,87.0
96,250,1411.92,642.39,1590.68,86.0
96,251,1416.93,643.34,1586.82,85.0
96,252,1405.56,643.35,1595.03,84.0
96,253,1421.42,642.76,1595.07,83.0
96,254,1414.03,642.79,1589.76,82.0
96,255,1416.77,642.96,1592.41,81.0
96,256,1413.34,642.62,1597.4,80.0
96,257,1411.28,642.74,1589.9,79.0
96,258,1408.76,642.4,1590.06,78.0
96,259,1420.36,642.48,1582.05,77.0
96,260,1414.04,642.74,1592.98,76.0
96,261,1416.29,642.5,1597.06,75.0
96,262,1415.68,642.73,1599.76,74.0
96,263,1414.29,642.37,1588.69,73.0
96,264,1408.63,642.56,1589.79,72.0
96,265,1412.99,642.85,1590.86,71.0
96,266,1415.19,642.96,1591.67,70.0
96,267,1422.18,642.74,1591.84,69.0
96,268,1406.85,642.56,1594.89,68.0
96,269,1412.08,642.88,1591.78,67.0
96,270,1415.18,643.24,1592.6,66.0
96,271,1406.1,643.15,1593.0,65.0
96,272,1414.21,642.96,1585.65,64.0
96,273,1413.71,643.32,1599.47,63.0
96,274,1413.64,642.65,1595.03,62.0
96,275,1410.38,642.91,1595.86,61.0
96,276,1416.09,642.88,1603.35,60.0
96,277,1418.79,643.07,1592.24,59.0
96,278,1414.27,642.97,1589.3,58.0
96,279,1416.58,642.86,1600.83,57.0
96,280,1420.77,642.85,1593.45,56.0
96,281,1409.52,642.96,1589.04,55.0
96,282,1416.24,642.71,1593.79,54.0
96,283,1421.4,643.19,1593.18,53.0
96,284,1413.76,643.3,1602.23,52.0
96,285,1415.2,642.52,1593.16,51.0
96,286,1416.19,642.84,1601.01,50.0
96,287,1418.5,642.92,1599.22,49.0
96,288,1421.8,643.1,1598.31,48.0
96,289,1417.83,643.48,1589.88,47.0
96,290,1421.42,643.32,1599.77,46.0
96,291,1426.5,642.44,1599.32,45.0
96,292,1417.07,643.22,1599.71,44.0
96,293,1421.48,643.57,1596.51,43.0
96,294,1412.83,643.67,1601.09,42.0
96,295,1417.53,643.64,1601.01,41.0
96,296,1427.1,643.34,1599.4,40.0
96,297,1416.14,643.15,1594.18,39.0
96,298,1428.24,643.34,1602.08,38.0
96,299,1418.54,642.91,1608.62,37.0
96,300,1417.98,643.29,1601.55,36.0
96,301,1428.54,643.82,1600.94,35.0
96,302,1413.99,643.51,1595.33,34.0
96,303,1419.64,643.43,1601.56,33.0
96,304,1423.31,643.5,1600.37,32.0
96,305,1425.69,643.21,1591.05,31.0
96,306,1418.72,643.73,1596.28,30.0
96,307,1420.58,643.14,1590.44,29.0
96,308,1425.46,643.26,1601.04,28.0
96,309,1423.02,643.23,1595.06,27.0
96,310,1417.02,642.97,1592.28,26.0
96,311,1420.88,643.07,1597.94,25.0
96,312,1421.81,643.57,1596.22,24.0
96,313,1417.06,643.67,1599.44,23.0
96,314,1425.25,643.66,1599.37,22.0
96,315,1419.81,643.89,1596.52,21.0
96,316,1416.36,643.32,1594.62,20.0
96,317,1423.25,643.43,1602.6,19.0
96,318,1416.3,643.01,1599.14,18.0
96,319,1423.84,643.34,1592.75,17.0
96,320,1428.81,643.24,1594.58,16.0
96,321,1424.22,643.48,1591.28,15.0
96,322,1420.86,643.84,1592.24,14.0
96,323,1428.51,643.13,1598.09,13.0
96,324,1428.1,643.85,1603.01,12.0
96,325,1429.81,643.57,1602.58,11.0
96,326,1425.74,643.72,1591.42,10.0
96,327,1430.58,643.69,1604.73,9.0
96,328,1430.42,643.62,1598.42,8.0
96,329,1426.81,643.43,1599.78,7.0
96,330,1432.39,644.0,1602.21,6.0
96,331,1431.16,643.88,1601.34,5.0
96,332,1432.65,643.45,1603.59,4.0
96,333,1426.93,644.2,1603.88,3.0
96,334,1431.08,643.62,1599.47,2.0
96,335,1430.52,644.13,1595.57,1.0
96,336,1432.12,643.74,1599.2,0.0
97,1,1395.4,642.01,1581.83,201.0
97,2,1402.05,641.99,1582.99,200.0
97,3,1403.8,641.9,1586.14,199.0
97,4,1406.16,642.59,1594.96,198.0
97,5,1406.07,641.89,1587.52,197.0
97,6,1401.05,642.32,1590.17,196.0
97,7,1398.34,642.54,1583.02,195.0
97,8,1401.22,642.73,1579.57,194.0
97,9,1398.52,641.96,1582.75,193.0
97,10,1403.44,641.93,1598.1,192.0
97,11,1405.54,641.95,1584.54,191.0
97,12,1401.88,641.5,1580.53,190.0
97,13,1403.52,642.7,1586.64,189.0
97,14,1398.31,642.07,1588.87,188.0
97,15,1397.36,642.34,1588.75,187.0
97,16,1404.74,642.67,1589.57,186.0
97,17,1403.5,642.0,1588.51,185.0
97,18,1402.01,641.96,1586.29,184.0
97,19,1402.82,642.51,1583.71,183.0
97,20,1397.18,642.15,1586.86,182.0
97,21,1399.15,642.23,1591.1,181.0
97,22,1395.62,642.24,1584.77,180.0
97,23,1403.2,642.21,1585.04,179.0
97,24,1399.74,642.81,1583.14,178.0
97,25,1402.24,642.03,1580.93,177.0
97,26,1404.0,642.49,1584.89,176.0
97,27,1399.17,642.15,1580.98,175.0
97,28,1406.67,641.94,1583.61,174.0
97,29,1397.31,642.19,1589.25,173.0
97,30,1407.18,642.38,1584.91,172.0
97,31,1405.34,642.41,1587.34,171.0
97,32,1406.82,642.25,1593.23,170.0
97,33,1397.19,642.01,1585.29,169.0
97,34,1400.29,642.0,1584.95,168.0
97,35,1405.29,642.42,1582.36,167.0
97,36,1408.13,642.29,1588.49,166.0
97,37,1404.86,641.94,1588.34,165.0
97,38,1408.19,642.82,1585.17,164.0
97,39,1399.69,641.8,1582.74,163.0
97,40,1396.84,642.75,1584.8,162.0
97,41,1406.45,642.61,1590.25,161.0
97,42,1404.81,642.09,1593.45,160.0
97,43,1403.69,642.9,1587.97,159.0
97,44,1409.76,642.45,1579.14,158.0
97,45,1399.21,642.21,1585.89,157.0
97,46,1398.53,642.15,1583.8,156.0
97,47,1399.73,642.07,1591.58,155.0
97,48,1397.82,642.23,1581.88,154.0
97,49,1403.62,642.29,1581.82,153.0
97,50,1400.66,642.51,1588.78,152.0
97,51,1399.72,642.53,1585.08,151.0
97,52,1403.16,641.9,1587.38,150.0
97,53,1394.92,642.28,1583.19,149.0
97,54,1399.54,642.42,1589.91,148.0
97,55,1397.37,642.36,1583.0,147.0
97,56,1399.37,643.09,1582.79,146.0
97,57,1400.69,642.39,1587.59,145.0
97,58,1388.06,642.33,1587.49,144.0
97,59,1399.24,642.41,1590.0,143.0
97,60,1395.96,642.02,1584.5,142.0
97,61,1399.47,642.29,1584.35,141.0
97,62,1405.27,642.36,1580.77,140.0
97,63,1403.19,642.13,1582.1,139.0
97,64,1407.02,642.79,1589.27,138.0
97,65,1401.49,642.33,1589.93,137.0
97,66,1398.94,642.36,1586.09,136.0
97,67,1399.75,641.84,1587.48,135.0
97,68,1410.08,642.8,1586.3,134.0
97,69,1403.75,642.08,1588.54,133.0
97,70,1405.12,642.82,1592.36,132.0
97,71,1399.57,642.54,1581.77,131.0
97,72,1398.84,642.54,1583.8,130.0
97,73,1396.99,642.63,1589.65,129.0
97,74,1405.09,642.72,1585.51,128.0
97,75,1394.1,641.75,1583.07,127.0
97,76,1397.69,642.55,1594.18,126.0
97,77,1397.96,641.99,1589.68,125.0
97,78,1395.52,642.71,1586.59,124.0
97,79,1403.55,642.69,1585.42,123.0
97,80,1403.63,642.14,1593.81,122.0
97,81,1406.88,642.03,1582.72,121.0
97,82,1405.01,642.17,1587.36,120.0
97,83,1401.99,641.8,1586.4,119.0
97,84,1398.78,642.32,1588.41,118.0
97,85,1404.34,641.72,1585.21,117.0
97,86,1409.81,642.88,1588.18,116.0
97,87,1404.24,642.0,1583.72,115.0
97,88,1400.61,642.12,1594.19,114.0
97,89,1402.91,642.61,1587.81,113.0
97,90,1404.87,642.13,1584.2,112.0
97,91,1408.85,642.28,1585.09,111.0
97,92,1394.79,642.38,1585.62,110.0
97,93,1402.35,642.22,1591.29,109.0
97,94,1403.53,641.7,1586.5,108.0
97,95,1399.25,642.7,1581.04,107.0
97,96,1403.22,642.54,1585.88,106.0
97,97,1402.21,642.24,1586.75,105.0
97,98,1405.32,642.24,1586.13,104.0
97,99,1401.13,642.04,1574.3,103.0
97,100,1405.37,642.19,1590.0,102.0
97,101,1401.39,642.71,1585.48,101.0
97,102,1406.44,642.02,1586.86,100.0
97,103,1404.09,641.93,1591.69,99.0
97,104,1403.14,642.7,1581.9,98.0
97,105,1406.25,642.44,1591.96,97.0
97,106,1397.57,641.91,1586.61,96.0
97,107,1405.15,642.39,1587.12,95.0
97,108,1410.42,642.28,1589.41,94.0
97,109,1401.27,642.21,1584.99,93.0
97,110,1404.53,642.61,1590.5,92.0
97,111,1406.92,641.84,1597.77,91.0
97,112,1400.14,642.35,1583.96,90.0
97,113,1406.98,642.54,1588.47,89.0
97,114,1404.26,642.44,1585.02,88.0
97,115,1399.96,642.87,1583.48,87.0
97,116,1410.1,642.73,1592.5,86.0
97,117,1403.23,642.38,1586.87,85.0
97,118,1406.9,642.25,1596.87,84.0
97,119,1408.95,642.34,1582.77,83.0
97,120,1399.66,642.37,1588.57,82.0
97,121,1402.02,642.41,1585.87,81.0
97,122,1411.14,642.32,1584.35,80.0
97,123,1404.06,642.31,1589.61,79.0
97,124,1408.59,642.13,1591.88,78.0
97,125,1399.56,641.97,1593.24,77.0
97,126,1408.98,642.23,1583.87,76.0
97,127,1407.0,642.34,1587.38,75.0
97,128,1407.05,642.77,1592.39,74.0
97,129,1396.83,642.43,1589.98,73.0
97,130,1409.07,642.53,1591.38,72.0
97,131,1399.82,642.49,1586.56,71.0
97,132,1399.28,642.2,1590.2,70.0
97,133,1406.97,642.64,1592.58,69.0
97,134,1398.86,642.3,1590.57,68.0
97,135,1410.76,642.39,1591.8,67.0
97,136,1403.15,642.5,1593.8,66.0
97,137,1402.07,642.7,1595.48,65.0
97,138,1395.95,642.67,1597.5,64.0
97,139,1409.94,642.61,1581.16,63.0
97,140,1406.59,643.06,1588.75,62.0
97,141,1407.95,642.76,1589.77,61.0
97,142,1401.27,642.58,1583.62,60.0
97,143,1404.27,642.45,1588.4,59.0
97,144,1406.0,642.21,1579.62,58.0
97,145,1403.34,642.56,1589.04,57.0
97,146,1412.2,643.16,1589.14,56.0
97,147,1408.87,643.25,1601.61,55.0
97,148,1402.66,642.97,1590.12,54.0
97,149,1407.39,643.11,1594.9,53.0
97,150,1405.32,642.4,1589.15,52.0
97,151,1402.93,642.28,1590.25,51.0
97,152,1405.1,642.88,1586.87,50.0
97,153,1405.53,642.29,1598.69,49.0
97,154,1407.36,642.22,1594.3,48.0
97,155,1404.23,642.21,1591.51,47.0
97,156,1411.85,642.73,1582.09,46.0
97,157,1407.48,642.26,1587.91,45.0
97,158,1407.83,642.31,1589.18,44.0
97,159,1412.29,642.91,1587.64,43.0
97,160,1404.12,643.05,1599.21,42.0
97,161,1410.13,643.2,1592.12,41.0
97,162,1412.89,642.89,1588.04,40.0
97,163,1407.04,642.97,1593.13,39.0
97,164,1406.49,642.94,1596.24,38.0
97,165,1407.37,642.95,1591.79,37.0
97,166,1406.03,642.68,1592.24,36.0
97,167,1406.84,642.27,1587.48,35.0
97,168,1412.53,642.8,1593.34,34.0
97,169,1401.8,642.95,1595.77,33.0
97,170,1411.55,642.49,1587.41,32.0
97,171,1406.76,642.46,1595.14,31.0
97,172,1411.27,643.1,1593.56,30.0
97,173,1415.43,642.33,1593.36,29.0
97,174,1418.99,642.97,1592.52,28.0
97,175,1414.21,642.58,1599.64,27.0
97,176,1413.01,643.67,1588.89,26.0
97,177,1408.17,643.35,1598.21,25.0
97,178,1420.07,643.14,1598.57,24.0
97,179,1412.22,643.12,1595.39,23.0
97,180,1418.51,643.73,1594.84,22.0
97,181,1413.01,643.09,1589.77,21.0
97,182,1414.53,642.89,1596.81,20.0
97,183,1418.39,643.29,1590.71,19.0
97,184,1414.26,643.89,1593.07,18.0
97,185,1417.87,642.58,1591.57,17.0
97,186,1421.33,643.37,1601.66,16.0
97,187,1420.68,642.8,1602.2,15.0
97,188,1420.2,643.0,1598.61,14.0
97,189,1426.13,643.38,1600.39,13.0
97,190,1415.18,643.49,1596.78,12.0
97,191,1423.38,643.05,1596.91,11.0
97,192,1421.38,643.54,1610.06,10.0
97,193,1418.23,643.11,1596.09,9.0
97,194,1420.27,643.35,1607.58,8.0
97,195,1424.68,643.96,1599.16,7.0
97,196,1429.74,643.19,1597.51,6.0
97,197,1427.37,643.48,1604.51,5.0
97,198,1426.47,643.52,1605.46,4.0
97,199,1429.9,643.97,1605.94,3.0
97,200,1429.4,643.2,1601.34,2.0
97,201,1430.66,643.46,1606.9,1.0
97,202,1427.41,643.79,1610.66,0.0
98,1,1404.55,642.3,1580.93,155.0
98,2,1394.47,642.13,1585.29,154.0
98,3,1396.33,642.35,1582.27,153.0
98,4,1398.98,641.8,1585.23,152.0
98,5,1397.87,641.85,1592.31,151.0
98,6,1400.8,642.46,1581.0,150.0
98,7,1405.97,642.08,1578.64,149.0
98,8,1402.88,642.1,1583.29,148.0
98,9,1393.89,642.22,1588.95,147.0
98,10,1396.5,642.07,1584.36,146.0
98,11,1401.37,642.6,1583.96,145.0
98,12,1397.29,641.87,1579.66,144.0
98,13,1396.26,641.86,1578.11,143.0
98,14,1393.15,642.74,1586.49,142.0
98,15,1399.3,642.17,1584.16,141.0
98,16,1399.74,642.71,1584.08,140.0
98,17,1396.08,642.31,1588.54,139.0
98,18,1389.48,642.25,1588.99,138.0
98,19,1401.22,641.98,1581.82,137.0
98,20,1403.12,642.54,1592.0,136.0
98,21,1391.4,642.04,1580.39,135.0
98,22,1404.83,641.79,1588.86,134.0
98,23,1392.01,642.18,1586.09,133.0
98,24,1399.07,642.49,1587.08,132.0
98,25,1399.04,642.29,1587.33,131.0
98,26,1395.86,642.05,1582.42,130.0
98,27,1397.2,642.23,1587.5,129.0
98,28,1404.49,641.65,1579.76,128.0
98,29,1395.46,642.39,1589.91,127.0
98,30,1403.12,641.85,1578.57,126.0
98,31,1395.81,642.29,1590.14,125.0
98,32,1397.86,642.43,1577.66,124.0
98,33,1395.59,642.54,1583.68,123.0
98,34,1405.03,641.97,1576.7,122.0
98,35,1394.32,642.49,1584.26,121.0
98,36,1401.0,642.05,1585.2,120.0
98,37,1397.06,642.08,1584.48,119.0
98,38,1403.97,642.19,1581.77,118.0
98,39,1395.37,642.22,1591.83,117.0
98,40,1405.05,642.18,1586.95,116.0
98,41,1397.44,642.12,1583.57,115.0
98,42,1399.01,642.49,1578.29,114.0
98,43,1401.16,642.11,1586.62,113.0
98,44,1400.69,642.7,1588.84,112.0
98,45,1402.79,642.04,1583.26,111.0
98,46,1409.27,642.26,1579.48,110.0
98,47,1391.23,642.08,1593.46,109.0
98,48,1403.28,642.02,1580.31,108.0
98,49,1399.16,642.44,1584.88,107.0
98,50,1390.36,642.61,1582.93,106.0
98,51,1397.87,642.37,1585.49,105.0
98,52,1401.36,641.94,1586.48,104.0
98,53,1406.78,642.13,1578.09,103.0
98,54,1403.17,641.98,1582.21,102.0
98,55,1395.14,642.27,1586.97,101.0
98,56,1409.74,642.07,1583.54,100.0
98,57,1395.44,642.13,1586.22,99.0
98,58,1397.63,642.54,1582.9,98.0
98,59,1396.07,642.33,1584.25,97.0
98,60,1399.36,642.2,1590.1,96.0
98,61,1404.77,642.32,1585.53,95.0
98,62,1403.54,642.11,1590.76,94.0
98,63,1403.92,642.19,1594.98,93.0
98,64,1407.83,642.32,1591.68,92.0
98,65,1401.02,642.6,1580.89,91.0
98,66,1402.74,642.65,1592.52,90.0
98,67,1403.9,643.02,1590.13,89.0
98,68,1404.16,642.3,1584.1,88.0
98,69,1403.12,642.13,1592.26,87.0
98,70,1396.18,642.64,1587.58,86.0
98,71,1401.42,642.41,1584.12,85.0
98,72,1403.37,642.38,1591.36,84.0
98,73,1402.19,642.94,1580.76,83.0
98,74,1395.71,642.57,1579.97,82.0
98,75,1401.72,642.26,1587.36,81.0
98,76,1401.99,642.16,1586.25,80.0
98,77,1400.95,643.06,1588.13,79.0
98,78,1407.36,642.74,1590.08,78.0
98,79,1401.75,642.35,1588.89,77.0
98,80,1399.37,642.18,1588.39,76.0
98,81,1405.73,642.09,1594.45,75.0
98,82,1397.63,642.53,1586.69,74.0
98,83,1408.3,642.26,1589.48,73.0
98,84,1394.62,642.24,1580.32,72.0
98,85,1399.72,642.3,1584.96,71.0
98,86,1403.02,642.95,1591.44,70.0
98,87,1405.9,642.84,1584.84,69.0
98,88,1398.43,642.92,1585.14,68.0
98,89,1403.63,642.45,1588.13,67.0
98,90,1395.52,642.26,1583.76,66.0
98,91,1409.03,642.09,1591.18,65.0
98,92,1408.8,642.84,1592.3,64.0
98,93,1410.56,642.78,1592.95,63.0
98,94,1400.39,641.95,1580.15,62.0
98,95,1407.67,642.56,1585.3,61.0
98,96,1410.2,642.27,1589.45,60.0
98,97,1398.2,642.45,1590.32,59.0
98,98,1406.36,642.69,1575.27,58.0
98,99,1406.57,643.49,1594.19,57.0
98,100,1401.31,642.52,1595.92,56.0
98,101,1403.4,642.84,1587.37,55.0
98,102,1409.35,642.78,1590.35,54.0
98,103,1408.18,642.0,1589.82,53.0
98,104,1406.16,642.66,1586.26,52.0
98,105,1406.41,642.44,1592.8,51.0
98,106,1413.18,642.49,1592.73,50.0
98,107,1409.88,642.73,1588.13,49.0
98,108,1405.38,642.66,1590.02,48.0
98,109,1407.74,643.28,1593.36,47.0
98,110,1405.17,642.85,1589.5,46.0
98,111,1408.17,642.6,1590.83,45.0
98,112,1411.5,642.54,1590.85,44.0
98,113,1410.84,641.62,1590.42,43.0
98,114,1412.33,642.89,1588.31,42.0
98,115,1405.91,642.78,1586.4,41.0
98,116,1403.3,642.41,1592.92,40.0
98,117,1415.13,642.52,1590.2,39.0
98,118,1409.32,643.49,1589.88,38.0
98,119,1408.58,643.54,1595.95,37.0
98,120,1411.42,642.25,1592.89,36.0
98,121,1408.53,643.13,1588.82,35.0
98,122,1415.53,643.46,1593.95,34.0
98,123,1411.25,642.67,1588.42,33.0
98,124,1415.81,642.52,1592.81,32.0
98,125,1412.43,643.06,1589.57,31.0
98,126,1421.69,642.92,1590.67,30.0
98,127,1417.98,643.11,1595.68,29.0
98,128,1413.42,643.27,1595.21,28.0
98,129,1411.23,643.6,1599.84,27.0
98,130,1425.93,643.14,1590.61,26.0
98,131,1414.73,642.85,1598.3,25.0
98,132,1418.83,642.42,1595.58,24.0
98,133,1420.22,643.36,1594.81,23.0
98,134,1421.27,643.45,1596.37,22.0
98,135,1416.37,642.99,1594.73,21.0
98,136,1421.81,642.78,1592.86,20.0
98,137,1416.92,643.32,1594.91,19.0
98,138,1420.15,643.21,1596.61,18.0
98,139,1413.42,643.33,1596.31,17.0
98,140,1421.17,643.43,1594.1,16.0
98,141,1424.33,643.28,1587.88,15.0
98,142,1419.68,643.59,1597.32,14.0
98,143,1430.24,643.07,1597.23,13.0
98,144,1419.65,643.61,1596.57,12.0
98,145,1425.81,643.02,1596.19,11.0
98,146,1423.26,642.88,1594.9,10.0
98,147,1419.19,644.39,1599.15,9.0
98,148,1427.64,643.35,1606.24,8.0
98,149,1420.38,643.23,1604.83,7.0
98,150,1428.44,643.25,1602.22,6.0
98,151,1430.65,643.49,1605.44,5.0
98,152,1430.44,643.7,1601.54,4.0
98,153,1424.08,643.9,1598.11,3.0
98,154,1428.99,643.68,1602.37,2.0
98,155,1424.95,643.96,1602.49,1.0
98,156,1432.16,643.02,1603.77,0.0
99,1,1391.14,641.69,1586.17,184.0
99,2,1402.26,641.93,1588.58,183.0
99,3,1404.55,642.21,1588.22,182.0
99,4,1394.6,642.49,1587.64,181.0
99,5,1403.49,642.25,1583.02,180.0
99,6,1401.9,641.46,1586.64,179.0
99,7,1407.88,642.02,1584.95,178.0
99,8,1391.01,642.68,1587.4,177.0
99,9,1402.74,642.18,1577.83,176.0
99,10,1394.87,641.89,1584.64,175.0
99,11,1402.93,641.78,1584.18,174.0
99,12,1400.37,642.19,1586.32,173.0
99,13,1401.53,642.61,1582.63,172.0
99,14,1405.73,642.35,1586.21,171.0
99,15,1397.06,643.11,1580.86,170.0
99,16,1408.72,641.85,1581.41,169.0
99,17,1400.57,642.31,1583.0,168.0
99,18,1405.55,642.6,1583.21,167.0
99,19,1401.88,642.56,1583.55,166.0
99,20,1398.14,642.38,1580.21,165.0
99,21,1401.16,642.46,1589.27,164.0
99,22,1404.0,642.19,1586.16,163.0
99,23,1405.54,642.26,1583.33,162.0
99,24,1401.38,642.16,1581.29,161.0
99,25,1394.99,642.1,1589.73,160.0
99,26,1398.46,642.18,1591.84,159.0
99,27,1401.83,642.5,1587.57,158.0
99,28,1392.53,642.21,1582.97,157.0
99,29,1399.51,642.15,1594.17,156.0
99,30,1402.89,642.1,1586.84,155.0
99,31,1400.89,642.81,1580.48,154.0
99,32,1401.43,642.29,1581.47,153.0
99,33,1406.07,642.7,1584.69,152.0
99,34,1398.13,642.43,1587.55,151.0
99,35,1399.51,642.67,1582.74,150.0
99,36,1403.9,641.75,1582.24,149.0
99,37,1400.86,642.38,1583.16,148.0
99,38,1408.46,642.13,1584.93,147.0
99,39,1399.6,642.26,1582.63,146.0
99,40,1400.82,642.02,1589.95,145.0
99,41,1402.1,641.88,1588.07,144.0
99,42,1409.67,642.26,1586.81,143.0
99,43,1395.34,642.08,1583.88,142.0
99,44,1404.9,642.73,1581.72,141.0
99,45,1402.87,642.33,1586.14,140.0
99,46,1406.86,642.57,1591.82,139.0
99,47,1398.52,642.13,1586.01,138.0
99,48,1404.46,642.26,1584.55,137.0
99,49,1403.95,642.68,1584.27,136.0
99,50,1400.68,641.88,1591.72,135.0
99,51,1403.08,642.63,1591.75,134.0
99,52,1397.35,641.95,1588.5,133.0
99,53,1402.1,642.77,1587.76,132.0
99,54,1400.29,641.99,1589.97,131.0
99,55,1397.43,642.44,1586.52,130.0
99,56,1400.65,642.09,1590.09,129.0
99,57,1401.42,642.07,1587.02,128.0
99,58,1397.79,642.76,1589.86,127.0
99,59,1410.52,642.19,1588.61,126.0
99,60,1402.31,642.16,1586.33,125.0
99,61,1399.36,642.26,1584.33,124.0
99,62,1398.57,642.42,1599.53,123.0
99,63,1393.6,642.28,1580.25,122.0
99,64,1395.95,641.8,1577.12,121.0
99,65,1406.99,642.44,1589.66,120.0
99,66,1398.55,642.81,1592.3,119.0
99,67,1402.83,642.5,1583.06,118.0
99,68,1399.98,642.79,1591.76,117.0
99,69,1403.94,642.23,1583.23,116.0
99,70,1396.42,642.64,1585.1,115.0
99,71,1405.04,642.21,1588.34,114.0
99,72,1404.94,642.15,1590.18,113.0
99,73,1403.5,642.13,1590.01,112.0
99,74,1406.32,642.56,1586.01,111.0
99,75,1403.68,642.14,1586.56,110.0
99,76,1399.15,641.72,1590.66,109.0
99,77,1401.42,642.01,1588.38,108.0
99,78,1399.74,642.45,1588.97,107.0
99,79,1402.84,642.22,1586.26,106.0
99,80,1405.68,642.66,1584.48,105.0
99,81,1404.45,642.46,1585.62,104.0
99,82,1401.18,642.39,1589.81,103.0
99,83,1403.33,642.03,1586.95,102.0
99,84,1406.72,642.6,1587.84,101.0
99,85,1416.6,642.83,1596.34,100.0
99,86,1403.88,642.57,1590.87,99.0
99,87,1400.87,642.1,1583.11,98.0
99,88,1407.61,642.15,1586.41,97.0
99,89,1398.89,642.54,1580.09,96.0
99,90,1403.56,642.51,1590.24,95.0
99,91,1400.7,642.77,1589.57,94.0
99,92,1403.9,642.56,1580.68,93.0
99,93,1402.97,642.55,1589.25,92.0
99,94,1402.43,643.22,1591.12,91.0
99,95,1401.97,642.23,1591.63,90.0
99,96,1406.14,642.51,1596.06,89.0
99,97,1399.62,642.56,1584.88,88.0
99,98,1409.28,642.42,1591.57,87.0
99,99,1412.48,642.73,1585.3,86.0
99,100,1407.6,642.15,1591.06,85.0
99,101,1402.33,642.33,1588.88,84.0
99,102,1404.95,643.0,1592.56,83.0
99,103,1408.0,642.22,1584.21,82.0
99,104,1406.4,642.76,1585.59,81.0
99,105,1413.3,642.26,1590.99,80.0
99,106,1403.25,642.52,1594.67,79.0
99,107,1404.87,642.63,1584.12,78.0
99,108,1400.47,642.43,1586.46,77.0
99,109,1410.12,642.49,1585.56,76.0
99,110,1410.84,642.51,1591.79,75.0
99,111,1410.1,642.76,1593.84,74.0
99,112,1411.06,642.45,1589.53,73.0
99,113,1402.66,643.2,1590.71,72.0
99,114,1404.81,643.2,1585.4,71.0
99,115,1408.43,642.49,1589.41,70.0
99,116,1404.82,642.41,1594.89,69.0
99,117,1404.82,642.27,1592.28,68.0
99,118,1407.97,642.24,1583.29,67.0
99,119,1409.06,642.81,1587.63,66.0
99,120,1396.96,641.98,1592.68,65.0
99,121,1407.89,642.61,1591.59,64.0
99,122,1403.28,642.52,1587.8,63.0
99,123,1409.76,642.57,1592.45,62.0
99,124,1410.71,642.54,1585.3,61.0
99,125,1412.87,643.0,1592.82,60.0
99,126,1410.82,642.88,1589.06,59.0
99,127,1409.56,642.76,1592.09,58.0
99,128,1414.18,642.66,1586.95,57.0
99,129,1408.14,642.48,1590.45,56.0
99,130,1407.25,643.04,1587.66,55.0
99,131,1414.63,643.03,1591.33,54.0
99,132,1421.31,642.63,1589.21,53.0
99,133,1415.53,643.3,1595.48,52.0
99,134,1408.22,642.18,1584.97,51.0
99,135,1414.14,642.7,1593.27,50.0
99,136,1415.75,642.9,1588.16,49.0
99,137,1420.92,642.55,1587.37,48.0
99,138,1414.33,642.74,1591.33,47.0
99,139,1405.81,642.55,1592.34,46.0
99,140,1409.95,642.93,1595.86,45.0
99,141,1412.81,642.79,1593.26,44.0
99,142,1410.71,642.61,1592.68,43.0
99,143,1412.67,642.71,1592.74,42.0
99,144,1417.14,643.05,1591.17,41.0
99,145,1411.67,642.99,1588.93,40.0
99,146,1415.07,642.76,1589.84,39.0
99,147,1418.73,642.75,1593.61,38.0
99,148,1413.67,642.34,1588.7,37.0
99,149,1408.22,643.31,1594.62,36.0
99,150,1413.24,643.04,1587.67,35.0
99,151,1412.51,642.46,1593.87,34.0
99,152,1413.5,642.99,1596.35,33.0
99,153,1413.79,643.67,1593.08,32.0
99,154,1406.34,643.34,1595.65,31.0
99,155,1410.65,642.79,1591.83,30.0
99,156,1418.76,642.7,1595.69,29.0
99,157,1411.48,643.21,1593.98,28.0
99,158,1419.16,642.98,1586.36,27.0
99,159,1423.07,643.58,1589.34,26.0
99,160,1420.74,643.03,1589.34,25.0
99,161,1423.85,642.73,1595.02,24.0
99,162,1421.55,643.03,1592.73,23.0
99,163,1423.21,643.32,1602.25,22.0
99,164,1418.84,643.19,1587.96,21.0
99,165,1411.23,643.35,1594.52,20.0
99,166,1416.34,642.94,1594.5,19.0
99,167,1414.56,643.32,1596.06,18.0
99,168,1419.05,643.29,1594.27,17.0
99,169,1412.04,643.18,1601.47,16.0
99,170,1425.74,643.13,1598.69,15.0
99,171,1424.06,643.28,1597.62,14.0
99,172,1424.56,643.2,1601.71,13.0
99,173,1420.66,643.94,1593.05,12.0
99,174,1422.01,643.6,1597.44,11.0
99,175,1423.7,643.85,1598.4,10.0
99,176,1420.93,643.44,1595.16,9.0
99,177,1429.64,643.69,1592.46,8.0
99,178,1427.84,643.65,1603.89,7.0
99,179,1430.96,643.27,1598.04,6.0
99,180,1428.75,643.35,1616.91,5.0
99,181,1428.03,643.72,1600.39,4.0
99,182,1430.32,643.52,1605.33,3.0
99,183,1427.9,643.96,1606.95,2.0
99,184,1436.54,644.1,1600.2,1.0
99,185,1421.56,643.93,1598.42,0.0
100,1,1404.52,642.25,1596.57,199.0
100,2,1397.4,642.37,1589.43,198.0
100,3,1397.71,643.13,1588.55,197.0
100,4,1397.93,642.33,1588.13,196.0
100,5,1400.6,641.9,1590.02,195.0
100,6,1403.2,642.19,1588.84,194.0
100,7,1397.64,642.88,1590.24,193.0
100,8,1405.63,642.76,1585.19,192.0
100,9,1405.23,642.36,1586.99,191.0
100,10,1408.18,642.4,1589.51,190.0
100,11,1403.69,642.38,1587.75,189.0
100,12,1406.55,642.82,1584.34,188.0
100,13,1397.0,642.39,1587.66,187.0
100,14,1404.71,642.2,1591.53,186.0
100,15,1406.16,642.89,1584.27,185.0
100,16,1402.02,641.85,1585.17,184.0
100,17,1402.42,641.93,1589.53,183.0
100,18,1401.1,642.68,1587.3,182.0
100,19,1401.32,641.76,1584.41,181.0
100,20,1403.74,642.25,1589.1,180.0
100,21,1400.04,643.12,1592.96,179.0
100,22,1408.27,641.97,1584.66,178.0
100,23,1408.06,642.36,1585.63,177.0
100,24,1399.26,642.39,1582.67,176.0
100,25,1404.26,642.8,1591.79,175.0
100,26,1409.27,642.37,1593.05,174.0
100,27,1405.48,642.5,1587.63,173.0
100,28,1404.55,642.5,1586.03,172.0
100,29,1410.27,642.64,1587.14,171.0
100,30,1398.54,642.4,1586.59,170.0
100,31,1402.83,642.49,1589.08,169.0
100,32,1402.16,642.83,1591.57,168.0
100,33,1400.43,642.08,1586.01,167.0
100,34,1403.31,642.68,1584.24,166.0
100,35,1408.75,642.34,1588.33,165.0
100,36,1404.27,642.1,1589.13,164.0
100,37,1402.96,642.35,1584.41,163.0
100,38,1397.88,642.09,1591.0,162.0
100,39,1410.99,641.96,1584.63,161.0
100,40,1409.9,642.55,1586.92,160.0
100,41,1396.0,642.52,1590.51,159.0
100,42,1406.24,641.65,1593.0,158.0
100,43,1397.11,642.8,1587.73,157.0
100,44,1399.12,642.34,1593.33,156.0
100,45,1403.01,642.11,1595.56,155.0
100,46,1407.74,641.89,1590.41,154.0
100,47,1400.46,642.4,1589.47,153.0
100,48,1407.74,642.22,1593.61,152.0
100,49,1407.65,642.71,1587.37,151.0
100,50,1403.28,642.47,1584.2,150.0
100,51,1411.15,642.61,1586.94,149.0
100,52,1404.65,642.89,1588.31,148.0
100,53,1400.06,642.46,1587.91,147.0
100,54,1401.73,642.56,1588.37,146.0
100,55,1404.22,642.32,1587.76,145.0
100,56,1403.78,642.68,1579.42,144.0
100,57,1397.21,642.7,1591.41,143.0
100,58,1403.22,642.81,1583.0,142.0
100,59,1406.87,642.44,1592.61,141.0
100,60,1410.68,643.01,1593.27,140.0
100,61,1404.25,642.22,1590.65,139.0
100,62,1411.47,642.83,1584.5,138.0
100,63,1409.0,642.28,1583.2,137.0
100,64,1409.97,641.92,1587.59,136.0
100,65,1410.59,642.5,1593.72,135.0
100,66,1407.63,642.66,1591.48,134.0
100,67,1409.41,642.95,1582.47,133.0
100,68,1404.67,642.79,1590.2,132.0
100,69,1415.27,642.55,1587.13,131.0
100,70,1410.26,642.0,1586.98,130.0
100,71,1406.45,642.38,1583.54,129.0
100,72,1410.46,642.42,1588.02,128.0
100,73,1408.64,642.4,1587.35,127.0
100,74,1399.46,642.19,1586.92,126.0
100,75,1407.71,642.7,1593.66,125.0
100,76,1412.76,642.55,1586.38,124.0
100,77,1408.87,642.68,1586.45,123.0
100,78,1405.75,642.31,1587.27,122.0
100,79,1399.94,642.82,1592.63,121.0
100,80,1405.64,641.8,1590.87,120.0
100,81,1403.38,642.91,1591.13,119.0
100,82,1404.68,642.64,1587.28,118.0
100,83,1411.11,642.23,1593.53,117.0
100,84,1407.46,642.24,1593.81,116.0
100,85,1412.81,642.26,1592.0,115.0
100,86,1406.27,643.21,1594.06,114.0
100,87,1402.2,642.26,1590.8,113.0
100,88,1404.73,642.97,1592.72,112.0
100,89,1402.37,642.54,1591.42,111.0
100,90,1410.9,642.37,1594.18,110.0
100,91,1406.11,642.87,1583.41,109.0
100,92,1405.16,642.86,1587.74,108.0
100,93,1415.6,642.63,1591.57,107.0
100,94,1404.38,642.88,1589.58,106.0
100,95,1405.42,642.64,1588.7,105.0
100,96,1410.85,642.92,1580.58,104.0
100,97,1405.88,642.54,1594.51,103.0
100,98,1404.17,642.79,1589.34,102.0
100,99,1405.84,642.95,1594.81,101.0
100,100,1404.4,642.35,1594.59,100.0
100,101,1415.4,642.19,1585.58,99.0
100,102,1401.05,642.81,1587.36,98.0
100,103,1405.28,642.7,1588.14,97.0
100,104,1405.65,642.25,1584.94,96.0
100,105,1407.18,642.51,1588.76,95.0
100,106,1406.61,642.41,1592.35,94.0
100,107,1404.62,642.17,1586.39,93.0
100,108,1404.27,642.11,1595.71,92.0
100,109,1406.13,642.23,1594.45,91.0
100,110,1406.25,643.37,1587.51,90.0
100,111,1410.89,643.12,1585.29,89.0
100,112,1399.33,642.88,1588.53,88.0
100,113,1411.93,642.91,1585.4,87.0
100,114,1408.96,642.77,1589.75,86.0
100,115,1410.42,643.23,1593.19,85.0
100,116,1407.75,642.36,1591.22,84.0
100,117,1412.0,642.77,1590.85,83.0
100,118,1405.31,642.21,1586.56,82.0
100,119,1405.24,642.57,1588.46,81.0
100,120,1407.57,642.66,1588.09,80.0
100,121,1408.18,642.82,1595.0,79.0
100,122,1409.35,642.09,1595.79,78.0
100,123,1406.45,643.57,1585.7,77.0
100,124,1411.26,642.83,1593.15,76.0
100,125,1408.02,642.91,1585.48,75.0
100,126,1411.89,642.79,1596.77,74.0
100,127,1410.21,642.65,1589.32,73.0
100,128,1415.34,643.19,1592.88,72.0
100,129,1410.71,642.47,1587.63,71.0
100,130,1405.59,642.51,1590.18,70.0
100,131,1411.33,643.61,1594.07,69.0
100,132,1411.12,643.02,1593.41,68.0
100,133,1411.94,642.53,1591.15,67.0
100,134,1411.99,643.12,1603.18,66.0
100,135,1414.95,643.44,1589.27,65.0
100,136,1410.87,642.82,1599.46,64.0
100,137,1409.19,642.7,1591.19,63.0
100,138,1404.92,642.83,1587.62,62.0
100,139,1408.67,642.86,1596.71,61.0
100,140,1414.0,642.41,1597.2,60.0
100,141,1415.16,642.86,1589.13,59.0
100,142,1410.49,642.81,1590.02,58.0
100,143,1413.06,642.83,1588.03,57.0
100,144,1409.35,642.8,1598.73,56.0
100,145,1408.33,643.41,1593.38,55.0
100,146,1412.87,642.77,1597.53,54.0
100,147,1419.67,643.19,1598.86,53.0
100,148,1413.27,642.73,1589.99,52.0
100,149,1426.01,643.01,1596.05,51.0
100,150,1411.04,642.43,1601.62,50.0
100,151,1418.1,642.67,1586.29,49.0
100,152,1410.88,643.14,1598.52,48.0
100,153,1411.08,642.87,1594.54,47.0
100,154,1412.94,642.99,1597.59,46.0
100,155,1420.62,642.81,1593.42,45.0
100,156,1413.23,643.04,1592.9,44.0
100,157,1417.47,643.17,1595.25,43.0
100,158,1408.43,643.47,1595.56,42.0
100,159,1424.49,643.33,1594.51,41.0
100,160,1416.23,643.15,1597.87,40.0
100,161,1414.97,642.92,1594.62,39.0
100,162,1410.76,642.97,1594.75,38.0
100,163,1412.89,643.34,1593.58,37.0
100,164,1425.39,642.9,1593.06,36.0
100,165,1417.44,643.23,1599.78,35.0
100,166,1419.21,643.2,1597.24,34.0
100,167,1416.92,643.57,1596.86,33.0
100,168,1423.07,642.97,1593.42,32.0
100,169,1425.93,642.85,1593.42,31.0
100,170,1427.68,642.71,1593.42,30.0
100,171,1420.48,643.05,1593.56,29.0
100,172,1424.93,642.97,1602.35,28.0
100,173,1418.63,643.4,1595.53,27.0
100,174,1425.52,642.91,1602.24,26.0
100,175,1416.24,642.85,1602.03,25.0
100,176,1421.4,643.33,1601.44,24.0
100,177,1418.91,643.34,1593.22,23.0
100,178,1422.69,642.98,1594.8,22.0
100,179,1423.94,643.22,1599.36,21.0
100,180,1416.45,643.64,1595.98,20.0
100,181,1414.63,643.25,1597.83,19.0
100,182,1417.73,643.52,1604.31,18.0
100,183,1427.27,643.34,1594.6,17.0
100,184,1420.89,642.91,1598.88,16.0
100,185,1420.34,643.95,1600.81,15.0
100,186,1425.32,643.61,1593.55,14.0
100,187,1421.49,643.63,1596.96,13.0
100,188,1426.57,643.19,1597.77,12.0
100,189,1423.15,643.69,1599.85,11.0
100,190,1426.04,643.12,1594.45,10.0
100,191,1427.19,643.69,1610.87,9.0
100,192,1419.48,643.53,1601.23,8.0
100,193,1428.93,643.09,1599.81,7.0
100,194,1427.41,643.72,1597.29,6.0
100,195,1431.9,643.41,1600.04,5.0
100,196,1428.63,643.49,1597.98,4.0
100,197,1433.58,643.54,1604.5,3.0
100,198,1428.18,643.42,1602.46,2.0
100,199,1426.53,643.23,1605.26,1.0
100,200,1432.14,643.85,1600.38,0.0
